Longitude,Latitude,class
109.1894592,24.78878569,10
109.189549,24.78878569,10
108.8769353,24.55019315,10
108.9240969,24.50509772,10
108.8734319,24.50006715,10
108.8733421,24.49997732,10
108.8734319,24.49997732,10
108.9304749,24.48910771,10
108.886727,24.44086818,10
108.8868168,24.44086818,10
108.8865473,24.44050885,10
108.8866371,24.44050885,10
108.886727,24.44050885,10
108.886727,24.44041902,10
108.8868168,24.44041902,10
108.8869066,24.44041902,10
108.8842117,24.4378139,10
108.8842117,24.43772407,10
108.5256941,24.3320822,10
108.5607283,24.31627185,10
108.5607283,24.31618202,10
108.5225499,24.3084565,10
108.6668194,24.0998677,10
108.6669092,24.0998677,10
108.666999,24.0998677,10
108.6670889,24.0998677,10
108.6668194,24.09977786,10
108.6669092,24.09977786,10
108.666999,24.09977786,10
108.666999,24.09968803,10
108.666999,24.0995982,10
108.6453496,24.01937865,10
108.6454395,24.01928881,10
108.6454395,24.01919898,10
108.6453496,24.01857016,10
109.2264698,24.00716156,10
108.429215,23.99799874,10
108.429215,23.99790891,10
109.2695889,23.98263755,10
109.4168228,23.9551491,10
109.2858484,23.95505927,10
109.2851298,23.95469995,10
109.2852196,23.95469995,10
109.3153132,23.93071493,10
109.3153132,23.9306251,10
109.3153132,23.93053526,10
109.3153132,23.93044543,10
109.0590238,23.88463135,10
109.0588442,23.88454152,10
109.058934,23.88454152,10
109.0590238,23.88454152,10
109.0587543,23.88445169,10
109.0588442,23.88445169,10
109.058934,23.88445169,10
109.0590238,23.88445169,10
109.094148,23.86729387,10
109.0942378,23.86729387,10
109.0824699,23.86657522,10
109.0877699,23.86585656,10
109.0877699,23.86576673,10
109.0878598,23.86576673,10
109.0675578,23.86495825,10
109.0671985,23.86459892,10
109.0671985,23.86450909,10
109.0654019,23.85893954,10
109.0693545,23.85552594,10
109.069085,23.85543611,10
109.0691748,23.85543611,10
109.0702528,23.85453779,10
109.0989989,23.85444796,10
109.0990887,23.85444796,10
109.0989989,23.85435813,10
109.0990887,23.85435813,10
109.0985497,23.85390897,10
109.0985497,23.85381914,10
109.1105871,23.85013605,10
109.0565984,23.85004621,10
109.1105871,23.85004621,10
109.0681867,23.84923773,10
109.0964836,23.84815975,10
109.0881293,23.8377393,10
109.0963039,23.83270873,10
109.2669838,23.82660019,10
109.1249602,23.82130013,10
109.12505,23.82130013,10
109.1251398,23.82130013,10
109.1063651,23.81644922,10
109.1307094,23.81420343,10
109.1306196,23.8141136,10
109.1307094,23.8141136,10
109.1077125,23.81141866,10
109.1078024,23.81141866,10
108.8201618,23.81132883,10
108.8202516,23.81132883,10
109.1071735,23.81123899,10
109.1125634,23.80791523,10
109.1155279,23.80665759,10
109.1779608,23.80539994,10
109.1779608,23.80531011,10
109.1103176,23.80081854,10
109.1103176,23.80072871,10
108.8341755,23.79677612,10
108.8342654,23.79677612,10
108.8341755,23.79668629,10
108.8342654,23.79668629,10
108.833367,23.79632696,10
109.1115753,23.79533881,10
108.8718149,23.79228454,10
108.8719048,23.79228454,10
108.8718149,23.79219471,10
108.8719048,23.79219471,10
108.8718149,23.79210488,10
108.8807083,23.79156589,10
108.8807981,23.79156589,10
108.8777438,23.78914044,10
108.8775642,23.78896078,10
108.8884338,23.78725398,10
108.8883439,23.78716414,10
108.8501655,23.78473869,10
108.8502554,23.78473869,10
108.8503452,23.78473869,10
108.8501655,23.78464886,10
108.8502554,23.78464886,10
108.8503452,23.78464886,10
108.8498062,23.78455903,10
108.849896,23.78455903,10
108.8499859,23.78455903,10
108.8500757,23.78455903,10
108.8501655,23.78455903,10
108.8498062,23.7844692,10
108.8501655,23.7844692,10
109.0880394,23.78213358,10
109.0881293,23.78213358,10
109.0882191,23.78213358,10
109.0883089,23.78213358,10
109.0883987,23.78213358,10
109.0880394,23.78204375,10
109.0881293,23.78204375,10
109.0882191,23.78204375,10
109.0934293,23.78123526,10
109.0935191,23.78123526,10
109.093609,23.78123526,10
109.0936988,23.78123526,10
109.0934293,23.78114543,10
109.0935191,23.78114543,10
109.093609,23.78114543,10
109.1156177,23.77898948,10
109.1156177,23.77889964,10
109.1075329,23.77674369,10
108.9028966,23.77494706,10
109.1132821,23.76910801,10
109.114899,23.76874868,10
109.1149889,23.76874868,10
109.114899,23.76865885,10
109.1149889,23.76865885,10
109.1089702,23.76578424,10
109.10906,23.76578424,10
109.1125634,23.76578424,10
109.1088803,23.76569441,10
109.1089702,23.76569441,10
109.10906,23.76569441,10
109.1094193,23.76569441,10
109.1125634,23.76569441,10
109.1088803,23.76560458,10
109.1089702,23.76560458,10
109.10906,23.76560458,10
109.1088803,23.76551475,10
109.1089702,23.76551475,10
109.10906,23.76551475,10
109.108521,23.76497576,10
109.1087007,23.76479609,10
109.1087007,23.76470626,10
108.8927457,23.76389778,10
108.8928355,23.76389778,10
109.1152584,23.75931637,10
109.1153482,23.75931637,10
109.110138,23.75922654,10
109.114899,23.75922654,10
109.1149889,23.75922654,10
109.1150787,23.75922654,10
109.1151685,23.75922654,10
109.1152584,23.75922654,10
109.1153482,23.75922654,10
109.115438,23.75922654,10
109.110138,23.75913671,10
109.114899,23.75913671,10
109.1149889,23.75913671,10
109.1150787,23.75913671,10
109.1151685,23.75913671,10
109.1152584,23.75913671,10
109.1153482,23.75913671,10
109.115438,23.75913671,10
109.1150787,23.75904688,10
109.1151685,23.75904688,10
109.1152584,23.75904688,10
109.1153482,23.75904688,10
109.115438,23.75904688,10
109.1152584,23.75895704,10
109.1153482,23.75895704,10
109.115438,23.75895704,10
109.1152584,23.75886721,10
109.1153482,23.75886721,10
109.115438,23.75886721,10
109.364451,23.75698075,10
109.364451,23.75689092,10
109.364451,23.75680109,10
109.364451,23.75671126,10
109.364451,23.75662143,10
108.8902304,23.75365698,10
108.8901406,23.75356715,10
108.8904999,23.75356715,10
108.8905897,23.75356715,10
108.894722,23.75356715,10
108.8948118,23.75356715,10
108.8949016,23.75356715,10
108.8949915,23.75356715,10
108.8950813,23.75356715,10
108.8901406,23.75347732,10
108.8904999,23.75347732,10
108.8905897,23.75347732,10
108.8906796,23.75347732,10
108.894722,23.75347732,10
108.8948118,23.75347732,10
108.8949016,23.75347732,10
108.8949915,23.75347732,10
108.8950813,23.75347732,10
109.0837275,23.75347732,10
109.0838173,23.75347732,10
109.0839072,23.75347732,10
109.0837275,23.75338749,10
109.0838173,23.75338749,10
109.0839072,23.75338749,10
109.0837275,23.75329766,10
109.0838173,23.75329766,10
109.0839072,23.75329766,10
109.0835478,23.75302816,10
108.8913084,23.75150103,10
109.4752133,23.74808743,10
109.0828292,23.7477281,10
109.4811422,23.74548232,10
109.4845558,23.74332636,10
109.4845558,23.74323653,10
108.7172149,23.73613984,10
108.7173047,23.73613984,10
108.7172149,23.73605,10
108.7173047,23.73605,10
108.7173945,23.73605,10
108.7174844,23.73605,10
108.7172149,23.73596017,10
108.7173047,23.73596017,10
108.7173945,23.73596017,10
108.7174844,23.73596017,10
108.7175742,23.73596017,10
108.7173945,23.73587034,10
108.7174844,23.73587034,10
108.7173945,23.73578051,10
108.7174844,23.73578051,10
108.7173945,23.73569068,10
108.7162267,23.73515169,10
108.7210776,23.72527022,10
108.7209878,23.72518039,10
108.7210776,23.72518039,10
108.7263777,23.7197905,10
108.7264675,23.7197905,10
108.7263777,23.71970067,10
108.7279947,23.71520909,10
108.7280845,23.71520909,10
108.7279947,23.71511926,10
108.7280845,23.71511926,10
108.7281743,23.71511926,10
108.7282641,23.71511926,10
108.7280845,23.71502943,10
108.7281743,23.71502943,10
108.7282641,23.71502943,10
109.3424423,23.71251414,10
108.961916,23.70613611,10
108.9620058,23.70613611,10
108.8677725,23.70272251,10
108.9849128,23.69859026,10
108.9850027,23.69859026,10
108.8617538,23.69751228,10
108.8617538,23.69742245,10
108.9863501,23.69715295,10
108.98644,23.69715295,10
108.9862603,23.69706312,10
108.9863501,23.69706312,10
108.98644,23.69706312,10
108.9861705,23.69697329,10
108.9862603,23.69697329,10
108.9863501,23.69697329,10
108.98644,23.69697329,10
108.98644,23.69688346,10
108.985362,23.6967038,10
108.9854518,23.6967038,10
108.985362,23.69661396,10
108.9854518,23.69661396,10
108.9855416,23.69661396,10
108.9856315,23.69661396,10
108.9857213,23.69661396,10
108.985362,23.69652413,10
108.9854518,23.69652413,10
108.9855416,23.69652413,10
108.9856315,23.69652413,10
108.9857213,23.69652413,10
108.985362,23.6964343,10
108.9854518,23.6964343,10
108.9855416,23.6964343,10
108.9856315,23.6964343,10
108.9857213,23.6964343,10
108.9858111,23.6964343,10
108.985901,23.6964343,10
108.985362,23.69634447,10
108.9854518,23.69634447,10
108.9855416,23.69634447,10
108.9856315,23.69634447,10
108.9857213,23.69634447,10
108.9858111,23.69634447,10
108.985901,23.69634447,10
108.985362,23.69625464,10
108.9854518,23.69625464,10
108.9855416,23.69625464,10
108.9856315,23.69625464,10
108.9857213,23.69625464,10
108.9858111,23.69625464,10
108.985901,23.69625464,10
108.9851823,23.69616481,10
108.9852722,23.69616481,10
108.985362,23.69616481,10
108.9854518,23.69616481,10
108.9858111,23.69616481,10
108.985901,23.69616481,10
108.9859908,23.69616481,10
108.9860806,23.69616481,10
108.9861705,23.69616481,10
108.9862603,23.69616481,10
108.9863501,23.69616481,10
108.98644,23.69616481,10
108.9852722,23.69607497,10
108.9858111,23.69607497,10
108.985901,23.69607497,10
108.9859908,23.69607497,10
108.9860806,23.69607497,10
108.9861705,23.69607497,10
108.9862603,23.69607497,10
108.9863501,23.69607497,10
108.98644,23.69607497,10
108.9664974,23.69553599,10
108.9855416,23.69553599,10
108.9664974,23.69544615,10
108.9664974,23.69535632,10
108.9664974,23.69526649,10
108.9681143,23.69418851,10
108.9682042,23.69418851,10
108.9758398,23.69382919,10
108.9759297,23.69382919,10
108.9777263,23.69382919,10
108.9758398,23.69373936,10
108.9759297,23.69373936,10
108.9777263,23.69373936,10
108.9851823,23.69373936,10
108.985362,23.69364952,10
108.985362,23.69355969,10
108.985362,23.69346986,10
108.9797026,23.69311053,10
108.9700906,23.6930207,10
108.9701805,23.6930207,10
108.9702703,23.6930207,10
108.9797026,23.6930207,10
108.9749415,23.69257155,10
108.9748517,23.69248171,10
108.9749415,23.69248171,10
108.9748517,23.69194272,10
108.974672,23.69167323,10
108.9747619,23.69167323,10
108.9696415,23.6915834,10
108.9697313,23.6915834,10
108.974672,23.6915834,10
108.9747619,23.6915834,10
108.9690126,23.69149357,10
108.9696415,23.69149357,10
108.9697313,23.69149357,10
108.974672,23.69149357,10
108.9747619,23.69149357,10
108.9690126,23.69140374,10
108.9691025,23.69140374,10
108.974672,23.69140374,10
108.9747619,23.69140374,10
108.9748517,23.69140374,10
108.9749415,23.69140374,10
108.9750314,23.69140374,10
108.9690126,23.6913139,10
108.9854518,23.69104441,10
108.9855416,23.69104441,10
108.9857213,23.69086475,10
108.9858111,23.69086475,10
108.9692821,23.69077491,10
108.9713483,23.69077491,10
108.9858111,23.69077491,10
108.985901,23.69077491,10
108.9697313,23.69068508,10
108.9696415,23.69059525,10
108.9697313,23.69059525,10
108.9695516,23.69050542,10
108.9696415,23.69050542,10
108.9697313,23.69050542,10
108.9695516,23.69041559,10
108.9696415,23.69041559,10
108.9697313,23.69041559,10
108.9695516,23.69032576,10
108.9696415,23.69032576,10
108.9697313,23.69032576,10
108.9703601,23.69032576,10
108.97045,23.69032576,10
108.9695516,23.69023593,10
108.9696415,23.69023593,10
108.9697313,23.69023593,10
108.9695516,23.69014609,10
108.9754805,23.68996643,10
108.9755703,23.68996643,10
108.9754805,23.6898766,10
108.9754805,23.68978677,10
108.98644,23.68978677,10
108.98644,23.68969694,10
108.9748517,23.68951727,10
108.9749415,23.68951727,10
108.9750314,23.68951727,10
108.9772771,23.68951727,10
108.9748517,23.68942744,10
108.9749415,23.68942744,10
108.9750314,23.68942744,10
108.9771873,23.68942744,10
108.9480819,23.68385789,10
108.9480819,23.68376806,10
108.9478124,23.68349856,10
108.9606583,23.67541372,10
108.9607481,23.67541372,10
108.9616465,23.6730781,10
108.9617363,23.6730781,10
108.9616465,23.67298827,10
108.9611973,23.67280861,10
108.9612871,23.67280861,10
108.961377,23.67280861,10
108.9611973,23.67271878,10
108.9617363,23.67271878,10
108.9611973,23.67262895,10
108.9611973,23.67253911,10
108.9611973,23.67244928,10
108.7211675,23.67173063,10
108.7211675,23.6716408,10
108.7212573,23.6716408,10
108.7213471,23.6716408,10
108.721437,23.6716408,10
108.7215268,23.67155097,10
108.7216166,23.67155097,10
108.7217064,23.67155097,10
108.7217963,23.67155097,10
108.7217963,23.67146114,10
108.9618261,23.67128147,10
108.9618261,23.67119164,10
108.7279947,23.67038316,10
108.9565261,23.67011366,10
108.9566159,23.67011366,10
108.9567057,23.67011366,10
108.9567956,23.67011366,10
108.9568854,23.67011366,10
108.9569752,23.67011366,10
108.9570651,23.67011366,10
108.9567057,23.67002383,10
108.9567956,23.67002383,10
108.9568854,23.67002383,10
108.9569752,23.67002383,10
108.9570651,23.67002383,10
108.9567956,23.669934,10
108.9567956,23.66984417,10
108.9567956,23.66975434,10
108.9567956,23.66966451,10
108.7303303,23.66840686,10
108.7303303,23.66831703,10
108.9206833,23.66364579,10
108.9611973,23.66256781,10
108.9612871,23.66256781,10
108.9611973,23.66247798,10
108.9612871,23.66247798,10
109.1077125,23.66247798,10
109.1078024,23.66247798,10
108.9610176,23.66238815,10
108.9611075,23.66238815,10
109.1077125,23.66238815,10
109.1078024,23.66238815,10
108.9610176,23.66229832,10
108.9611075,23.66229832,10
109.1078024,23.66229832,10
108.960838,23.66220849,10
108.9609278,23.66220849,10
108.9610176,23.66220849,10
108.9611075,23.66220849,10
108.960838,23.66211866,10
108.9609278,23.66211866,10
108.9610176,23.66211866,10
108.9611075,23.66211866,10
108.960838,23.66202883,10
108.9609278,23.66202883,10
108.9610176,23.66202883,10
108.960838,23.66193899,10
108.9609278,23.66193899,10
108.9610176,23.66193899,10
108.960838,23.66184916,10
108.9609278,23.66184916,10
108.9610176,23.66184916,10
108.9607481,23.66175933,10
108.960838,23.66175933,10
108.9609278,23.66175933,10
108.9610176,23.66175933,10
108.9611075,23.66175933,10
108.9296664,23.6614,10
108.9296664,23.66131017,10
108.9314631,23.65969321,10
108.9315529,23.65969321,10
108.959221,23.65897455,10
108.9221206,23.6582559,10
108.9221206,23.65816607,10
108.9634431,23.65789658,10
109.1059159,23.65753725,10
108.9706296,23.65699826,10
108.9702703,23.65690843,10
108.9703601,23.65690843,10
108.97045,23.65690843,10
108.9705398,23.65690843,10
108.9702703,23.6568186,10
108.9703601,23.6568186,10
108.97045,23.6568186,10
108.9702703,23.65627961,10
108.9702703,23.65618978,10
108.9703601,23.65618978,10
108.97045,23.65618978,10
108.9732347,23.65475247,10
108.9732347,23.65466264,10
108.9611075,23.65412365,10
108.9611973,23.65412365,10
108.9612871,23.65412365,10
108.9611973,23.65403382,10
108.9612871,23.65403382,10
108.9611973,23.65394399,10
108.9612871,23.65394399,10
108.9611973,23.65385416,10
108.9612871,23.65385416,10
108.9643414,23.65322534,10
108.9620956,23.65304567,10
108.9611075,23.65286601,10
108.9611075,23.65277618,10
108.9612871,23.65268635,10
108.9612871,23.65259652,10
108.9612871,23.65250668,10
108.951765,23.6516982,10
108.9518548,23.6516982,10
108.9519447,23.6516982,10
108.9520345,23.6516982,10
108.9521243,23.6516982,10
108.9522142,23.6516982,10
108.951765,23.65160837,10
108.9518548,23.65160837,10
108.9519447,23.65160837,10
108.9520345,23.65160837,10
108.9521243,23.65160837,10
108.9522142,23.65160837,10
108.952304,23.65160837,10
108.9520345,23.65151854,10
108.9521243,23.65151854,10
108.9522142,23.65151854,10
108.952304,23.65151854,10
108.9520345,23.65142871,10
108.9521243,23.65142871,10
108.9522142,23.65142871,10
108.9521243,23.65133887,10
108.9522142,23.65133887,10
108.9590413,23.64765578,10
108.9591312,23.64765578,10
108.8351637,23.64702696,10
108.977906,23.64424218,10
108.9585024,23.64415235,10
108.977906,23.64415235,10
108.9585024,23.64406252,10
108.977906,23.64406252,10
108.9585024,23.64397269,10
108.9585922,23.64397269,10
108.958682,23.64388286,10
108.958682,23.64379303,10
108.966677,23.64325404,10
108.9667669,23.6431642,10
108.9668567,23.6431642,10
108.9669465,23.6431642,10
109.1440045,23.62582672,10
109.1440943,23.62582672,10
109.1440943,23.62573689,10
109.1441841,23.62573689,10
108.6582854,23.60884856,10
108.6583752,23.60884856,10
108.6584651,23.60884856,10
108.6582854,23.60875873,10
108.6583752,23.60875873,10
108.6584651,23.60875873,10
109.0976514,23.59160091,10
109.291957,23.58082112,10
109.2920468,23.58082112,10
109.2918672,23.58073129,10
109.291957,23.58073129,10
109.2920468,23.58073129,10
109.2916875,23.57336511,10
109.2916875,23.57327528,10
109.3248353,23.57210747,10
109.3248353,23.57201763,10
109.3245658,23.5719278,10
109.3246557,23.5719278,10
109.3247455,23.5719278,10
109.3173793,23.57183797,10
109.3174691,23.57183797,10
109.3246557,23.57183797,10
109.3173793,23.57174814,10
109.3174691,23.57174814,10
109.3171997,23.57165831,10
109.3172895,23.57165831,10
109.3173793,23.57165831,10
109.3174691,23.57165831,10
109.317559,23.57165831,10
109.3171098,23.57156848,10
109.3171997,23.57156848,10
109.3172895,23.57156848,10
109.3173793,23.57156848,10
109.3174691,23.57156848,10
109.317559,23.57156848,10
109.3176488,23.57156848,10
109.3242963,23.57156848,10
109.3243862,23.57156848,10
109.324476,23.57156848,10
109.3245658,23.57156848,10
109.3171997,23.57147864,10
109.3172895,23.57147864,10
109.324476,23.57147864,10
109.3245658,23.57147864,10
109.1882914,23.56950235,10
109.3219607,23.5685142,10
109.3219607,23.56842437,10
109.3040842,23.56186667,10
109.3041741,23.56177684,10
109.3042639,23.56177684,10
109.3043537,23.56177684,10
108.874959,23.54964958,10
108.874959,23.54955975,10
108.874959,23.54946992,10
108.8750489,23.54946992,10
108.8751387,23.54946992,10
108.8752285,23.54946992,10
108.874959,23.54938009,10
108.9213121,23.54578683,10
108.9214019,23.54578683,10
108.9213121,23.545697,10
108.9214019,23.545697,10
108.9213121,23.54560716,10
108.9187968,23.5403071,10
108.9188867,23.5403071,10
108.9187968,23.54021727,10
108.9188867,23.54021727,10
108.9189765,23.54021727,10
108.9111611,23.53940879,10
108.9108018,23.53931896,10
108.9108916,23.53931896,10
108.9108018,23.53922913,10
108.9108916,23.53922913,10
108.9033458,23.53671384,10
108.9037051,23.53599519,10
108.9241867,23.53276126,10
108.9240071,23.53240193,10
108.9240969,23.53240193,10
108.9240071,23.5323121,10
108.9240969,23.5323121,10
108.9240071,23.53222227,10
108.9240969,23.53222227,10
108.9241867,23.53222227,10
108.903256,23.53123412,10
108.903256,23.53114429,10
108.903256,23.53105446,10
108.903256,23.53096463,10
108.9030763,23.53087479,10
108.9030763,23.53078496,10
108.9040645,23.53051547,10
108.9041543,23.53051547,10
108.9042441,23.53051547,10
108.9040645,23.53042564,10
108.9041543,23.53042564,10
108.9042441,23.53042564,10
108.9040645,23.5303358,10
108.9041543,23.5303358,10
108.9042441,23.5303358,10
108.9040645,23.53024597,10
108.9041543,23.53024597,10
108.9042441,23.53024597,10
108.902717,23.53015614,10
108.9028068,23.53015614,10
108.9028966,23.53015614,10
108.9029865,23.53015614,10
108.9040645,23.53015614,10
108.9041543,23.53015614,10
108.9042441,23.53015614,10
108.902717,23.53006631,10
108.9028068,23.53006631,10
108.9038848,23.53006631,10
108.9039746,23.53006631,10
108.9040645,23.53006631,10
108.9041543,23.53006631,10
108.9042441,23.53006631,10
108.9103527,23.52898833,10
108.9103527,23.5288985,10
109.6679019,23.52305945,10
108.9186172,23.51614242,10
108.9186172,23.51605259,10
108.918707,23.51605259,10
108.9184375,23.51596276,10
108.9185273,23.51596276,10
108.902717,23.51569327,10
108.9168205,23.51533394,10
108.9168205,23.51524411,10
108.9051424,23.51506445,10
108.9052323,23.51506445,10
109.6094216,23.51048304,10
109.6094216,23.51039321,10
109.0533645,23.50590163,10
109.0534543,23.50590163,10
109.0535441,23.50590163,10
109.0563289,23.50590163,10
109.0533645,23.5058118,10
109.0534543,23.5058118,10
109.0531848,23.50572197,10
109.0531848,23.50563213,10
109.0542628,23.50464399,10
109.0542628,23.50455416,10
109.0540831,23.50446432,10
109.0541729,23.50446432,10
109.0542628,23.50446432,10
109.0542628,23.50437449,10
109.0542628,23.50428466,10
109.0542628,23.50419483,10
109.0542628,23.504105,10
109.0541729,23.50401517,10
108.9161019,23.49691848,10
109.0504898,23.49575067,10
109.0504898,23.49566083,10
109.0504898,23.495571,10
109.0549814,23.49548117,10
109.0549814,23.49539134,10
109.0548916,23.49485235,10
107.8145877,23.48577937,10
107.8145877,23.48568954,10
107.8145877,23.4855997,10
108.9318224,23.48335392,10
108.9318224,23.48326408,10
108.9319122,23.48326408,10
108.9320021,23.48326408,10
108.9318224,23.48317425,10
108.9319122,23.48317425,10
108.9320021,23.48317425,10
108.9318224,23.48308442,10
108.9318224,23.48299459,10
108.9285885,23.47652672,10
108.9290376,23.47643689,10
108.9291274,23.47643689,10
108.92778,23.47598773,10
108.9278698,23.47598773,10
108.9279596,23.47598773,10
108.9278698,23.4758979,10
108.9279596,23.4758979,10
108.9266122,23.47481992,10
109.0446508,23.47481992,10
108.9260732,23.47464026,10
108.9273308,23.47464026,10
108.9274206,23.47464026,10
108.926163,23.47455043,10
108.9262528,23.47455043,10
108.9263427,23.47455043,10
108.9274206,23.47455043,10
108.9275105,23.47455043,10
108.9253545,23.47446059,10
108.9254444,23.47446059,10
108.9262528,23.47446059,10
108.9275105,23.47446059,10
108.9253545,23.47437076,10
108.9254444,23.47437076,10
108.9262528,23.47437076,10
108.9275105,23.47437076,10
108.9258037,23.47428093,10
108.9258935,23.47428093,10
108.9159222,23.47356228,10
108.8896914,23.4727538,10
108.8894219,23.47239447,10
108.8895117,23.47239447,10
108.8896016,23.47239447,10
108.9188867,23.47149615,10
108.9248155,23.47149615,10
108.9188867,23.47140632,10
108.924546,23.47140632,10
108.9246359,23.47140632,10
108.9247257,23.47140632,10
108.9248155,23.47140632,10
108.9253545,23.47131649,10
108.9253545,23.47122666,10
108.9253545,23.47113683,10
108.9253545,23.471047,10
108.9253545,23.47095716,10
108.9253545,23.47086733,10
108.9253545,23.4707775,10
108.8889728,23.47014868,10
108.8891524,23.47005885,10
108.8891524,23.46996902,10
109.0332422,23.46916053,10
108.9208629,23.46826222,10
108.9205036,23.46817239,10
108.920324,23.46808256,10
108.9204138,23.46808256,10
108.9205036,23.46808256,10
108.920324,23.46799272,10
108.9204138,23.46799272,10
108.9207731,23.46790289,10
108.9211324,23.46790289,10
108.9212223,23.46790289,10
108.9213121,23.46790289,10
108.9214019,23.46790289,10
108.9214918,23.46790289,10
108.9207731,23.46781306,10
108.9211324,23.46781306,10
108.9212223,23.46781306,10
108.9213121,23.46781306,10
108.9214019,23.46781306,10
108.9214918,23.46781306,10
108.9209528,23.46772323,10
108.9210426,23.46772323,10
108.920324,23.4676334,10
108.9204138,23.4676334,10
108.9205036,23.4676334,10
108.9209528,23.4676334,10
108.9235579,23.4676334,10
108.9236477,23.4676334,10
108.9235579,23.46754357,10
108.9236477,23.46754357,10
108.9236477,23.46745374,10
108.9218511,23.46709441,10
108.9199646,23.46628593,10
108.9200545,23.46628593,10
108.9201443,23.46628593,10
108.9200545,23.46619609,10
108.9201443,23.46619609,10
108.9201443,23.46610626,10
108.8923864,23.46601643,10
108.8924762,23.46601643,10
108.892566,23.46601643,10
108.892566,23.4659266,10
108.8926558,23.4659266,10
108.8927457,23.4659266,10
108.892566,23.46583677,10
108.8926558,23.46583677,10
108.8927457,23.46583677,10
108.8928355,23.46583677,10
108.9231087,23.46502828,10
108.9231986,23.46502828,10
108.9232884,23.46502828,10
108.9233782,23.46502828,10
108.9231087,23.46493845,10
108.9231986,23.46493845,10
108.9232884,23.46493845,10
108.9233782,23.46493845,10
108.9233782,23.46484862,10
108.9233782,23.46475879,10
108.9207731,23.46377064,10
108.9207731,23.46368081,10
108.9207731,23.46359098,10
108.9217613,23.46359098,10
108.9218511,23.46359098,10
108.9219409,23.46359098,10
108.9220308,23.46359098,10
108.9221206,23.46359098,10
108.9222104,23.46359098,10
108.9223003,23.46359098,10
108.9207731,23.46350115,10
108.9208629,23.46350115,10
108.9209528,23.46350115,10
108.9215816,23.46350115,10
108.9216714,23.46350115,10
108.9217613,23.46350115,10
108.9218511,23.46350115,10
108.9219409,23.46350115,10
108.9220308,23.46350115,10
108.9221206,23.46350115,10
108.9222104,23.46350115,10
108.9223003,23.46350115,10
108.9207731,23.46341132,10
108.9208629,23.46341132,10
108.9209528,23.46341132,10
108.9216714,23.46341132,10
108.9217613,23.46341132,10
108.9218511,23.46341132,10
108.9219409,23.46341132,10
108.9207731,23.46332148,10
108.9208629,23.46332148,10
108.9209528,23.46332148,10
108.9200545,23.46323165,10
108.9201443,23.46323165,10
108.9205935,23.46323165,10
108.9206833,23.46323165,10
108.9207731,23.46323165,10
108.9208629,23.46323165,10
108.9200545,23.46314182,10
108.9201443,23.46314182,10
108.9205935,23.46314182,10
108.9206833,23.46314182,10
108.9207731,23.46314182,10
108.9208629,23.46314182,10
108.9200545,23.46305199,10
108.9205036,23.46305199,10
108.9199646,23.46296216,10
108.9200545,23.46296216,10
108.9198748,23.46287233,10
108.9199646,23.46287233,10
108.9228392,23.46287233,10
108.9229291,23.46287233,10
108.9198748,23.4627825,10
108.9199646,23.4627825,10
108.9228392,23.4627825,10
108.9229291,23.4627825,10
108.9198748,23.46269266,10
108.9199646,23.46269266,10
108.9228392,23.46269266,10
108.9229291,23.46269266,10
108.9198748,23.46260283,10
108.9199646,23.46260283,10
108.9228392,23.46260283,10
108.9229291,23.46260283,10
108.9196951,23.46242317,10
108.919785,23.46242317,10
108.9196951,23.46233334,10
108.919785,23.46233334,10
108.9225697,23.46179435,10
108.9226596,23.46179435,10
108.9227494,23.46179435,10
108.9225697,23.46170452,10
108.9226596,23.46170452,10
108.9227494,23.46170452,10
108.9225697,23.46161469,10
108.9217613,23.4610757,10
108.891488,23.45882991,10
108.9259833,23.45856041,10
108.9260732,23.45856041,10
108.9259833,23.45847058,10
108.9260732,23.45847058,10
108.9218511,23.45838075,10
108.9259833,23.45838075,10
108.9260732,23.45838075,10
108.9220308,23.45829092,10
108.9221206,23.45829092,10
108.9222104,23.45829092,10
108.9680245,23.45829092,10
108.9223003,23.45820109,10
108.9417937,23.45820109,10
108.9078374,23.45811126,10
108.9418835,23.45811126,10
108.9419734,23.45811126,10
108.9420632,23.45811126,10
108.9223901,23.45802142,10
108.9418835,23.45802142,10
108.9419734,23.45802142,10
108.9420632,23.45802142,10
108.942153,23.45802142,10
108.9284986,23.45793159,10
108.9418835,23.45793159,10
108.9419734,23.45793159,10
108.9420632,23.45793159,10
108.942153,23.45793159,10
108.9226596,23.45784176,10
108.9232884,23.45784176,10
108.9233782,23.45784176,10
108.9234681,23.45784176,10
108.9284986,23.45784176,10
108.9387394,23.45784176,10
108.9388293,23.45784176,10
108.9420632,23.45784176,10
108.942153,23.45784176,10
108.9226596,23.45775193,10
108.9232884,23.45775193,10
108.9233782,23.45775193,10
108.9234681,23.45775193,10
108.9420632,23.45775193,10
108.942153,23.45775193,10
108.9422429,23.45775193,10
108.9226596,23.4576621,10
108.9420632,23.4576621,10
108.942153,23.4576621,10
108.9422429,23.4576621,10
108.9226596,23.45757227,10
108.9223003,23.45748244,10
108.9223901,23.45748244,10
108.9224799,23.45748244,10
108.9225697,23.45748244,10
108.9223003,23.4573926,10
108.9223901,23.4573926,10
108.9237376,23.4573926,10
108.9606583,23.4573926,10
108.9607481,23.4573926,10
108.9223003,23.45730277,10
108.9223901,23.45730277,10
108.9237376,23.45730277,10
108.9223003,23.45721294,10
108.9223901,23.45721294,10
108.9218511,23.45712311,10
108.9219409,23.45712311,10
108.9230189,23.45712311,10
108.9218511,23.45703328,10
108.9219409,23.45703328,10
108.9862603,23.45703328,10
108.9863501,23.45703328,10
108.98644,23.45703328,10
108.9218511,23.45694345,10
108.9219409,23.45694345,10
108.9622753,23.45694345,10
108.9863501,23.45694345,10
108.98644,23.45694345,10
108.9622753,23.45685361,10
108.9468243,23.45649429,10
108.9469141,23.45649429,10
108.9468243,23.45640446,10
108.9469141,23.45640446,10
108.9143052,23.45613496,10
108.9143951,23.45613496,10
108.916012,23.45613496,10
108.9387394,23.45613496,10
108.9545498,23.45613496,10
108.9546396,23.45613496,10
108.9846433,23.45613496,10
108.9143951,23.45604513,10
108.9384699,23.45604513,10
108.9385598,23.45604513,10
108.9386496,23.45604513,10
108.9387394,23.45604513,10
108.9545498,23.45604513,10
108.9546396,23.45604513,10
108.9547294,23.45604513,10
108.9548193,23.45604513,10
108.9549091,23.45604513,10
108.9384699,23.4559553,10
108.9385598,23.4559553,10
108.9386496,23.4559553,10
108.9546396,23.4559553,10
108.9547294,23.4559553,10
108.9548193,23.4559553,10
108.9383801,23.45586547,10
108.9384699,23.45586547,10
108.9385598,23.45586547,10
108.9386496,23.45586547,10
108.9452971,23.45586547,10
108.9546396,23.45586547,10
108.9547294,23.45586547,10
108.9383801,23.45577564,10
108.9384699,23.45577564,10
108.9385598,23.45577564,10
108.9386496,23.45577564,10
108.9451175,23.45577564,10
108.9452073,23.45577564,10
108.9833857,23.45577564,10
108.9834755,23.45577564,10
108.9451175,23.4556858,10
108.9833857,23.4556858,10
108.9834755,23.4556858,10
108.9833857,23.45559597,10
108.9834755,23.45559597,10
108.9128679,23.45550614,10
108.9833857,23.45550614,10
108.9834755,23.45550614,10
108.9139459,23.45541631,10
108.9137663,23.45532648,10
108.9138561,23.45532648,10
108.9138561,23.45523665,10
108.9138561,23.45514682,10
108.9138561,23.45505698,10
108.9139459,23.45505698,10
108.9140358,23.45505698,10
108.9568854,23.45505698,10
108.9569752,23.45505698,10
108.9570651,23.45505698,10
108.9571549,23.45505698,10
108.9572447,23.45505698,10
108.9148442,23.45496715,10
108.9228392,23.45496715,10
108.9572447,23.45496715,10
108.9228392,23.45487732,10
108.9565261,23.45487732,10
108.9572447,23.45487732,10
108.9601193,23.45487732,10
108.9602092,23.45487732,10
108.9220308,23.45478749,10
108.9227494,23.45478749,10
108.9411649,23.45478749,10
108.9412547,23.45478749,10
108.9565261,23.45478749,10
108.9572447,23.45478749,10
108.9601193,23.45478749,10
108.9602092,23.45478749,10
108.960299,23.45478749,10
108.9603888,23.45478749,10
108.9565261,23.45469766,10
108.9572447,23.45469766,10
108.960299,23.45469766,10
108.9603888,23.45469766,10
108.9565261,23.45460783,10
108.9571549,23.45460783,10
108.9572447,23.45460783,10
108.9603888,23.45460783,10
108.9566159,23.45451799,10
108.9567057,23.45451799,10
108.9567956,23.45451799,10
108.9568854,23.45451799,10
108.9569752,23.45451799,10
108.9570651,23.45451799,10
108.9571549,23.45451799,10
108.9572447,23.45451799,10
108.9573345,23.45451799,10
108.9603888,23.45451799,10
108.9124188,23.45442816,10
108.9566159,23.45442816,10
108.9567057,23.45442816,10
108.9567956,23.45442816,10
108.9568854,23.45442816,10
108.9569752,23.45442816,10
108.9570651,23.45442816,10
108.9571549,23.45442816,10
108.9572447,23.45442816,10
108.9124188,23.45433833,10
108.9125086,23.45433833,10
108.9125984,23.45433833,10
108.9569752,23.45433833,10
108.9570651,23.45433833,10
108.9125086,23.4542485,10
108.9125984,23.4542485,10
108.9569752,23.4542485,10
108.9570651,23.4542485,10
108.9903027,23.4542485,10
108.9125086,23.45415867,10
108.9323614,23.45415867,10
108.9324512,23.45415867,10
108.932541,23.45415867,10
108.9326309,23.45415867,10
108.9569752,23.45415867,10
108.9570651,23.45415867,10
108.9585922,23.45415867,10
108.958682,23.45415867,10
108.9606583,23.45415867,10
108.9323614,23.45406884,10
108.9324512,23.45406884,10
108.932541,23.45406884,10
108.9326309,23.45406884,10
108.9585024,23.45406884,10
108.9585024,23.45397901,10
108.9496989,23.45388917,10
108.9496989,23.45379934,10
108.9514955,23.45379934,10
108.9515853,23.45379934,10
108.9814992,23.45379934,10
108.9815891,23.45379934,10
108.9816789,23.45379934,10
108.9817687,23.45379934,10
108.9028966,23.45370951,10
108.9129578,23.45370951,10
108.9161019,23.45370951,10
108.9161917,23.45370951,10
108.9496989,23.45370951,10
108.9514955,23.45370951,10
108.9515853,23.45370951,10
108.9128679,23.45361968,10
108.9129578,23.45361968,10
108.9496989,23.45361968,10
108.9133171,23.45352985,10
108.9134069,23.45352985,10
108.9134968,23.45352985,10
108.9133171,23.45344002,10
108.9167307,23.45344002,10
108.9168205,23.45344002,10
108.9580532,23.45344002,10
108.958143,23.45344002,10
108.9458361,23.45326035,10
108.9459259,23.45326035,10
108.9458361,23.45317052,10
108.9459259,23.45317052,10
108.9113408,23.45308069,10
108.9458361,23.45308069,10
108.9459259,23.45308069,10
108.9460158,23.45308069,10
108.9461056,23.45308069,10
108.9461954,23.45308069,10
108.9462853,23.45308069,10
108.9463751,23.45308069,10
108.9113408,23.45299086,10
108.9114306,23.45299086,10
108.9458361,23.45299086,10
108.9459259,23.45299086,10
108.9460158,23.45299086,10
108.9461056,23.45299086,10
108.9461954,23.45299086,10
108.9462853,23.45299086,10
108.9463751,23.45299086,10
108.9114306,23.45290103,10
108.9458361,23.45290103,10
108.9459259,23.45290103,10
108.9460158,23.45290103,10
108.9461056,23.45290103,10
108.9461954,23.45290103,10
108.9462853,23.45290103,10
108.9463751,23.45290103,10
108.9815891,23.45290103,10
108.9867095,23.45290103,10
108.9115205,23.4528112,10
108.9116103,23.4528112,10
108.9460158,23.4528112,10
108.9461056,23.4528112,10
108.9461954,23.4528112,10
108.9462853,23.4528112,10
108.9463751,23.4528112,10
108.9464649,23.4528112,10
108.9465548,23.4528112,10
108.9466446,23.4528112,10
108.9467344,23.4528112,10
108.9867095,23.4528112,10
108.9461954,23.45272136,10
108.9462853,23.45272136,10
108.9463751,23.45272136,10
108.9461954,23.45263153,10
108.9462853,23.45263153,10
108.9463751,23.45263153,10
108.9082865,23.45182305,10
108.9083764,23.45182305,10
108.9082865,23.45173322,10
108.9083764,23.45173322,10
108.9084662,23.45173322,10
108.908556,23.45173322,10
108.9814992,23.45173322,10
108.9815891,23.45173322,10
108.9941655,23.45173322,10
108.9082865,23.45164339,10
108.9083764,23.45164339,10
108.9941655,23.45164339,10
108.9145747,23.45155355,10
108.9146646,23.45155355,10
108.9548193,23.45155355,10
108.9145747,23.45146372,10
108.9146646,23.45146372,10
108.9230189,23.45146372,10
108.9231087,23.45146372,10
108.9548193,23.45146372,10
108.9814094,23.45137389,10
108.9843738,23.45137389,10
108.9843738,23.45128406,10
108.9023577,23.4511044,10
108.9134069,23.4511044,10
108.902178,23.45101457,10
108.9022678,23.45101457,10
108.9023577,23.45101457,10
108.9100832,23.45101457,10
108.910173,23.45101457,10
108.902178,23.45092473,10
108.9100832,23.45092473,10
108.910173,23.45092473,10
109.5274953,23.4508349,10
109.5275851,23.4508349,10
108.9147544,23.45065524,10
108.9212223,23.45056541,10
108.9213121,23.45056541,10
108.9184375,23.45047558,10
108.9145747,23.45029591,10
108.9146646,23.45029591,10
108.9145747,23.45020608,10
108.9146646,23.45020608,10
108.9147544,23.45020608,10
108.9327207,23.45020608,10
108.9145747,23.45011625,10
108.9146646,23.45011625,10
108.9327207,23.45011625,10
108.9328105,23.45011625,10
108.9145747,23.45002642,10
108.9146646,23.45002642,10
108.9327207,23.45002642,10
108.9326309,23.44993659,10
108.9370326,23.44993659,10
108.9276003,23.4493976,10
108.9173595,23.4491281,10
108.9174493,23.4491281,10
108.9173595,23.44903827,10
108.9174493,23.44903827,10
109.5272258,23.44903827,10
109.5273156,23.44903827,10
109.5274054,23.44903827,10
108.9174493,23.44894844,10
109.5272258,23.44894844,10
109.5272258,23.44885861,10
109.5272258,23.44876878,10
108.9169104,23.44849928,10
108.9170002,23.44849928,10
108.9333495,23.44733147,10
108.9292173,23.44715181,10
108.9331699,23.44715181,10
108.9332597,23.44715181,10
108.9338885,23.44715181,10
108.9339783,23.44715181,10
108.9340682,23.44715181,10
108.9338885,23.44706198,10
108.9339783,23.44706198,10
108.9340682,23.44706198,10
108.9339783,23.44697215,10
108.9340682,23.44697215,10
108.9339783,23.44688232,10
108.9340682,23.44688232,10
108.9210426,23.44661282,10
108.9211324,23.44661282,10
108.9212223,23.44661282,10
108.9210426,23.44652299,10
108.9211324,23.44652299,10
108.9212223,23.44652299,10
108.9210426,23.44643316,10
108.9211324,23.44643316,10
108.9212223,23.44643316,10
108.9210426,23.44634333,10
108.9211324,23.44634333,10
108.9212223,23.44634333,10
108.926163,23.44634333,10
108.9262528,23.44634333,10
108.9374818,23.44616366,10
108.9188867,23.44607383,10
108.9238274,23.44571451,10
108.9239172,23.44571451,10
108.9238274,23.44562467,10
108.9239172,23.44562467,10
108.9238274,23.44553484,10
108.9239172,23.44553484,10
108.9240071,23.44553484,10
108.9238274,23.44544501,10
108.9239172,23.44544501,10
108.9222104,23.44472636,10
108.9254444,23.4445467,10
108.9255342,23.4445467,10
108.9254444,23.44445686,10
108.9255342,23.44445686,10
108.920324,23.44373821,10
108.9204138,23.44373821,10
109.0944175,23.44319922,10
109.0943276,23.44310939,10
109.0944175,23.44310939,10
108.9850925,23.4425704,10
108.9342478,23.43996529,10
108.9044238,23.43951613,10
108.9045136,23.43951613,10
108.944848,23.43673135,10
108.9449378,23.43673135,10
108.9450276,23.43673135,10
108.9044238,23.43340759,10
108.9045136,23.43340759,10
108.9046034,23.43340759,10
108.9044238,23.43331775,10
108.9045136,23.43331775,10
108.9046034,23.43331775,10
109.0922615,23.41014122,10
109.0922615,23.41005139,10
109.0683663,23.40987173,10
108.9891349,23.40852425,10
108.9891349,23.40843442,10
108.8993932,23.40627846,10
109.2182053,23.40358352,10
109.2182951,23.40358352,10
109.2180256,23.40349369,10
108.9035255,23.40322419,10
109.2095815,23.40052925,10
109.2062577,23.39972076,10
109.2063475,23.39972076,10
109.206078,23.39963093,10
109.2061679,23.39963093,10
109.2062577,23.39963093,10
109.2063475,23.39963093,10
109.206078,23.3995411,10
109.2061679,23.3995411,10
109.2062577,23.3995411,10
109.2063475,23.3995411,10
109.2064374,23.3995411,10
109.2061679,23.39945127,10
109.2062577,23.39945127,10
108.9841043,23.39208508,10
108.9520345,23.3910071,10
109.3502577,23.38552738,10
108.8567232,23.38516806,10
108.8568131,23.38516806,10
108.8406434,23.38373075,10
108.852052,23.38373075,10
108.8521418,23.38373075,10
108.8406434,23.38364092,10
108.852052,23.38364092,10
108.8521418,23.38364092,10
108.8519622,23.38355109,10
108.8563639,23.3830121,10
108.9924587,23.3827426,10
109.3587018,23.38265277,10
109.3587916,23.38265277,10
109.3587916,23.38256294,10
109.3585222,23.38157479,10
109.3585222,23.38148496,10
108.9791636,23.38013749,10
108.9788043,23.38004766,10
108.9791636,23.38004766,10
108.9788043,23.37995783,10
108.9791636,23.37995783,10
108.9790738,23.37986799,10
108.9791636,23.37986799,10
108.9748517,23.37798153,10
108.9753907,23.37798153,10
109.1041193,23.37798153,10
109.1042091,23.37798153,10
108.9748517,23.3778917,10
109.1039396,23.37780187,10
109.1050176,23.37771204,10
108.9751212,23.37762221,10
109.1123838,23.37591541,10
109.2297936,23.37564591,10
109.2297936,23.37555608,10
109.1078922,23.37546625,10
109.107982,23.37546625,10
109.1078024,23.37537642,10
109.1078922,23.37537642,10
109.1078024,23.37528659,10
109.1078922,23.37528659,10
109.1078922,23.37519676,10
109.1078024,23.37492726,10
109.1078024,23.37483743,10
108.9783551,23.37348996,10
108.978445,23.37348996,10
108.9783551,23.37340012,10
108.978445,23.37340012,10
108.978445,23.37331029,10
108.978445,23.37322046,10
108.9680245,23.36881872,10
108.9735042,23.36854922,10
108.9735042,23.36845939,10
109.1374468,23.36738141,10
109.1374468,23.36729158,10
109.2508142,23.36684242,10
109.250904,23.36684242,10
108.936853,23.36181186,10
108.9369428,23.36181186,10
108.9370326,23.36181186,10
108.9371225,23.36181186,10
108.9372123,23.36181186,10
108.936853,23.36172203,10
108.9369428,23.36172203,10
108.9370326,23.36172203,10
108.9371225,23.36172203,10
108.936853,23.36163219,10
108.9369428,23.36163219,10
108.9370326,23.36163219,10
109.1394231,23.36145253,10
109.1395129,23.36145253,10
109.1394231,23.3613627,10
109.1394231,23.36127287,10
109.139962,23.35893725,10
109.1400519,23.35893725,10
108.7533271,23.35866775,10
109.140501,23.35758978,10
108.8239347,23.35732028,10
108.8240246,23.35732028,10
108.8237551,23.35714062,10
108.8238449,23.35714062,10
108.8236652,23.35705079,10
108.8237551,23.35705079,10
108.8287856,23.35507449,10
108.8287856,23.35498466,10
108.8288755,23.35498466,10
108.8289653,23.35498466,10
109.2112883,23.35363719,10
109.2113781,23.35363719,10
109.0183302,23.34707949,10
109.0205759,23.34707949,10
109.0205759,23.34698966,10
109.0205759,23.34689982,10
108.2922219,23.34672016,10
108.2923117,23.34672016,10
108.2922219,23.34663033,10
109.0215641,23.346271,10
109.0215641,23.34618117,10
108.8045311,23.34465404,10
108.8046209,23.34465404,10
108.8047108,23.34465404,10
108.8045311,23.3445642,10
108.8046209,23.3445642,10
108.8047108,23.3445642,10
108.8045311,23.34330656,10
108.8045311,23.34321673,10
108.8133346,23.34294724,10
109.0877699,23.33926414,10
109.0877699,23.33917431,10
109.0877699,23.33908448,10
108.8220483,23.33692852,10
108.8220483,23.33683869,10
108.8326484,23.33396408,10
108.9451175,23.33207762,10
108.8304924,23.33153863,10
108.8299534,23.3314488,10
108.8299534,23.33135897,10
108.8299534,23.33126914,10
108.8082142,23.33117931,10
108.8299534,23.33117931,10
108.8299534,23.33108947,10
108.8300433,23.33108947,10
108.8299534,23.33099964,10
108.8300433,23.33099964,10
108.8301331,23.33099964,10
108.8297738,23.33090981,10
108.8298636,23.33090981,10
108.8299534,23.33090981,10
108.8300433,23.33090981,10
108.8301331,23.33090981,10
108.8025548,23.33019116,10
108.8006684,23.33010133,10
108.8006684,23.3300115,10
108.8000395,23.32992167,10
108.8001294,23.32992167,10
108.8002192,23.32992167,10
108.8005785,23.32992167,10
108.8006684,23.32992167,10
108.8002192,23.32983183,10
108.8022853,23.32983183,10
108.8288755,23.32983183,10
108.8074956,23.329742,10
108.8288755,23.329742,10
108.8041718,23.32938268,10
108.8094719,23.32857419,10
108.8094719,23.32848436,10
108.842979,23.3280352,10
108.8430688,23.3280352,10
108.842979,23.32794537,10
108.8430688,23.32794537,10
108.24524,23.32785554,10
108.842979,23.32785554,10
108.8430688,23.32785554,10
108.9651499,23.32354363,10
108.9651499,23.3234538,10
108.9921892,23.32309447,10
108.992279,23.32309447,10
108.9923688,23.32309447,10
109.0671087,23.32210632,10
109.0671985,23.32210632,10
109.0672883,23.32210632,10
109.0671985,23.32201649,10
109.0672883,23.32201649,10
109.0672883,23.32192666,10
109.0672883,23.32183683,10
108.9994655,23.32129784,10
108.9995554,23.32129784,10
108.9996452,23.32129784,10
108.999735,23.32129784,10
108.9996452,23.32120801,10
108.999735,23.32120801,10
108.9549091,23.32021986,10
108.952843,23.31959104,10
108.9529328,23.31959104,10
108.9527531,23.31950121,10
108.9033458,23.31438081,10
108.9034356,23.31429098,10
108.8379484,23.31420115,10
108.9910214,23.30988923,10
108.9867993,23.30854176,10
108.9868891,23.30854176,10
108.9867993,23.30845193,10
108.9872484,23.30845193,10
108.9867993,23.3083621,10
108.9872484,23.3083621,10
108.9867993,23.30827227,10
108.9900332,23.30773328,10
108.9899434,23.30764345,10
108.9900332,23.30764345,10
108.9901231,23.30737395,10
108.9877874,23.30701463,10
108.9877874,23.30692479,10
108.9878773,23.30692479,10
108.9879671,23.30692479,10
108.9880569,23.30692479,10
108.9881468,23.30692479,10
108.9877874,23.30683496,10
108.9878773,23.30683496,10
108.9883264,23.30683496,10
108.9882366,23.30629597,10
108.9883264,23.30629597,10
108.9883264,23.30620614,10
108.9895841,23.30593665,10
108.9895841,23.30584682,10
109.306869,23.30467901,10
109.1941305,23.29883996,10
108.4357727,23.29605518,10
108.4356829,23.29560602,10
109.0229116,23.29479754,10
108.5453672,23.29407889,10
109.2390462,23.29398905,10
109.2390462,23.29389922,10
109.2406632,23.29264158,10
108.3463903,23.28410759,10
108.3463903,23.28401775,10
108.2601521,23.28392792,10
108.3463005,23.28392792,10
108.3463903,23.28392792,10
108.9633533,23.28114315,10
108.9634431,23.28114315,10
109.0297388,23.28078382,10
109.0297388,23.28069399,10
109.0293794,23.28060416,10
109.0293794,23.28051432,10
109.0466271,23.27737022,10
109.0463576,23.27728039,10
109.0464474,23.27728039,10
109.0465373,23.27728039,10
109.0466271,23.27728039,10
109.0463576,23.27719056,10
109.0464474,23.27719056,10
109.0465373,23.27719056,10
109.0466271,23.27719056,10
109.0463576,23.27710073,10
109.0464474,23.27710073,10
109.0465373,23.27710073,10
109.0466271,23.27710073,10
109.0463576,23.27701089,10
109.0464474,23.27701089,10
109.0465373,23.27701089,10
109.0466271,23.27701089,10
109.0463576,23.27692106,10
109.0464474,23.27692106,10
109.0465373,23.27692106,10
109.0466271,23.27692106,10
109.0464474,23.27683123,10
109.0465373,23.27683123,10
109.0466271,23.27683123,10
109.0465373,23.2767414,10
109.0466271,23.2767414,10
109.042944,23.27539393,10
109.042944,23.2753041,10
108.4620933,23.27386679,10
109.0481542,23.27287864,10
109.0473457,23.27278881,10
109.0474356,23.27278881,10
109.0475254,23.27269898,10
109.0475254,23.27260915,10
109.0618984,23.26937521,10
109.0535441,23.26919555,10
109.0534543,23.26910572,10
109.0535441,23.26910572,10
108.9563464,23.26236836,10
108.9563464,23.26227852,10
108.9580532,23.26155987,10
108.9552684,23.26147004,10
108.9552684,23.26138021,10
108.9553583,23.26138021,10
108.9552684,23.26129038,10
108.9553583,23.26129038,10
108.9552684,23.26120055,10
108.9553583,23.26120055,10
108.9552684,23.26111071,10
108.9553583,23.26111071,10
108.9552684,23.26102088,10
108.9553583,23.26102088,10
108.9552684,23.26093105,10
108.9552684,23.26084122,10
109.0415965,23.2602124,10
108.9549989,23.25940392,10
108.9550888,23.25940392,10
108.9551786,23.25940392,10
108.9549989,23.25931408,10
108.9550888,23.25931408,10
108.9551786,23.25931408,10
108.9548193,23.25922425,10
108.9549091,23.25922425,10
108.9549989,23.25922425,10
108.9550888,23.25922425,10
108.9551786,23.25922425,10
108.9548193,23.25913442,10
108.9549091,23.25913442,10
108.9549989,23.25913442,10
109.0432135,23.25715813,10
109.0432135,23.2570683,10
108.9428717,23.25670897,10
108.9428717,23.25661914,10
108.9427818,23.25652931,10
108.9428717,23.25652931,10
108.9427818,23.25643947,10
108.9428717,23.25643947,10
108.9398174,23.25131908,10
108.9399072,23.25131908,10
108.9398174,23.25122925,10
108.9404462,23.25113941,10
108.9405361,23.25113941,10
108.9404462,23.25104958,10
108.9405361,23.25104958,10
108.9405361,23.25095975,10
108.9405361,23.25086992,10
108.9405361,23.25078009,10
108.9405361,23.25069026,10
108.9406259,23.25069026,10
109.0177912,23.24467154,10
109.233297,23.21745259,10
109.2301529,23.21709327,10
109.1988017,23.2154763,10
109.1988915,23.2154763,10
109.1989814,23.2154763,10
109.1988017,23.21538647,10
109.1988915,23.21538647,10
109.1989814,23.21538647,10
109.1990712,23.21538647,10
109.199161,23.21538647,10
109.2323089,23.21529663,10
109.2323089,23.2152068,10
108.8807981,23.21385933,10
108.8808879,23.21385933,10
108.8807083,23.2137695,10
108.8807981,23.2137695,10
108.8808879,23.2137695,10
108.8807083,23.21367967,10
108.8807083,23.21358984,10
109.1993407,23.2135,10
108.8852897,23.21251186,10
108.8853795,23.21251186,10
109.1958373,23.20766095,10
109.1958373,23.20757112,10
109.1959271,23.20757112,10
109.1967356,23.2069423,10
109.1967356,23.20685247,10
109.1967356,23.20676264,10
109.1967356,23.20667281,10
109.3459457,23.20298972,10
108.8864575,23.20289988,10
109.3459457,23.20289988,10
109.3460356,23.20281005,10
109.3460356,23.20272022,10
109.3460356,23.20263039,10
109.3460356,23.20254056,10
109.3472034,23.20218123,10
109.3453169,23.20191174,10
109.3454068,23.20182191,10
109.3454966,23.20173207,10
109.3454966,23.20164224,10
109.060012,23.15178574,10
109.0601018,23.15178574,10
107.7110119,23.13687371,10
107.7110119,23.13678388,10
109.8174714,23.12726174,10
107.9617317,23.09680885,10
109.4834778,23.09384441,10
109.4832981,23.09375458,10
109.483388,23.09375458,10
109.4834778,23.09375458,10
109.5192308,23.09258677,10
109.5147392,23.09249694,10
109.5192308,23.09249694,10
109.5147392,23.0924071,10
109.5192308,23.09186811,10
109.5192308,23.09177828,10
109.5188714,23.09168845,10
109.5189613,23.09168845,10
109.5190511,23.09168845,10
109.5191409,23.09168845,10
109.5192308,23.09168845,10
109.5188714,23.09159862,10
109.5189613,23.09159862,10
109.5190511,23.09159862,10
109.5191409,23.09159862,10
109.5192308,23.09159862,10
109.481232,23.07992052,10
109.4730574,23.0693204,10
109.4731472,23.0693204,10
109.4729675,23.06923057,10
109.459403,23.06887124,10
109.459403,23.06878141,10
109.4620979,23.06815259,10
109.4620979,23.06806276,10
109.4486232,23.04838966,10
109.482849,23.04812016,10
109.4829388,23.04812016,10
109.5285732,23.0411133,10
109.5285732,23.04102347,10
109.5285732,23.04093364,10
109.4943474,23.03841836,10
109.4944373,23.03841836,10
109.5076425,23.03635223,10
109.5075527,23.03554375,10
109.5075527,23.03545391,10
109.4165533,23.0277284,10
109.4166432,23.0277284,10
109.4170923,23.02727925,10
109.4132296,23.02665043,10
109.4132296,23.02656059,10
109.4104448,23.02512329,10
109.4186194,23.02323683,10
109.4187093,23.02323683,10
109.4185296,23.023147,10
109.4186194,23.023147,10
109.4187093,23.023147,10
109.4185296,23.02305716,10
109.4186194,23.02305716,10
109.4187093,23.02305716,10
109.4158347,23.01847576,10
109.416194,23.01335536,10
109.4162838,23.01335536,10
109.4163737,23.01335536,10
109.4164635,23.01335536,10
109.4165533,23.01335536,10
109.416194,23.01326553,10
109.4162838,23.01326553,10
109.4163737,23.01326553,10
109.4164635,23.01326553,10
109.4164635,23.0131757,10
109.4164635,23.01308586,10
109.417272,23.01218755,10
109.5275851,23.01191805,10
109.5276749,23.01191805,10
109.4623674,23.01101974,10
109.4192483,23.00985193,10
109.4838371,23.0097621,10
109.5200392,23.00742648,10
109.458325,23.00598917,10
109.4606606,23.00598917,10
109.458325,23.00589934,10
109.4606606,23.00589934,10
109.458325,23.00580951,10
109.4606606,23.00580951,10
109.4607504,23.00580951,10
109.4608403,23.00580951,10
109.4606606,23.00571968,10
109.4607504,23.00571968,10
109.4608403,23.00571968,10
109.4582351,23.00446204,10
109.458325,23.00446204,10
109.4581453,23.00437221,10
109.4582351,23.00437221,10
109.458325,23.00437221,10
109.458325,23.00428237,10
109.4408078,23.00401288,10
109.4408977,23.00401288,10
109.4408078,23.00392305,10
109.4408977,23.00392305,10
109.4629962,23.00392305,10
109.4409875,23.00383322,10
109.4409875,23.00374339,10
109.4629064,23.00329423,10
109.4629962,23.00329423,10
109.4629064,23.0032044,10
109.4629962,23.0032044,10
109.4409875,23.0029349,10
109.4409875,23.00284507,10
109.4592233,23.00185692,10
109.4592233,23.00176709,10
109.4566182,23.00131793,10
109.4566182,23.0012281,10
109.457247,23.00095861,10
109.4573368,23.00095861,10
109.4586843,23.00095861,10
109.4587741,23.00095861,10
109.457247,23.00086878,10
109.4573368,23.00086878,10
109.4586843,23.00086878,10
109.4587741,23.00086878,10
109.4571572,23.00077894,10
109.457247,23.00077894,10
109.4573368,23.00077894,10
109.4571572,23.00068911,10
109.457247,23.00068911,10
109.4573368,23.00068911,10
109.4591335,23.00050945,10
109.4578758,23.00041962,10
109.4579657,23.00041962,10
109.4587741,23.00041962,10
109.4576962,23.00032979,10
109.457786,23.00032979,10
109.4578758,23.00032979,10
109.4579657,23.00032979,10
109.4587741,23.00032979,10
109.4552707,22.99943147,10
109.4595826,22.99943147,10
109.4595826,22.99934164,10
109.4596725,22.99934164,10
109.4597623,22.99934164,10
109.4603911,22.99934164,10
109.4595826,22.99925181,10
109.4596725,22.99925181,10
109.4597623,22.99925181,10
109.4597623,22.99916198,10
109.490844,22.99871282,10
109.4579657,22.99790434,10
109.4578758,22.9978145,10
109.4579657,22.9978145,10
109.5007255,22.99736535,10
109.5008153,22.99736535,10
109.5009051,22.99736535,10
109.5007255,22.99727552,10
109.5008153,22.99727552,10
109.480693,22.99520939,10
109.4807829,22.99520939,10
107.9581385,22.99511956,10
109.480693,22.99511956,10
109.4888677,22.99332293,10
109.4889575,22.99332293,10
109.4890474,22.99332293,10
109.4891372,22.99332293,10
109.4888677,22.9932331,10
109.4889575,22.9932331,10
109.4890474,22.9932331,10
109.4891372,22.9932331,10
109.488149,22.99314327,10
109.4882389,22.99314327,10
109.4888677,22.99314327,10
109.4889575,22.99314327,10
109.4890474,22.99314327,10
109.4890474,22.99305343,10
109.4894965,22.99287377,10
109.4894965,22.99278394,10
109.4986593,22.99269411,10
109.4986593,22.99260428,10
109.4834778,22.99251444,10
109.4835676,22.99251444,10
109.4887779,22.99161613,10
109.4888677,22.99161613,10
109.4904847,22.99143647,10
109.4850049,22.99035849,10
109.4849151,22.99026866,10
109.4850049,22.99026866,10
109.4846456,22.99017882,10
109.4847355,22.99017882,10
109.4848253,22.99017882,10
109.4846456,22.99008899,10
109.4850948,22.98972967,10
109.4849151,22.98883135,10
109.4847355,22.98874152,10
109.4848253,22.98874152,10
109.4849151,22.98874152,10
109.4847355,22.98865169,10
109.4848253,22.98865169,10
109.6355626,22.98586691,10
109.6356524,22.98586691,10
109.4082888,22.98272281,10
109.4082888,22.98263298,10
107.9307398,22.9812855,10
107.9307398,22.98119567,10
109.4126007,22.98092618,10
109.4074803,22.98074651,10
109.4074803,22.98065668,10
109.4075702,22.98065668,10
109.40766,22.98065668,10
109.5110561,22.97176336,10
109.4485333,22.96852943,10
109.4535639,22.96547515,10
109.5429463,22.96376836,10
109.5430361,22.96376836,10
109.4543724,22.96349886,10
109.4543724,22.96340903,10
109.4543724,22.9633192,10
109.4543724,22.96322937,10
109.4544622,22.96322937,10
109.4543724,22.96313953,10
109.4544622,22.96313953,10
109.4474554,22.94903598,10
109.0060232,22.94526306,10
109.0332422,22.93987317,10
109.5257885,22.93807654,10
109.0545323,22.9331358,10
109.4654217,22.93017136,10
109.4654217,22.93008153,10
109.6206506,22.92990187,10
109.6206506,22.92981204,10
109.6206506,22.92972221,10
109.6206506,22.92963237,10
108.5703403,22.91966107,10
108.5704302,22.91966107,10
108.5702505,22.91957124,10
108.5702505,22.91948141,10
107.1236036,22.91049826,10
107.1236934,22.91049826,10
107.1236036,22.91040843,10
107.1236934,22.91040843,10
107.1234239,22.9103186,10
107.1235137,22.9103186,10
107.1236036,22.9103186,10
107.1236934,22.9103186,10
107.1233341,22.91022876,10
107.1234239,22.91022876,10
107.1235137,22.91022876,10
107.1233341,22.91013893,10
107.1234239,22.91013893,10
107.1235137,22.91013893,10
107.1996909,22.89558623,10
109.0001842,22.88345897,10
109.000274,22.88345897,10
107.2843122,22.86612148,10
107.2843122,22.86603165,10
107.2842223,22.86594182,10
107.2843122,22.86594182,10
107.2842223,22.86585199,10
107.2843122,22.86585199,10
107.2454151,22.86522317,10
107.2455049,22.86522317,10
107.2455948,22.86522317,10
107.2456846,22.86522317,10
107.2454151,22.86513334,10
107.2455049,22.86513334,10
108.7872835,22.86486384,10
108.79977,22.8604621,10
108.7998599,22.8604621,10
108.79977,22.86037227,10
108.7998599,22.86037227,10
108.7995904,22.86028243,10
108.7996802,22.86028243,10
108.79977,22.86028243,10
108.7998599,22.86028243,10
108.7995904,22.8601926,10
108.7996802,22.8601926,10
108.79977,22.8601926,10
108.7998599,22.8601926,10
109.0347693,22.85615018,10
107.8424354,22.85570103,10
109.0420457,22.84555006,10
109.0421355,22.84555006,10
109.0420457,22.84546023,10
109.0421355,22.84546023,10
109.0421355,22.8453704,10
109.0421355,22.84528057,10
107.2997632,22.84384326,10
107.299853,22.84384326,10
107.2999428,22.84384326,10
107.2997632,22.84375343,10
107.299853,22.84375343,10
107.2999428,22.84375343,10
107.3001225,22.84348394,10
107.3010208,22.84348394,10
107.3011107,22.84348394,10
107.3012005,22.84348394,10
107.3012903,22.84348394,10
107.3001225,22.84339411,10
107.3010208,22.84339411,10
107.3011107,22.84339411,10
107.3012005,22.84339411,10
107.3012903,22.84339411,10
107.3012005,22.84330428,10
107.3007513,22.84321444,10
107.3007513,22.84312461,10
107.3004818,22.84303478,10
107.3005717,22.84303478,10
107.3006615,22.84303478,10
107.3018293,22.84303478,10
107.3019191,22.84303478,10
107.3018293,22.84294495,10
107.3019191,22.84294495,10
107.302009,22.84294495,10
107.3018293,22.84285512,10
107.3019191,22.84285512,10
107.302009,22.84285512,10
107.3020988,22.84285512,10
107.3019191,22.84276529,10
107.302009,22.84276529,10
107.2977869,22.84105849,10
107.300392,22.84060933,10
107.3002123,22.8405195,10
107.3003022,22.8405195,10
107.300392,22.8405195,10
107.8083893,22.82758376,10
107.8083893,22.82749393,10
107.9414298,22.82515831,10
107.9415196,22.82515831,10
107.9414298,22.82506848,10
107.9415196,22.82506848,10
109.0495017,22.82282269,10
109.0495915,22.82282269,10
107.2728137,22.82219387,10
107.2729036,22.82219387,10
107.2728137,22.82210403,10
107.2729036,22.82210403,10
107.2729036,22.8220142,10
107.2729036,22.82192437,10
107.2731731,22.82183454,10
107.2731731,22.82174471,10
107.2732629,22.82174471,10
107.2731731,22.82165488,10
107.8323743,22.82093623,10
107.8324641,22.82093623,10
107.8322845,22.82084639,10
107.8323743,22.82084639,10
107.8324641,22.82084639,10
107.8322845,22.82075656,10
107.8323743,22.82075656,10
107.8324641,22.82075656,10
107.7821585,22.81285139,10
107.8144978,22.8088988,10
107.1736397,22.80647335,10
107.1735499,22.80638352,10
107.1736397,22.80638352,10
107.1800178,22.79847834,10
107.798418,22.79802919,10
107.7985078,22.79802919,10
107.2222386,22.79713087,10
107.2223284,22.79713087,10
107.2224182,22.79713087,10
107.2225081,22.79713087,10
107.2222386,22.79704104,10
107.2223284,22.79704104,10
107.2224182,22.79704104,10
107.2220589,22.79695121,10
107.2221487,22.79695121,10
107.2222386,22.79695121,10
107.2222386,22.79686138,10
107.2845817,22.79677154,10
107.2845817,22.79668171,10
107.1757058,22.79650205,10
107.1710346,22.79641222,10
107.1711244,22.79641222,10
107.1757058,22.79641222,10
107.8396507,22.79641222,10
107.1710346,22.79632239,10
107.1711244,22.79632239,10
107.1710346,22.79623255,10
107.1711244,22.79623255,10
107.1712143,22.79623255,10
107.1711244,22.79614272,10
107.1712143,22.79614272,10
107.1757957,22.79587323,10
107.1758855,22.79587323,10
107.2226877,22.79587323,10
107.1758855,22.7957834,10
107.1721126,22.79569357,10
107.1758855,22.79569357,10
107.1748974,22.79497491,10
107.1749872,22.79497491,10
107.175077,22.79497491,10
107.1748974,22.79488508,10
107.1749872,22.79488508,10
107.175077,22.79488508,10
107.1749872,22.79479525,10
107.175077,22.79479525,10
107.169777,22.7940766,10
107.169777,22.79398677,10
107.1696871,22.79389694,10
107.1696871,22.7938071,10
109.0842665,22.79093249,10
109.0843563,22.79093249,10
109.0842665,22.79084266,10
109.0843563,22.79084266,10
107.5814749,22.79075283,10
107.5815647,22.79075283,10
107.5814749,22.790663,10
107.5815647,22.790663,10
107.1919654,22.79048334,10
107.1920552,22.79048334,10
107.192145,22.79048334,10
107.1919654,22.79039351,10
107.1920552,22.79039351,10
107.132946,22.79003418,10
107.132946,22.78994435,10
107.1945705,22.7875189,10
107.1945705,22.78742906,10
107.870912,22.78689008,10
107.8710019,22.78689008,10
107.1960078,22.78428496,10
107.1960976,22.78428496,10
107.7688634,22.78329681,10
107.7689533,22.78329681,10
107.7688634,22.78320698,10
107.7689533,22.78320698,10
107.5600051,22.77889507,10
107.5600051,22.77880524,10
107.9376569,22.77736793,10
107.9336144,22.77593063,10
107.9337043,22.77593063,10
107.2076859,22.77485265,10
107.2076859,22.77476282,10
107.2077757,22.77476282,10
107.2076859,22.77467299,10
107.2077757,22.77467299,10
107.5425778,22.77395434,10
107.5661137,22.77260686,10
107.5661137,22.77251703,10
107.1548649,22.77179838,10
107.1547751,22.77170855,10
107.1548649,22.77170855,10
107.1560327,22.77125939,10
107.1561226,22.77125939,10
107.1562124,22.77125939,10
107.1562124,22.77116956,10
107.1553141,22.7709899,10
107.1554039,22.7709899,10
107.9339738,22.77045091,10
107.9339738,22.77036107,10
107.5697069,22.76991192,10
107.5697069,22.76982209,10
107.5697069,22.76973225,10
107.5696171,22.76874411,10
107.5696171,22.76865428,10
107.7639227,22.76353388,10
107.7639227,22.76344405,10
107.5065554,22.76326438,10
107.3278805,22.76317455,10
107.3279703,22.76317455,10
107.3278805,22.76308472,10
107.3278805,22.76299489,10
107.2066079,22.7590423,10
107.5573102,22.75850331,10
107.5574,22.75850331,10
107.5574898,22.75850331,10
107.5575797,22.75850331,10
107.5574898,22.75841348,10
107.5575797,22.75841348,10
107.5049384,22.75751517,10
107.5050282,22.75751517,10
107.9736793,22.75751517,10
107.5010756,22.75742533,10
107.5011655,22.75742533,10
107.5049384,22.75742533,10
107.5050282,22.75742533,10
107.5012553,22.7573355,10
107.5049384,22.7573355,10
107.5050282,22.7573355,10
107.5049384,22.75724567,10
107.5050282,22.75724567,10
107.5050282,22.75715584,10
107.5026926,22.75706601,10
107.5027824,22.75706601,10
107.5028723,22.75706601,10
107.5050282,22.75706601,10
107.5026926,22.75697618,10
107.5027824,22.75697618,10
107.5028723,22.75697618,10
107.5103283,22.75652702,10
107.282246,22.75553887,10
107.2823359,22.75553887,10
107.2734425,22.75535921,10
107.5091605,22.75508971,10
107.5092503,22.75508971,10
107.5093401,22.75508971,10
107.5091605,22.75499988,10
107.5092503,22.75499988,10
107.5093401,22.75499988,10
107.5095198,22.75491005,10
107.5095198,22.75482022,10
107.5095198,22.75473039,10
107.5095198,22.75464056,10
107.5096096,22.75464056,10
107.5093401,22.75455073,10
107.50943,22.75455073,10
107.5095198,22.75455073,10
107.5096096,22.75455073,10
107.5096995,22.75455073,10
107.5092503,22.75446089,10
107.5093401,22.75446089,10
107.50943,22.75446089,10
107.5095198,22.75446089,10
107.5096096,22.75446089,10
107.5096995,22.75446089,10
107.5095198,22.75437106,10
107.5096096,22.75437106,10
107.5096995,22.75437106,10
107.5095198,22.75428123,10
107.5096096,22.75428123,10
107.5096995,22.75428123,10
107.4903857,22.75185578,10
107.4903857,22.75176595,10
107.4903857,22.75167612,10
107.5300912,22.75113713,10
107.5045791,22.75014898,10
107.5046689,22.75014898,10
107.5047587,22.75014898,10
107.5043994,22.75005915,10
107.5044892,22.75005915,10
107.5045791,22.75005915,10
107.5046689,22.75005915,10
107.5047587,22.75005915,10
107.5046689,22.74996932,10
107.5047587,22.74996932,10
107.5046689,22.74987949,10
107.5047587,22.74987949,10
107.9040599,22.74987949,10
107.9041497,22.74987949,10
107.9040599,22.74978965,10
107.5119453,22.74880151,10
107.5361099,22.74817269,10
107.5361099,22.74808286,10
107.5361998,22.74799302,10
107.5361998,22.74790319,10
107.5412303,22.74269296,10
107.5367388,22.74242347,10
107.5368286,22.74242347,10
107.5369184,22.74242347,10
107.5367388,22.74233364,10
107.5368286,22.74233364,10
107.492362,22.73820139,10
107.492362,22.73811156,10
107.4899365,22.73613526,10
107.1873839,22.73532678,10
107.1885518,22.73496745,10
107.1886416,22.73496745,10
107.1887314,22.73496745,10
107.1888212,22.73496745,10
107.1888212,22.73487762,10
107.1889111,22.73487762,10
107.1888212,22.73478779,10
107.1889111,22.73478779,10
107.5496745,22.73460813,10
107.5497643,22.73460813,10
107.7942857,22.73451829,10
107.7942857,22.73442846,10
107.7942857,22.73433863,10
107.0220939,22.7342488,10
107.0221838,22.7342488,10
107.7942857,22.7342488,10
107.0220939,22.73415897,10
107.0221838,22.73415897,10
107.0222736,22.73415897,10
107.1845093,22.73370981,10
107.1845992,22.73370981,10
107.1845992,22.73361998,10
107.1845992,22.73353015,10
107.1845992,22.73344032,10
107.1833415,22.73155385,10
107.1834314,22.73155385,10
107.1835212,22.73155385,10
107.183611,22.73155385,10
107.1832517,22.73146402,10
107.1833415,22.73146402,10
107.1834314,22.73146402,10
107.1835212,22.73146402,10
107.183611,22.73146402,10
107.1832517,22.73137419,10
107.1833415,22.73137419,10
107.1834314,22.73137419,10
107.1835212,22.73137419,10
107.183611,22.73137419,10
107.1835212,22.73128436,10
107.183611,22.73128436,10
107.1837009,22.73119453,10
107.1837009,22.7311047,10
107.1837907,22.7311047,10
107.1837009,22.73101487,10
107.1837907,22.73101487,10
107.1838805,22.73101487,10
107.1839703,22.73101487,10
107.1837009,22.73092503,10
107.1837907,22.73092503,10
107.1838805,22.73092503,10
107.1839703,22.73092503,10
107.1834314,22.7308352,10
107.1835212,22.7308352,10
107.183611,22.7308352,10
107.1839703,22.7308352,10
107.1834314,22.73074537,10
107.1835212,22.73074537,10
107.183611,22.73074537,10
107.1839703,22.73074537,10
107.3120701,22.7291284,10
107.5629696,22.7291284,10
107.8498915,22.7291284,10
107.5628797,22.72903857,10
107.5629696,22.72903857,10
107.0325144,22.72526565,10
107.0325144,22.72517582,10
107.0325144,22.72508598,10
107.0326042,22.72508598,10
107.0325144,22.72499615,10
107.0326042,22.72499615,10
107.0338619,22.72445716,10
107.0335025,22.72409784,10
107.0335924,22.72409784,10
107.0336822,22.72409784,10
107.033772,22.72409784,10
107.0338619,22.72409784,10
107.0339517,22.72409784,10
107.0336822,22.72400801,10
107.033772,22.72400801,10
107.0338619,22.72400801,10
107.0339517,22.72400801,10
107.034311,22.72400801,10
107.1673515,22.72400801,10
107.0338619,22.72391817,10
107.0339517,22.72391817,10
107.0340415,22.72391817,10
107.0341314,22.72391817,10
107.1673515,22.72391817,10
107.0338619,22.72382834,10
107.0339517,22.72382834,10
107.0340415,22.72382834,10
107.0341314,22.72382834,10
107.1673515,22.72382834,10
107.1674413,22.72382834,10
107.3088362,22.72382834,10
107.0340415,22.72373851,10
107.1673515,22.72373851,10
107.1674413,22.72373851,10
107.1673515,22.72364868,10
107.1674413,22.72364868,10
107.1671718,22.72355885,10
107.1672617,22.72355885,10
107.1673515,22.72355885,10
107.1674413,22.72355885,10
107.1675312,22.72355885,10
107.167621,22.72355885,10
107.1677108,22.72355885,10
107.1671718,22.72346902,10
107.1672617,22.72346902,10
107.1673515,22.72346902,10
107.1674413,22.72346902,10
107.1672617,22.72337919,10
107.1672617,22.72328935,10
107.5756358,22.72328935,10
107.15217,22.72185205,10
107.1522598,22.72185205,10
107.15217,22.72176222,10
107.1522598,22.72176222,10
107.0514688,22.72050458,10
107.0515587,22.72050458,10
107.5698866,22.72005542,10
107.5699764,22.72005542,10
107.5698866,22.71996559,10
107.5699764,22.71996559,10
107.3111718,22.71888761,10
107.1386054,22.71718081,10
107.1386054,22.71709098,10
107.0608113,22.71502485,10
107.0608113,22.71493502,10
107.0609012,22.71493502,10
107.0478756,22.71412654,10
107.0500315,22.71385704,10
107.0500315,22.71376721,10
107.0501214,22.71376721,10
107.0489536,22.71367738,10
107.0500315,22.71367738,10
107.0501214,22.71367738,10
107.0500315,22.71358755,10
107.0501214,22.71358755,10
107.0500315,22.71349772,10
107.0501214,22.71349772,10
107.0516485,22.71331805,10
107.0517383,22.71331805,10
107.0516485,22.71322822,10
107.0517383,22.71322822,10
107.3180888,22.71322822,10
107.3181786,22.71322822,10
107.0523672,22.71313839,10
107.0527265,22.71313839,10
107.317999,22.71313839,10
107.3180888,22.71313839,10
107.3181786,22.71313839,10
107.3363246,22.71295873,10
107.0511095,22.7125994,10
107.0559604,22.71250957,10
107.0560502,22.71250957,10
107.0561401,22.71250957,10
107.0559604,22.71241974,10
107.0560502,22.71241974,10
107.0561401,22.71241974,10
107.0560502,22.71232991,10
107.58408,22.71206041,10
107.0527265,22.71161125,10
107.0542536,22.71161125,10
107.0527265,22.71152142,10
107.0542536,22.71152142,10
107.0542536,22.71143159,10
107.0529061,22.71107227,10
107.052996,22.71107227,10
107.0530858,22.71107227,10
107.0529061,22.71098243,10
107.052996,22.71098243,10
107.0530858,22.71098243,10
107.0529061,22.7108926,10
107.0529061,22.71080277,10
107.6116583,22.71071294,10
107.6117481,22.71071294,10
107.6118379,22.71071294,10
107.6116583,22.71062311,10
107.6117481,22.71062311,10
107.6118379,22.71062311,10
107.6116583,22.71053328,10
107.6117481,22.71053328,10
107.6118379,22.71053328,10
107.1348325,22.71044345,10
107.6116583,22.71044345,10
107.6117481,22.71044345,10
107.6118379,22.71044345,10
107.0527265,22.71008412,10
107.3171905,22.70981462,10
107.3171905,22.70972479,10
107.1433665,22.70936547,10
107.1433665,22.70927564,10
107.1278256,22.70792816,10
107.1279155,22.70792816,10
107.1278256,22.70783833,10
107.1279155,22.70783833,10
107.1278256,22.7077485,10
107.1279155,22.7077485,10
107.5565017,22.7077485,10
107.5565915,22.7077485,10
107.5566814,22.7077485,10
107.1278256,22.70765867,10
107.1279155,22.70765867,10
107.5565017,22.70765867,10
107.5565915,22.70765867,10
107.5566814,22.70765867,10
107.5564119,22.70756884,10
107.5565017,22.70756884,10
107.5561424,22.707479,10
107.5562322,22.707479,10
107.556322,22.707479,10
107.5564119,22.707479,10
107.5565017,22.707479,10
107.5566814,22.70685018,10
107.13618,22.70676035,10
107.13618,22.70667052,10
107.5567712,22.70649086,10
107.556861,22.70649086,10
107.5567712,22.70640103,10
107.556861,22.70640103,10
107.5567712,22.70631119,10
107.5567712,22.70622136,10
107.3239279,22.70541288,10
107.3239279,22.70532305,10
107.3240177,22.70532305,10
107.3239279,22.70523322,10
107.3240177,22.70523322,10
107.3239279,22.70514338,10
107.3240177,22.70514338,10
107.0462586,22.70487389,10
107.0463484,22.70487389,10
107.0462586,22.70478406,10
107.0463484,22.70478406,10
107.5421286,22.70478406,10
107.5422185,22.70478406,10
107.5421286,22.70469423,10
107.5422185,22.70469423,10
107.3227601,22.70415524,10
107.3227601,22.70406541,10
107.1350122,22.70388574,10
107.135102,22.70388574,10
107.135102,22.70298743,10
107.1351918,22.70298743,10
107.135102,22.7028976,10
107.1351918,22.7028976,10
107.3180888,22.70074164,10
107.3180888,22.70065181,10
107.5246115,22.6963399,10
107.5247013,22.6963399,10
107.5247912,22.6963399,10
107.5246115,22.69625006,10
107.5247013,22.69625006,10
107.5247912,22.69625006,10
107.4773601,22.6960704,10
107.1210883,22.69364495,10
107.1245917,22.69274663,10
107.124412,22.69256697,10
107.1242324,22.69247714,10
107.5161673,22.69211781,10
107.3079379,22.69184832,10
107.3080277,22.69184832,10
107.3081175,22.69184832,10
107.3079379,22.69175849,10
107.1219866,22.6912195,10
107.1220764,22.6912195,10
107.5108673,22.69014152,10
107.5040401,22.6892432,10
107.5145504,22.68870422,10
107.5155385,22.68807539,10
107.5155385,22.68798556,10
107.5156283,22.68798556,10
107.5157182,22.68798556,10
107.5157182,22.68789573,10
107.515808,22.68789573,10
107.5158978,22.68789573,10
107.5157182,22.6878059,10
107.515808,22.6878059,10
107.5158978,22.6878059,10
107.5159877,22.6878059,10
107.5158978,22.68771607,10
107.5159877,22.68771607,10
107.7626651,22.68771607,10
107.7627549,22.68771607,10
107.7626651,22.68762624,10
107.7627549,22.68762624,10
107.7626651,22.68753641,10
107.7627549,22.68753641,10
107.3070395,22.68430247,10
107.3787251,22.68349399,10
107.3788149,22.68349399,10
107.3789048,22.68349399,10
107.5176046,22.68169736,10
107.8476457,22.67001926,10
107.8477355,22.67001926,10
107.8478253,22.67001926,10
107.8476457,22.66992943,10
107.8477355,22.66992943,10
107.8478253,22.66992943,10
107.506735,22.66885145,10
107.5068249,22.66876162,10
107.5069147,22.66876162,10
107.2605068,22.66651583,10
107.3849235,22.66480903,10
107.433163,22.66391071,10
107.3230296,22.66328189,10
107.3230296,22.66319206,10
107.3231194,22.66319206,10
107.3232092,22.66319206,10
107.3246465,22.66220391,10
107.3246465,22.66211408,10
107.3245567,22.66202425,10
107.3246465,22.66202425,10
107.3247363,22.66202425,10
107.3245567,22.66193442,10
107.3246465,22.66193442,10
107.3247363,22.66193442,10
107.324377,22.66184459,10
107.3244669,22.66184459,10
107.3245567,22.66184459,10
107.324377,22.66175476,10
107.3244669,22.66175476,10
107.3245567,22.66175476,10
107.2457744,22.66166493,10
107.2457744,22.66157509,10
107.3684843,22.65825133,10
107.361208,22.65807166,10
107.8647137,22.6547479,10
107.8647137,22.65465807,10
107.8644442,22.65456823,10
107.864534,22.65456823,10
107.8646238,22.65456823,10
107.8642645,22.6544784,10
107.8643543,22.6544784,10
107.8644442,22.6544784,10
107.864534,22.6544784,10
107.8646238,22.6544784,10
107.4508598,22.65313093,10
107.1726516,22.6530411,10
107.4506802,22.6530411,10
107.45077,22.6530411,10
107.4508598,22.6530411,10
107.4508598,22.65295127,10
107.8641747,22.65295127,10
107.4508598,22.65286144,10
107.8641747,22.65286144,10
107.4508598,22.6527716,10
107.4109746,22.65241228,10
107.4110644,22.65241228,10
107.4111543,22.65241228,10
107.4109746,22.65232245,10
107.4110644,22.65232245,10
107.4111543,22.65232245,10
107.410795,22.65223261,10
107.410795,22.65214278,10
107.1126441,22.64756138,10
107.1127339,22.64756138,10
107.1131831,22.64657323,10
107.1131831,22.6464834,10
107.1139916,22.64630373,10
107.1140814,22.64630373,10
107.1141712,22.64630373,10
107.1142611,22.64630373,10
107.1143509,22.64630373,10
107.1144407,22.64630373,10
107.1145306,22.64630373,10
107.1139916,22.6462139,10
107.1143509,22.6462139,10
107.1139916,22.64612407,10
107.1139018,22.64603424,10
107.1139916,22.64603424,10
107.4207663,22.64522576,10
107.4163645,22.64513592,10
107.4164543,22.64513592,10
107.4207663,22.64513592,10
107.4163645,22.64504609,10
107.2256522,22.64414778,10
107.3446789,22.64387828,10
107.3447688,22.64387828,10
107.3448586,22.64387828,10
107.3449484,22.64387828,10
107.3450383,22.64387828,10
107.4204968,22.64387828,10
107.9404416,22.64387828,10
107.3448586,22.64378845,10
107.3449484,22.64378845,10
107.3450383,22.64378845,10
107.9404416,22.64378845,10
107.3450383,22.64369862,10
107.3450383,22.64360879,10
107.4199578,22.64342912,10
107.4199578,22.64333929,10
107.8865427,22.64262064,10
107.8865427,22.64253081,10
107.4425953,22.64226132,10
107.3478231,22.64199182,10
107.3478231,22.64190199,10
107.4226527,22.64181216,10
107.340367,22.64172233,10
107.4226527,22.64172233,10
107.3481824,22.64163249,10
107.4223832,22.64163249,10
107.4224731,22.64163249,10
107.4225629,22.64163249,10
107.4226527,22.64163249,10
107.4223832,22.64154266,10
107.4224731,22.64154266,10
107.4225629,22.64154266,10
107.4226527,22.64154266,10
107.3480027,22.64145283,10
107.3480925,22.64145283,10
107.3492604,22.64145283,10
107.4223832,22.64145283,10
107.4224731,22.64145283,10
107.3480925,22.641363,10
107.3492604,22.641363,10
107.4222934,22.641363,10
107.4223832,22.641363,10
107.4224731,22.641363,10
107.4434936,22.64127317,10
107.4434936,22.64118334,10
107.4435835,22.64118334,10
107.8849258,22.64064435,10
107.3927388,22.64055452,10
107.3160227,22.64046468,10
107.3393789,22.64046468,10
107.3394687,22.64046468,10
107.3395586,22.64046468,10
107.3160227,22.64037485,10
107.3393789,22.64037485,10
107.3394687,22.64037485,10
107.3928286,22.64037485,10
107.8305777,22.64037485,10
107.8306675,22.64037485,10
107.3160227,22.64028502,10
107.8304879,22.64028502,10
107.8305777,22.64028502,10
107.8306675,22.64028502,10
107.3160227,22.64019519,10
107.82932,22.64019519,10
107.8303082,22.64019519,10
107.830398,22.64019519,10
107.8304879,22.64019519,10
107.8305777,22.64019519,10
107.8306675,22.64019519,10
107.8307573,22.64019519,10
107.8308472,22.64019519,10
107.3159329,22.64010536,10
107.3160227,22.64010536,10
107.82932,22.64010536,10
107.8303082,22.64010536,10
107.830398,22.64010536,10
107.8304879,22.64010536,10
107.8305777,22.64010536,10
107.8306675,22.64010536,10
107.8307573,22.64010536,10
107.8308472,22.64010536,10
107.82932,22.64001553,10
107.8303082,22.64001553,10
107.830398,22.64001553,10
107.8304879,22.64001553,10
107.8305777,22.64001553,10
107.8306675,22.64001553,10
107.8307573,22.64001553,10
107.8308472,22.64001553,10
107.830937,22.64001553,10
107.8310268,22.64001553,10
107.8303082,22.6399257,10
107.830398,22.6399257,10
107.8304879,22.6399257,10
107.8305777,22.6399257,10
107.8306675,22.6399257,10
107.8307573,22.6399257,10
107.8308472,22.6399257,10
107.8328235,22.6399257,10
107.8329133,22.6399257,10
107.8330031,22.6399257,10
107.8329133,22.63983586,10
107.315843,22.63974603,10
107.3159329,22.63974603,10
107.3160227,22.63974603,10
107.3156634,22.6396562,10
107.3157532,22.6396562,10
107.315843,22.6396562,10
107.3159329,22.6396562,10
107.3160227,22.6396562,10
107.315843,22.63956637,10
107.3159329,22.63956637,10
107.339828,22.63956637,10
107.3399179,22.63956637,10
107.3400077,22.63956637,10
107.3400975,22.63956637,10
107.315843,22.63947654,10
107.339828,22.63947654,10
107.3399179,22.63947654,10
107.3400077,22.63947654,10
107.3400975,22.63947654,10
107.3401874,22.63947654,10
107.3402772,22.63947654,10
107.3396484,22.63938671,10
107.3397382,22.63938671,10
107.339828,22.63938671,10
107.3399179,22.63938671,10
107.3400077,22.63938671,10
107.3400975,22.63938671,10
107.3401874,22.63938671,10
107.3402772,22.63938671,10
107.3395586,22.63929687,10
107.3396484,22.63929687,10
107.3397382,22.63929687,10
107.339828,22.63929687,10
107.3399179,22.63929687,10
107.3400077,22.63929687,10
107.3400975,22.63929687,10
107.3401874,22.63929687,10
107.3402772,22.63929687,10
107.8337218,22.63920704,10
107.110039,22.63884772,10
107.1101288,22.63884772,10
107.3160227,22.63884772,10
107.3161125,22.63884772,10
107.110039,22.63875789,10
107.1101288,22.63875789,10
107.3161125,22.63875789,10
107.1114763,22.63866805,10
107.1115661,22.63866805,10
107.111656,22.63866805,10
107.112195,22.63866805,10
107.1122848,22.63866805,10
107.1113865,22.63857822,10
107.1114763,22.63857822,10
107.1115661,22.63857822,10
107.111656,22.63857822,10
107.1117458,22.63857822,10
107.1118356,22.63857822,10
107.1119255,22.63857822,10
107.1113865,22.63848839,10
107.1114763,22.63848839,10
107.1115661,22.63848839,10
107.111656,22.63848839,10
107.1121051,22.63803923,10
107.4462784,22.63803923,10
107.4971231,22.63803923,10
107.4972129,22.63803923,10
107.1121051,22.6379494,10
107.4464581,22.6379494,10
107.4970332,22.6379494,10
107.4971231,22.6379494,10
107.4972129,22.6379494,10
107.1121051,22.63785957,10
107.4970332,22.63785957,10
107.4971231,22.63785957,10
107.4972129,22.63785957,10
107.1121051,22.63776974,10
107.3423433,22.63776974,10
107.3424332,22.63776974,10
107.3422535,22.63767991,10
107.3423433,22.63767991,10
107.3424332,22.63767991,10
107.1170459,22.63759008,10
107.3420738,22.63741041,10
107.3421637,22.63741041,10
107.3420738,22.63732058,10
107.3421637,22.63732058,10
107.341984,22.63723075,10
107.3420738,22.63723075,10
107.3421637,22.63723075,10
107.341984,22.63714092,10
107.3420738,22.63714092,10
107.3421637,22.63714092,10
107.1076135,22.63669176,10
107.1076135,22.63660193,10
107.4449309,22.63642227,10
107.4450208,22.63642227,10
107.3405467,22.63633243,10
107.3406365,22.63633243,10
107.4266951,22.63633243,10
107.426785,22.63633243,10
107.4449309,22.63633243,10
107.4450208,22.63633243,10
107.3405467,22.6362426,10
107.3406365,22.6362426,10
107.4266951,22.6362426,10
107.426785,22.6362426,10
107.3407264,22.63615277,10
107.4266951,22.63615277,10
107.426785,22.63615277,10
107.3407264,22.63606294,10
107.4266951,22.63606294,10
107.426785,22.63606294,10
107.426246,22.63579345,10
107.426246,22.63570361,10
107.3426128,22.63552395,10
107.3427027,22.63552395,10
107.3427925,22.63552395,10
107.3426128,22.63543412,10
107.3427027,22.63543412,10
107.3427925,22.63543412,10
107.3426128,22.63534429,10
107.3427027,22.63534429,10
107.3427925,22.63534429,10
107.116956,22.63525446,10
107.3427925,22.63525446,10
107.3427925,22.63516462,10
107.3453976,22.6345358,10
107.3429722,22.63399681,10
107.343062,22.63399681,10
107.4478055,22.63399681,10
107.3429722,22.63390698,10
107.343062,22.63390698,10
107.3431518,22.63390698,10
107.3429722,22.63381715,10
107.343062,22.63381715,10
107.3431518,22.63381715,10
107.3431518,22.63372732,10
107.3435111,22.63336799,10
107.3433315,22.63327816,10
107.3434213,22.63327816,10
107.3435111,22.63327816,10
107.343601,22.63327816,10
107.3436908,22.63327816,10
107.3433315,22.63318833,10
107.3434213,22.63318833,10
107.3435111,22.63318833,10
107.343601,22.63318833,10
107.3436908,22.63318833,10
107.3433315,22.6330985,10
107.3434213,22.6330985,10
107.3435111,22.6330985,10
107.343601,22.6330985,10
107.3436908,22.6330985,10
107.3436908,22.63300867,10
107.3436908,22.63291884,10
107.3596808,22.63273917,10
107.4243595,22.63255951,10
107.4244493,22.63255951,10
107.4245392,22.63255951,10
107.424629,22.63255951,10
107.4243595,22.63246968,10
107.4244493,22.63246968,10
107.4245392,22.63246968,10
107.424629,22.63246968,10
107.3596808,22.63237985,10
107.423012,22.63166119,10
107.4231019,22.63166119,10
107.4231917,22.63166119,10
107.423012,22.63157136,10
107.4231019,22.63157136,10
107.4231917,22.63157136,10
107.423012,22.63148153,10
107.4153764,22.63121204,10
107.4154662,22.63121204,10
107.4229222,22.63121204,10
107.4135797,22.63112221,10
107.4153764,22.63112221,10
107.4154662,22.63112221,10
107.415556,22.63112221,10
107.4156459,22.63112221,10
107.4229222,22.63112221,10
107.423012,22.63112221,10
107.4151069,22.63103237,10
107.4151967,22.63103237,10
107.4152865,22.63103237,10
107.4153764,22.63103237,10
107.4154662,22.63103237,10
107.415556,22.63103237,10
107.4156459,22.63103237,10
107.4151069,22.63094254,10
107.4151967,22.63094254,10
107.4152865,22.63094254,10
107.4153764,22.63094254,10
107.4154662,22.63094254,10
107.415556,22.63094254,10
107.4156459,22.63094254,10
107.4973925,22.63094254,10
107.4974824,22.63094254,10
107.4151069,22.63085271,10
107.4151967,22.63085271,10
107.4156459,22.63085271,10
107.4973925,22.63085271,10
107.4974824,22.63085271,10
107.4156459,22.63076288,10
107.4973027,22.63076288,10
107.4973925,22.63076288,10
107.4974824,22.63076288,10
107.4973027,22.63067305,10
107.4973925,22.63067305,10
107.4974824,22.63067305,10
107.4975722,22.63067305,10
107.497662,22.63067305,10
107.4972129,22.63058322,10
107.4973027,22.63058322,10
107.4973925,22.63058322,10
107.4974824,22.63058322,10
107.4975722,22.63058322,10
107.3453078,22.63049338,10
107.4973925,22.63049338,10
107.4974824,22.63049338,10
107.3453078,22.63040355,10
107.4151967,22.63040355,10
107.4169933,22.63013406,10
107.4170832,22.63013406,10
107.417173,22.63013406,10
107.447536,22.62923574,10
107.4476259,22.62923574,10
111.0127697,26.24585308,20
111.1968346,26.22025109,20
111.0331615,26.19851186,20
111.2161483,26.06547137,20
111.2158788,26.06538154,20
111.0098951,26.00788936,20
110.9941746,25.99612143,20
110.9078465,25.72950145,20
110.6396096,25.64398184,20
110.666559,25.64335302,20
110.6396994,25.64218521,20
110.6355672,25.64011908,20
111.117154,25.43718966,20
110.2534238,25.4153606,20
110.0562436,25.3820331,20
110.0583098,25.38095512,20
110.1724856,25.34942426,20
110.0222873,25.31286282,20
111.0085477,25.31115602,20
110.1524532,25.27935566,20
110.1875773,25.27621156,20
110.1919791,25.27225897,20
110.0325281,25.24450103,20
109.3783749,25.23695518,20
108.5068294,25.22671439,20
108.504943,25.2196177,20
110.2056335,25.2176414,20
110.0148313,25.21117353,20
110.0083634,25.1931174,20
110.1665568,25.19159026,20
110.130175,25.19087161,20
110.1669161,25.18889531,20
110.1705992,25.18790717,20
110.2748037,25.18638003,20
110.1578431,25.18332576,20
110.1753602,25.18332576,20
110.1521837,25.18305626,20
110.1512854,25.18152913,20
110.1560465,25.18090031,20
110.18084,25.1777562,20
110.1414938,25.17586974,20
110.1784145,25.17056968,20
110.0021651,25.17003069,20
110.1597296,25.16868322,20
110.1784145,25.16688659,20
110.1660178,25.16598827,20
110.1657483,25.16589844,20
110.1971893,25.16580861,20
110.1787738,25.16410181,20
110.1784145,25.16023906,20
110.1744619,25.15987973,20
110.1771569,25.1595204,20
110.1752704,25.15943057,20
110.1351157,25.15754411,20
110.152004,25.15745428,20
110.1734738,25.15718478,20
110.1896435,25.15700512,20
110.171228,25.15484916,20
110.1566753,25.15377119,20
110.1540702,25.1481118,20
110.1519142,25.14676433,20
110.1238868,25.13993713,20
110.1694314,25.1381405,20
110.1198444,25.13796084,20
110.1585617,25.1364337,20
110.1618855,25.13553539,20
110.1538007,25.13526589,20
110.1550583,25.13526589,20
110.1612567,25.1347269,20
110.161616,25.13463707,20
110.1619753,25.1332896,20
110.161616,25.13203196,20
110.161616,25.13194212,20
110.1419429,25.12448611,20
110.1388886,25.12098268,20
109.3560069,25.11658093,20
110.1311631,25.11622161,20
110.1560465,25.10948424,20
110.1395175,25.10903509,20
110.1439192,25.10346553,20
110.1394276,25.10301637,20
110.1412243,25.10292654,20
110.1414039,25.10274688,20
110.1418531,25.10202823,20
110.1489498,25.10202823,20
110.1498481,25.10095025,20
110.1417632,25.10068075,20
109.0552509,25.09789598,20
110.1418531,25.09690783,20
110.1275699,25.09636884,20
110.1429311,25.09636884,20
110.1436497,25.09636884,20
110.146704,25.09439255,20
110.21812,25.09097895,20
110.2013216,25.08738569,20
110.2312355,25.07759405,20
109.0455491,25.07534826,20
110.1897333,25.07247365,20
109.0465373,25.06645494,20
108.843518,25.06573629,20
109.0309066,25.05369886,20
110.2484831,25.04606318,20
111.32188,25.04327841,20
109.0069216,25.02836637,20
109.0476152,25.02630025,20
109.1220856,25.02549176,20
109.1169652,25.02315614,20
109.207695,25.0121967,20
108.9328105,25.0119272,20
108.9310139,25.01165771,20
108.9317326,25.01111872,20
108.9317326,25.01102889,20
109.2072459,25.00617799,20
109.1400519,24.99908129,20
108.9886858,24.99297275,20
108.9878773,24.99162528,20
108.9871586,24.99144561,20
110.3560114,24.98830151,20
108.9799721,24.98812185,20
110.355742,24.98686421,20
108.974133,24.97599459,20
107.990927,24.96925723,20
108.7783901,24.96799959,20
111.2853186,24.96269953,20
108.9054119,24.96198087,20
109.0752833,24.96054357,20
111.2678913,24.96018424,20
111.2825338,24.95955542,20
111.2307909,24.95362654,20
111.3900622,24.9438349,20
110.8736207,24.9093396,20
111.271754,24.8945174,20
111.271754,24.8942479,20
109.1089702,24.88679188,20
111.3467634,24.88239014,20
111.3570042,24.88203081,20
111.3473922,24.88122233,20
111.3502668,24.8811325,20
111.3571838,24.88077317,20
111.357094,24.87969519,20
111.3584415,24.87870705,20
111.3506261,24.87843755,20
111.3822468,24.87762907,20
111.3739823,24.87241884,20
110.7716619,24.86532215,20
109.2768653,24.8626272,20
109.0564187,24.85553051,20
111.3209817,24.85418304,20
111.3494583,24.84430157,20
111.3446972,24.84142696,20
111.3446074,24.84025915,20
111.3467634,24.83801336,20
111.3466735,24.8378337,20
111.3570042,24.83495909,20
111.3506261,24.83477943,20
109.3209726,24.8344201,20
109.3205234,24.83361162,20
111.3543991,24.83307263,20
111.3973385,24.83235398,20
111.3178376,24.83136583,20
111.3525126,24.83046752,20
111.3164003,24.82525729,20
111.3163105,24.82507762,20
111.3479312,24.82426914,20
111.3327497,24.82121487,20
111.3183766,24.82058605,20
111.3199037,24.82013689,20
109.3139657,24.8195979,20
111.3307734,24.81914874,20
111.3382294,24.81762161,20
111.3377802,24.81753178,20
110.745521,24.81681312,20
110.744443,24.81654363,20
110.7454311,24.81627413,20
111.397608,24.81600464,20
108.1102232,24.81582498,20
111.3181969,24.81501649,20
111.3182868,24.81465717,20
111.3413735,24.81313003,20
111.3417328,24.8130402,20
109.3151335,24.81214188,20
109.3147742,24.81178256,20
111.3444278,24.81034525,20
111.3467634,24.81016559,20
111.346943,24.80890795,20
111.3306835,24.80854862,20
111.3199037,24.80747064,20
111.3198139,24.80711132,20
111.3158613,24.80657233,20
111.3406548,24.80378755,20
111.3373311,24.79731968,20
111.3646398,24.79372642,20
111.3279886,24.78761788,20
109.7482113,24.78600091,20
111.3687721,24.7848331,20
111.3295157,24.78348563,20
111.3355344,24.78106018,20
111.3250241,24.7797127,20
111.3344565,24.77881439,20
111.3345463,24.77854489,20
109.0613595,24.77836523,20
111.3199936,24.7782754,20
111.3733535,24.77710759,20
109.0740257,24.77692792,20
109.0742952,24.77576011,20
111.3695806,24.77567028,20
109.0490525,24.77549062,20
111.3676941,24.77495163,20
109.0586645,24.77414315,20
109.0491424,24.77279567,20
109.058395,24.77270584,20
111.3709281,24.77270584,20
109.0489627,24.77216685,20
111.3679636,24.77180753,20
111.3611364,24.7714482,20
109.0593832,24.77108888,20
109.0558797,24.77099904,20
109.0553407,24.77046005,20
109.0782478,24.77019056,20
109.0538136,24.76866342,20
111.3676941,24.76767528,20
109.0612696,24.76650747,20
109.0609103,24.76614814,20
109.06109,24.76471084,20
111.3682331,24.76417185,20
109.0586645,24.76408202,20
111.3716467,24.76408202,20
109.0969327,24.76399218,20
109.053095,24.76381252,20
109.0965734,24.76372269,20
111.3690416,24.7634532,20
109.0611798,24.76228539,20
108.8812472,24.76183623,20
109.0695341,24.7617464,20
108.8766658,24.76102774,20
109.0703426,24.76075825,20
111.3727247,24.76075825,20
111.3694907,24.76030909,20
108.8788218,24.75968027,20
109.0555204,24.75959044,20
111.3703891,24.75950061,20
111.3673348,24.75932095,20
111.3673348,24.75860229,20
109.0673782,24.75824297,20
111.3649992,24.75824297,20
111.3678738,24.75815314,20
111.3684128,24.75815314,20
109.0543526,24.75770398,20
111.364011,24.75761415,20
109.0671087,24.75734465,20
109.0660307,24.75599718,20
109.0517475,24.75276324,20
109.0597425,24.75132594,20
111.3391277,24.75123611,20
111.340565,24.75033779,20
109.0548916,24.74970897,20
111.3410142,24.74925981,20
111.3423616,24.74881066,20
109.0486034,24.74872082,20
109.048783,24.74872082,20
111.3448769,24.74818184,20
111.3454159,24.748092,20
111.3451464,24.74755301,20
111.3462244,24.74746318,20
108.828606,24.74728352,20
109.0330625,24.74386992,20
109.0744749,24.74306144,20
108.8972373,24.7418038,20
109.0746545,24.74126481,20
109.0766308,24.74072582,20
109.0624374,24.74063599,20
109.0789664,24.74063599,20
109.0601916,24.74027666,20
109.0677375,24.7398275,20
109.0691748,24.73946818,20
109.0794156,24.73937835,20
109.3247455,24.73883936,20
109.0719596,24.73848003,20
109.0585747,24.7381207,20
109.0695341,24.7381207,20
109.059473,24.73767155,20
109.0835478,24.73758172,20
109.0853445,24.73758172,20
109.0724986,24.73749188,20
109.0512983,24.73731222,20
109.0393507,24.73722239,20
109.0884886,24.73722239,20
109.0857936,24.73704273,20
109.0513882,24.73686306,20
109.0380931,24.73677323,20
109.0797749,24.73677323,20
109.0802241,24.73659357,20
109.0495915,24.73569525,20
109.0920818,24.73479694,20
109.0759122,24.73461727,20
109.0790563,24.73452744,20
109.0920818,24.73452744,20
109.0922615,24.73452744,20
109.3816089,24.73452744,20
109.0618086,24.73416812,20
109.0947768,24.73389862,20
109.0951361,24.73389862,20
109.0518373,24.73371896,20
109.0529153,24.7335393,20
109.0530051,24.73317997,20
109.0954954,24.73317997,20
109.0500407,24.73291048,20
109.0739359,24.73237149,20
109.0648629,24.73219182,20
109.0722291,24.73201216,20
109.0647731,24.73165283,20
109.0651324,24.73129351,20
109.0681867,24.73084435,20
109.3573543,24.73021553,20
109.358073,24.73021553,20
109.0638747,24.72994604,20
109.0665697,24.72994604,20
109.357534,24.72994604,20
109.0778885,24.7298562,20
109.0637849,24.72967654,20
109.0618984,24.72958671,20
109.0626171,24.72940705,20
109.0788766,24.72922738,20
109.0774393,24.72895789,20
109.0774393,24.72868839,20
109.0686358,24.72716126,20
109.0672883,24.72608328,20
109.0772596,24.72491547,20
109.1113956,24.72482564,20
109.1134617,24.72473581,20
109.1114855,24.72455614,20
109.0787868,24.72428665,20
109.0777986,24.72383749,20
109.0655815,24.72365783,20
109.0777986,24.723568,20
109.0866919,24.72257985,20
109.3587916,24.72177137,20
109.3613069,24.72132221,20
109.3563662,24.72123238,20
109.3615764,24.72087305,20
109.3566357,24.72069339,20
109.7035651,24.71952558,20
110.4956995,24.71835777,20
109.110677,24.71754928,20
110.4981249,24.71692046,20
109.0826495,24.7133272,20
109.2799196,24.71090175,20
109.0294693,24.70614068,20
108.320429,24.7050627,20
110.7727399,24.70416439,20
110.7722009,24.70290675,20
110.7735484,24.70200843,20
110.7727399,24.70111011,20
110.7723806,24.70102028,20
108.8292348,24.6967982,20
108.8299534,24.69625921,20
109.1418485,24.69410326,20
109.2827043,24.68619808,20
109.2829738,24.68583875,20
109.282884,24.68574892,20
109.119211,24.6834133,20
109.6061877,24.68305398,20
109.5981927,24.67110638,20
109.599091,24.67083689,20
109.6187641,24.67002841,20
109.5269563,24.66778262,20
111.1641359,24.66679447,20
109.2023051,24.66320121,20
109.6683511,24.65879946,20
109.6684409,24.65879946,20
109.1459808,24.65817064,20
109.1462503,24.65808081,20
111.1649444,24.65628418,20
109.29034,24.65314008,20
111.7837938,24.65197227,20
109.2010475,24.64972648,20
109.2009577,24.64963665,20
109.1983525,24.64810951,20
111.1660223,24.64810951,20
109.2075154,24.64784002,20
109.019498,24.64631288,20
111.1707834,24.64200097,20
108.4215793,24.640384,20
108.4215793,24.64020434,20
109.0831885,24.63346697,20
109.0830987,24.63337714,20
109.5990012,24.63059236,20
109.5857061,24.63032287,20
108.4245438,24.63014321,20
109.583101,24.62996354,20
109.5914553,24.62978388,20
109.6132844,24.62978388,20
109.5912756,24.62960422,20
109.5792382,24.62924489,20
109.5838196,24.62888557,20
109.6131945,24.6287059,20
109.5875926,24.62735843,20
109.5893892,24.6269991,20
109.0810326,24.62583129,20
109.0812122,24.62574146,20
109.6034029,24.62313635,20
109.6323287,24.62250753,20
109.6027741,24.62178888,20
108.9237376,24.62062107,20
110.4680314,24.61334471,20
111.1826412,24.61235656,20
109.1496638,24.60966162,20
111.1947684,24.60777516,20
109.6837123,24.60750566,20
110.4681212,24.60642768,20
110.4689297,24.60624802,20
111.2931339,24.60525987,20
108.4038825,24.60517004,20
108.406308,24.60463105,20
109.6740105,24.6022056,20
111.3907808,24.59888184,20
110.8468509,24.59277329,20
110.9243755,24.58962919,20
109.4708116,24.58262233,20
108.9185273,24.57462732,20
108.8736116,24.5691476,20
108.9683838,24.56860861,20
108.9700906,24.56717131,20
108.9568854,24.56699164,20
108.9347868,24.5625899,20
108.9724262,24.56250007,20
108.935236,24.56241023,20
108.9721567,24.5606136,20
108.9182578,24.5591763,20
108.9235579,24.55827798,20
108.9309241,24.55818815,20
108.9206833,24.55809832,20
108.816299,24.55791866,20
109.0124013,24.557739,20
108.9206833,24.55711017,20
109.3408253,24.55414573,20
108.3943604,24.55216944,20
109.117594,24.55010332,20
108.8302229,24.54731854,20
108.8300433,24.54722871,20
109.0805834,24.54138966,20
109.0806732,24.54120999,20
109.0803139,24.54040151,20
111.4703716,24.53932353,20
109.1009752,24.53887437,20
108.6308868,24.53860488,20
108.9884163,24.53851505,20
109.0961243,24.53851505,20
111.4726173,24.53824555,20
109.0957649,24.53806589,20
111.4731563,24.53734724,20
109.0942378,24.53680825,20
109.1018735,24.53662859,20
109.0975616,24.53644892,20
109.1015142,24.53644892,20
109.0944175,24.53635909,20
109.0933395,24.53626926,20
109.0896564,24.5360896,20
109.0857038,24.53599977,20
109.0972921,24.53599977,20
109.0888479,24.53564044,20
109.0981006,24.53564044,20
109.0847157,24.53546078,20
109.0967531,24.53546078,20
109.0859733,24.53537094,20
109.5290224,24.53537094,20
109.0878598,24.53528111,20
109.0962141,24.53492179,20
109.0982802,24.53402347,20
109.0953158,24.53393364,20
109.0952259,24.53375398,20
108.3281545,24.53258617,20
109.0772596,24.53204718,20
108.7181132,24.53186752,20
109.0913632,24.53150819,20
109.0780681,24.53132853,20
109.078158,24.53132853,20
109.0907344,24.53105903,20
109.0777088,24.53069971,20
109.0923513,24.53052004,20
109.5173443,24.53016072,20
109.5177036,24.53016072,20
109.0840868,24.53007088,20
109.0842665,24.53007088,20
111.474414,24.52980139,20
108.9758398,24.5278251,20
111.482409,24.52369285,20
111.3605974,24.52324369,20
111.3596991,24.52216571,20
111.4730665,24.52126739,20
111.0516668,24.51749447,20
111.324036,24.51569784,20
108.4934445,24.51542835,20
108.975211,24.51542835,20
111.3247546,24.51461986,20
111.3234072,24.51453003,20
111.3250241,24.5144402,20
111.3234072,24.5141707,20
108.9643414,24.51408087,20
111.3118189,24.51399104,20
108.9723364,24.51372155,20
109.3617561,24.51111643,20
109.3613069,24.51075711,20
109.102682,24.50994862,20
109.1027718,24.50698418,20
109.3562764,24.50698418,20
109.6255913,24.50491806,20
109.6318795,24.50491806,20
109.6319693,24.50491806,20
108.5242567,24.50177395,20
109.2133544,24.49943833,20
111.1900972,24.49836036,20
108.820611,24.49809086,20
108.8207906,24.49809086,20
109.3456762,24.49629423,20
109.3452271,24.49611457,20
111.1800361,24.49440777,20
109.2012271,24.4942281,20
111.1798564,24.49413827,20
111.1802157,24.49395861,20
108.9408055,24.49323996,20
108.8268992,24.49315013,20
108.5831862,24.49270097,20
109.3455864,24.49261114,20
109.3436101,24.49252131,20
108.5840845,24.49207215,20
109.3439694,24.49162299,20
109.3441491,24.49162299,20
109.1916152,24.49153316,20
109.1940406,24.49153316,20
109.3437898,24.49126366,20
109.3432508,24.49090434,20
109.1928728,24.49054501,20
111.1891989,24.49000602,20
109.1936813,24.4896467,20
109.1941305,24.48928737,20
111.1891989,24.48901788,20
111.2278264,24.48892804,20
111.1577578,24.48722125,20
108.7772223,24.47931607,20
109.5864247,24.47536348,20
111.2006075,24.47527365,20
111.5185213,24.47464483,20
111.5279536,24.47383635,20
111.1524578,24.47365668,20
108.5672861,24.47266854,20
108.4508644,24.47248887,20
108.4755681,24.47221938,20
109.6159793,24.47212955,20
108.5675555,24.47194989,20
109.6160691,24.47132107,20
108.7588069,24.47105157,20
108.5602792,24.47060241,20
108.5605487,24.47060241,20
108.5679149,24.46997359,20
108.5681844,24.46997359,20
108.817916,24.4694346,20
109.2341953,24.46907528,20
108.7641069,24.46889561,20
111.10862,24.46844646,20
111.3938351,24.46808713,20
108.761412,24.46781764,20
108.57052,24.4677278,20
108.7893496,24.4648532,20
108.4746697,24.46476336,20
109.1139109,24.46350572,20
109.1140906,24.46341589,20
108.5735743,24.46224808,20
108.6581956,24.46161926,20
108.6583752,24.46161926,20
108.6584651,24.46161926,20
108.5759099,24.46152943,20
109.1296314,24.46125993,20
111.246691,24.45955313,20
109.1307094,24.4594633,20
111.5893085,24.45874465,20
111.1115844,24.45856499,20
108.7921344,24.45497173,20
109.9007453,24.45479206,20
110.4169172,24.45389375,20
109.3926581,24.45353442,20
108.4864377,24.45308526,20
111.2655557,24.45182762,20
111.2711252,24.45074965,20
108.7736291,24.44500043,20
108.5822879,24.44302413,20
108.5823777,24.44302413,20
108.7693172,24.4429343,20
108.7685087,24.44275464,20
108.7732697,24.44167666,20
111.2662743,24.43996986,20
111.2661845,24.43970037,20
108.5980084,24.43934104,20
111.267532,24.43907155,20
111.3018476,24.43718508,20
109.4086481,24.43709525,20
111.2691489,24.43673593,20
111.2692388,24.4366461,20
111.2690591,24.43583761,20
111.2858576,24.43422064,20
111.2731913,24.43404098,20
111.2639387,24.43278334,20
111.2643879,24.43215452,20
111.2655557,24.43206469,20
111.2657353,24.43206469,20
111.2630404,24.4315257,20
111.0868808,24.43116637,20
111.2666336,24.43107654,20
111.2624116,24.43080705,20
111.0868808,24.43062738,20
108.8566334,24.42838159,20
109.1714929,24.42613581,20
109.1738285,24.42568665,20
109.1824524,24.42559682,20
110.9721659,24.42550699,20
109.17302,24.42478833,20
111.3010391,24.42433918,20
110.974232,24.42290187,20
108.6306173,24.4215544,20
109.1819134,24.42137474,20
109.1823625,24.42110524,20
108.6192985,24.42092558,20
108.620646,24.42011709,20
108.6208256,24.42011709,20
109.3379507,24.4198476,20
111.2942119,24.41823063,20
111.3271801,24.41805097,20
109.6735613,24.41427804,20
108.4693697,24.41346956,20
111.2770541,24.41257125,20
111.300051,24.41230175,20
111.2891814,24.41212209,20
111.2759761,24.41122377,20
109.176793,24.41113394,20
109.1039396,24.41077461,20
111.2694184,24.41005596,20
111.3022069,24.40960681,20
108.6183104,24.40951697,20
108.4844614,24.408439,20
108.4820359,24.40790001,20
108.4823054,24.40781017,20
111.3101121,24.40736102,20
109.6694291,24.40718135,20
111.3031052,24.40709152,20
108.4892225,24.40682203,20
108.4900309,24.40682203,20
111.3021171,24.4067322,20
111.3031951,24.4067322,20
109.2289851,24.40655253,20
108.4757477,24.40637287,20
108.4880546,24.40610338,20
109.218385,24.40610338,20
108.4903903,24.40592371,20
108.4763765,24.40583388,20
108.4900309,24.40574405,20
108.422298,24.40556439,20
108.4760172,24.40547455,20
109.2028441,24.40538472,20
109.2207206,24.40466607,20
111.3022968,24.40466607,20
109.2440768,24.40421691,20
111.3049917,24.4016118,20
109.2214392,24.40152197,20
111.3045426,24.4013423,20
108.4838326,24.40035416,20
108.4850004,24.39918635,20
108.4822156,24.39900668,20
111.3140647,24.39900668,20
111.3049019,24.39855753,20
108.4824851,24.3984677,20
109.2188341,24.3984677,20
111.3543092,24.3984677,20
108.4854495,24.39828803,20
108.4833834,24.3981982,20
108.4831139,24.39810837,20
111.3051714,24.39801854,20
108.4850902,24.39783887,20
111.3226885,24.39640157,20
111.3694009,24.39155067,20
111.3591601,24.38894555,20
111.3579923,24.38885572,20
111.3733535,24.38005223,20
111.3858401,24.37708779,20
111.3716467,24.37690813,20
111.3693111,24.37385386,20
109.2175765,24.37376403,20
111.3790129,24.37295554,20
111.3791926,24.37277588,20
111.3797315,24.37259622,20
111.3561059,24.37250638,20
111.356555,24.37241655,20
111.3785637,24.37205723,20
111.3574533,24.37124874,20
111.3796417,24.36738599,20
111.3681433,24.36711649,20
111.3682331,24.36702666,20
111.3689518,24.36693683,20
109.2365309,24.36352323,20
109.235453,24.36244525,20
111.480792,24.35903165,20
109.2623126,24.35759435,20
108.5909117,24.35606721,20
109.2552159,24.34950951,20
111.4816005,24.34708406,20
111.3809892,24.34600608,20
111.3813485,24.34546709,20
111.3715569,24.34465861,20
111.3781146,24.34429928,20
111.3716467,24.34420945,20
111.3773959,24.34420945,20
111.3817078,24.34402979,20
111.3713772,24.34376029,20
111.3746111,24.34367046,20
111.3713772,24.34358063,20
111.3744315,24.3434908,20
111.3711077,24.34331114,20
111.37524,24.34331114,20
111.371467,24.34313147,20
108.5301856,24.34232299,20
108.529467,24.34169417,20
108.49587,24.34097552,20
108.5259635,24.33792125,20
108.5247957,24.33729242,20
111.4776479,24.33612461,20
111.4783666,24.33477714,20
111.4771089,24.33396866,20
111.4697427,24.32552449,20
108.5944152,24.32543466,20
108.5908219,24.32471601,20
108.5915406,24.32453635,20
108.5910016,24.32435668,20
111.6605449,24.31950578,20
111.4446797,24.31501421,20
111.4453086,24.31402606,20
108.6113035,24.31097179,20
111.4438713,24.3067497,20
108.6158849,24.30612088,20
109.853404,24.30414459,20
109.8490921,24.3038751,20
109.8529549,24.3038751,20
109.8520566,24.30171914,20
107.2950919,24.30001234,20
107.2900614,24.29911403,20
108.5232686,24.28689694,20
108.5211126,24.27638665,20
108.5247957,24.27602732,20
107.3291381,24.27216457,20
111.3029256,24.26991878,20
108.5247957,24.26982895,20
111.3010391,24.26964928,20
111.2214484,24.26767299,20
109.2785721,24.26668484,20
111.3062494,24.26668484,20
111.2208196,24.26551703,20
109.2810874,24.26407973,20
111.2213586,24.26407973,20
111.2202806,24.2637204,20
109.2678821,24.26327125,20
109.2688703,24.26327125,20
109.2691398,24.26291192,20
109.2804586,24.26048647,20
109.282884,24.25815085,20
111.3042731,24.25707287,20
109.2615041,24.23802859,20
111.2935831,24.23695061,20
111.3090341,24.23560313,20
109.356995,24.22644032,20
111.1897379,24.22518268,20
109.2392259,24.22311655,20
109.7235077,24.21817582,20
109.7231483,24.21718767,20
111.2936729,24.21485205,20
111.2948407,24.21440289,20
111.2855881,24.20802486,20
109.3725359,24.2024553,20
109.3734342,24.20209597,20
109.3737037,24.20200614,20
109.3736138,24.19877221,20
109.3129776,24.18062624,20
111.2833423,24.18008725,20
109.3297761,24.17074477,20
109.3331897,24.16158196,20
109.3371422,24.15816836,20
109.8638245,24.15637173,20
109.8775687,24.14810723,20
109.7821676,24.14801739,20
109.7991458,24.14199868,20
109.8039967,24.1411902,20
109.7992356,24.14083087,20
109.7989661,24.14074104,20
109.7992356,24.13984273,20
109.7993255,24.13975289,20
109.3032758,24.13732744,20
109.5253393,24.11864248,20
109.7711184,24.11855265,20
109.770759,24.11738484,20
109.7706692,24.11729501,20
108.0215595,24.11630686,20
109.7541402,24.11603737,20
109.7690522,24.11585771,20
109.7550385,24.11352209,20
109.7642912,24.11334242,20
109.7529724,24.11307293,20
109.5243512,24.11226445,20
109.5239918,24.11046782,20
109.7541402,24.11046782,20
109.5250698,24.11037798,20
109.7544097,24.11028815,20
109.7507266,24.10876102,20
108.4383778,24.10687455,20
109.5108764,24.10319146,20
109.9164658,24.10229315,20
108.0281172,24.10202365,20
109.7377909,24.10139483,20
109.9149386,24.10139483,20
109.7381502,24.10076601,20
109.9157471,24.0961846,20
109.881162,24.09537612,20
108.0273986,24.09250151,20
108.0402445,24.09124387,20
108.0307223,24.08953707,20
108.0336868,24.08702179,20
108.0347648,24.08657263,20
108.0344054,24.08585398,20
108.6395106,24.07237925,20
108.6393309,24.07219958,20
108.6404089,24.07210975,20
108.0407835,24.07184026,20
108.6422055,24.07067245,20
109.8039967,24.07013346,20
109.8066018,24.06905548,20
109.8209749,24.06689952,20
109.8215139,24.0662707,20
109.7405756,24.0616893,20
108.6324139,24.06124014,20
109.7420129,24.05908418,20
109.7408451,24.05773671,20
109.7394078,24.0562994,20
111.7418424,24.05378412,20
108.0556955,24.04605861,20
109.3958022,24.04587895,20
109.8184596,24.03941108,20
109.8168426,24.03779411,20
109.815585,24.03644664,20
109.7629437,24.03581782,20
108.0551565,24.03563815,20
109.8188189,24.03545849,20
109.5705246,24.03438051,20
108.0558752,24.03429068,20
109.7628539,24.03420085,20
111.722888,24.03204489,20
111.7343864,24.03141607,20
111.7226185,24.03123641,20
111.7342966,24.03114658,20
111.7321406,24.02818214,20
109.5692669,24.0280923,20
109.5690873,24.02791264,20
111.729805,24.02602618,20
111.7199235,24.02512786,20
111.720193,24.0249482,20
111.7343864,24.02467871,20
111.7214507,24.02279224,20
109.8454989,24.02171427,20
111.736722,24.02000747,20
111.6793197,24.01857016,20
111.6856977,24.01857016,20
111.6778824,24.01848033,20
111.7431001,24.01821084,20
111.7225287,24.01776168,20
111.6816553,24.01731252,20
111.6767146,24.01632437,20
111.6768942,24.01623454,20
111.6912673,24.01614471,20
111.6891113,24.01560572,20
111.6884825,24.01533623,20
111.6998013,24.01515656,20
111.6895605,24.01506673,20
111.6875842,24.01470741,20
111.7033945,24.01461757,20
109.3923886,24.0132701,20
111.739417,24.01309044,20
111.7335779,24.01300061,20
111.6762654,24.01273111,20
109.9520391,24.01219212,20
111.6948605,24.01219212,20
111.7330389,24.01210229,20
111.7341169,24.01210229,20
109.9542848,24.0118328,20
109.7792032,24.01111414,20
109.7740828,24.00994634,20
111.5467284,24.00976667,20
111.7375305,24.00895819,20
109.7747116,24.00886836,20
111.6754569,24.00859886,20
109.7731845,24.00716156,20
111.5178924,24.00608358,20
109.8410073,24.00365813,20
111.5295705,24.00266998,20
109.7871084,24.00258015,20
111.6641382,24.00087335,20
109.8410971,23.99880723,20
109.8518769,23.99728009,20
109.0645934,23.9967411,20
111.7629528,23.9967411,20
109.0224624,23.99647161,20
109.8515176,23.99647161,20
109.8518769,23.99647161,20
109.8218732,23.99638177,20
109.0235404,23.99620211,20
111.6686297,23.99584279,20
109.5566007,23.99458514,20
109.8565481,23.99449531,20
111.6241631,23.99422582,20
109.5541752,23.99377666,20
109.5544447,23.99323767,20
109.8216935,23.99314784,20
111.6789604,23.99242919,20
111.7631325,23.9916207,20
111.6816553,23.98919525,20
111.671684,23.98883593,20
109.7907016,23.98730879,20
109.9364982,23.98650031,20
111.6732111,23.98596132,20
111.6591974,23.98371553,20
109.7916898,23.98272738,20
109.7916,23.98254772,20
109.7923186,23.98236806,20
109.7918694,23.98182907,20
109.7898033,23.98129008,20
111.6659348,23.97572052,20
109.7903423,23.97392389,20
111.6666534,23.97302558,20
109.944583,23.97221709,20
109.7961814,23.97203743,20
111.6726722,23.96817467,20
111.673301,23.96790518,20
111.6726722,23.96574922,20
111.6726722,23.96565939,20
108.045275,23.96530007,20
109.9294913,23.96377293,20
109.6176861,23.96062883,20
109.930749,23.96062883,20
109.2230562,23.95982034,20
111.6759061,23.95613725,20
111.6761756,23.95595759,20
111.5200484,23.9551491,20
111.765558,23.95119652,20
111.6781519,23.94922022,20
109.534053,23.94329134,20
109.5268664,23.94320151,20
111.7056403,23.93924892,20
111.6999809,23.93915909,20
109.6115776,23.93897943,20
111.7056403,23.93879976,20
109.5252495,23.93772179,20
109.7806405,23.93709297,20
109.613464,23.93601499,20
109.78091,23.93583532,20
109.526058,23.93502684,20
109.5236325,23.9334997,20
109.5256088,23.93340987,20
108.1192064,23.93260139,20
109.5251596,23.93188274,20
109.6935039,23.9306251,20
109.7246755,23.9303556,20
109.7247653,23.92990644,20
108.0203019,23.92954712,20
111.7050115,23.9286488,20
108.1162419,23.92568436,20
111.5406198,23.92334874,20
111.7071675,23.92245043,20
108.6258562,23.92074363,20
111.7090539,23.9206538,20
111.7084251,23.9203843,20
108.6278325,23.92002498,20
111.7109404,23.91930632,20
108.1026774,23.91822834,20
109.4133194,23.91768936,20
108.1023181,23.9169707,20
108.1064503,23.91688087,20
109.5214765,23.91580289,20
108.6280122,23.91571306,20
108.6281918,23.91544357,20
111.7057302,23.91400626,20
108.1164216,23.9087062,20
109.47162,23.90358581,20
111.7355542,23.90142985,20
109.4911135,23.90107052,20
109.4904847,23.9007112,20
109.4912932,23.9007112,20
109.1193906,23.89927389,20
109.484466,23.89909423,20
109.4346993,23.89855524,20
111.7443577,23.89783659,20
111.7446272,23.89765692,20
111.5393622,23.89747726,20
111.7498374,23.89621962,20
111.7499273,23.89621962,20
109.3878072,23.89595013,20
111.7501968,23.89595013,20
111.5473572,23.89586029,20
111.5461894,23.89496198,20
111.5331638,23.89451282,20
109.3868191,23.89433316,20
109.3868191,23.89334501,20
108.11193,23.89289585,20
111.7438187,23.89163821,20
111.7989753,23.89118905,20
109.7548589,23.8904704,20
111.7342068,23.89038057,20
111.7965498,23.89020091,20
111.7360034,23.88993141,20
109.4846456,23.88984158,20
111.794843,23.88984158,20
111.7951125,23.88975175,20
111.5553522,23.88840428,20
111.7896328,23.88840428,20
109.4159245,23.8873263,20
108.6207358,23.8870568,20
108.6213646,23.88696697,20
111.5273247,23.88687714,20
111.5274146,23.88669748,20
109.1182228,23.88606866,20
108.115164,23.88570933,20
109.7578233,23.88552967,20
109.7671658,23.88517034,20
109.7642912,23.88472118,20
111.5188806,23.88409236,20
111.521845,23.88310422,20
111.798077,23.88301439,20
111.5214857,23.88292455,20
109.4313755,23.88274489,20
111.7985261,23.88265506,20
109.4306569,23.88121775,20
109.5075527,23.87690584,20
109.7389587,23.87546854,20
109.7285382,23.87537871,20
111.7493883,23.87501938,20
109.7412943,23.87474988,20
111.7561256,23.87457022,20
111.7545087,23.87331258,20
109.4196974,23.87187528,20
109.3657087,23.868821,20
111.7725648,23.86792269,20
109.3648104,23.86765319,20
109.3643612,23.86549724,20
109.3640917,23.86379044,20
111.7731936,23.86370061,20
109.3605883,23.86361078,20
109.3632832,23.86307179,20
109.3732545,23.86208364,20
111.7643003,23.86154465,20
111.803916,23.86145482,20
111.7761581,23.86046667,20
111.7761581,23.86037684,20
108.6161544,23.85929886,20
108.610495,23.85840055,20
111.757563,23.85840055,20
109.3631036,23.85759206,20
109.3631036,23.85732257,20
111.771397,23.85723274,20
108.6152561,23.85705307,20
109.3103725,23.85705307,20
109.3631934,23.85687341,20
109.3637324,23.85660392,20
109.3635527,23.85624459,20
109.2420107,23.85579543,20
108.9260732,23.85453779,20
108.6061831,23.85265133,20
109.7359942,23.85148352,20
108.9305648,23.85130386,20
108.9183477,23.85112419,20
108.926163,23.8508547,20
108.6123815,23.85022588,20
108.9157425,23.84977672,20
108.9196951,23.84878857,20
108.9354157,23.84824958,20
108.9162815,23.84636312,20
109.110138,23.8460038,20
109.1237025,23.84582413,20
108.9338885,23.84438683,20
108.6164239,23.84411733,20
108.918707,23.84393767,20
111.7618749,23.84285969,20
109.1155279,23.84160205,20
108.9034356,23.83998508,20
111.7637613,23.83791896,20
111.5202281,23.83648165,20
108.9087357,23.83612233,20
108.9091848,23.83612233,20
108.9092747,23.83594266,20
108.9179883,23.83567317,20
108.9076577,23.83558334,20
108.9093645,23.83558334,20
111.7767869,23.83549351,20
108.9093645,23.83513418,20
111.7766971,23.83450536,20
108.918707,23.83360704,20
108.9019085,23.83324772,20
108.9059509,23.83324772,20
108.9082865,23.83324772,20
106.5661989,23.83118159,20
108.9121493,23.83019345,20
108.9011898,23.82938496,20
108.8951711,23.82911547,20
108.918168,23.82902564,20
108.8970576,23.82884597,20
108.9152934,23.82821715,20
108.9019983,23.82812732,20
108.91709,23.82812732,20
108.9002017,23.82803749,20
108.9020882,23.8274985,20
109.1221754,23.82740867,20
108.920324,23.82677985,20
108.8961593,23.82660019,20
108.920324,23.82651035,20
108.8957101,23.82516288,20
108.911251,23.82462389,20
108.8968779,23.82390524,20
108.8907694,23.82363575,20
108.8921169,23.82327642,20
108.8924762,23.82300692,20
108.9230189,23.82282726,20
108.9231087,23.82282726,20
108.8923864,23.82228827,20
108.8954406,23.82183911,20
108.8958898,23.82174928,20
108.8966983,23.82165945,20
108.8902304,23.82156962,20
108.8976864,23.82147979,20
108.8980457,23.82085097,20
108.8986746,23.82049164,20
108.899483,23.82022215,20
108.8992135,23.82013232,20
108.91709,23.81986282,20
108.8992135,23.81968316,20
108.9006509,23.81932383,20
108.9022678,23.81878484,20
108.8898711,23.81869501,20
108.9284986,23.81842552,20
108.902178,23.8175272,20
108.8910389,23.81707804,20
108.8921169,23.81662889,20
108.8931948,23.81644922,20
108.9029865,23.8160899,20
109.1423875,23.81600007,20
108.9037051,23.81591023,20
109.142118,23.81591023,20
108.9332597,23.8158204,20
108.9031661,23.81510175,20
108.900022,23.81420343,20
108.8997525,23.81402377,20
108.1462457,23.81339495,20
108.8982254,23.81285596,20
108.8977762,23.81276613,20
108.8983152,23.81276613,20
108.9022678,23.81186781,20
108.9023577,23.81177798,20
108.8997525,23.81168815,20
108.902717,23.81105933,20
108.9257138,23.81105933,20
108.9022678,23.8109695,20
108.9030763,23.81061017,20
108.8986746,23.81043051,20
108.903795,23.80998135,20
108.8984949,23.8078254,20
109.7838744,23.80773556,20
109.7854914,23.80764573,20
108.8993034,23.8075559,20
108.9054119,23.80737624,20
108.8971474,23.80638809,20
109.1219957,23.80629826,20
109.1244212,23.80620843,20
109.3636426,23.80620843,20
109.1219957,23.80575927,20
109.1223551,23.80575927,20
109.1206483,23.80539994,20
108.8990339,23.80477112,20
108.8975067,23.8044118,20
108.8976864,23.80432197,20
108.8976864,23.80369315,20
108.8976864,23.8024355,20
109.1135516,23.80045921,20
109.1466096,23.79821342,20
106.6651034,23.7978541,20
109.1564012,23.79336252,20
108.9564362,23.79309303,20
109.150113,23.78949976,20
109.1494842,23.78842179,20
110.461294,23.78833195,20
109.1494842,23.78824212,20
108.93308,23.78662516,20
108.9399072,23.78312173,20
106.6534253,23.78267257,20
106.8365918,23.78195392,20
107.5936021,23.78069627,20
108.1571153,23.78060644,20
107.5939614,23.78015729,20
108.9339783,23.77979796,20
108.9255342,23.77970813,20
108.9473632,23.77863015,20
107.5818342,23.77773183,20
106.8266205,23.77746234,20
107.5814749,23.77737251,20
107.6034836,23.77692335,20
107.6036632,23.77683352,20
109.2831535,23.77683352,20
109.283423,23.77602504,20
106.8304833,23.77566571,20
106.8303934,23.77530638,20
109.2166782,23.77234194,20
108.9540108,23.77207245,20
106.818356,23.77189278,20
106.8351545,23.77081481,20
106.8082051,23.77000632,20
106.8345257,23.76946733,20
108.9494294,23.76686222,20
109.2739907,23.76272997,20
109.1311586,23.76030452,20
109.6520916,23.75823839,20
109.6518221,23.7576994,20
109.2712059,23.75662143,20
108.1713985,23.75536378,20
109.0935191,23.75509429,20
108.6387919,23.75500446,20
109.2882739,23.75428581,20
108.9485311,23.75374682,20
109.2749788,23.75159086,20
109.2888129,23.75060271,20
108.67185,23.75051288,20
109.2889027,23.7494349,20
109.2574617,23.74745861,20
106.8151221,23.74620097,20
108.1731951,23.74521282,20
108.6534345,23.74503316,20
108.6551413,23.74485349,20
107.6178566,23.74359585,20
106.8186255,23.74341619,20
109.633766,23.74332636,20
106.8010185,23.7428772,20
107.618216,23.74260771,20
108.9436802,23.74179922,20
106.8223086,23.74152973,20
109.6391558,23.74152973,20
108.942153,23.74018226,20
108.942692,23.74009242,20
109.2906993,23.73991276,20
109.637988,23.73928394,20
106.797066,23.73910428,20
109.6358321,23.73766697,20
109.633766,23.73739748,20
109.6331371,23.73730765,20
108.66116,23.73479236,20
108.9152036,23.73452287,20
109.293035,23.73389405,20
109.2931248,23.73389405,20
109.0981904,23.73236691,20
108.9134069,23.73173809,20
108.6641244,23.72958213,20
109.0962141,23.72877365,20
109.0963039,23.72877365,20
108.9408954,23.72850416,20
107.6377094,23.7277855,20
108.6660109,23.72688719,20
108.9174493,23.72598887,20
108.9154731,23.72589904,20
108.9461056,23.72482106,20
108.9471836,23.72266511,20
108.9471836,23.72203629,20
107.0575774,23.72176679,20
108.9440395,23.72050915,20
108.941614,23.72041932,20
108.9365835,23.72023966,20
108.941614,23.71997016,20
108.9359546,23.71943117,20
108.9430513,23.71916168,20
108.9419734,23.71907185,20
111.1045776,23.71907185,20
108.942692,23.71772437,20
108.9454768,23.71691589,20
108.9403564,23.71547858,20
108.9594905,23.7149396,20
108.9419734,23.71413111,20
109.6683511,23.71341246,20
107.086054,23.7129633,20
109.6678121,23.70712425,20
109.6714054,23.702992,20
108.6740059,23.69993773,20
109.6681714,23.69975807,20
109.6697884,23.69921908,20
109.4267043,23.69859026,20
109.4948864,23.69760211,20
109.6719444,23.69652413,20
109.672124,23.69625464,20
109.4149364,23.69607497,20
107.0905456,23.69517666,20
107.0912642,23.69445801,20
109.218385,23.69427834,20
109.217846,23.69400885,20
109.6712257,23.69311053,20
108.6848755,23.69257155,20
109.681736,23.69194272,20
109.6819157,23.69176306,20
109.6818258,23.6915834,20
109.6824546,23.6915834,20
109.6819157,23.69050542,20
109.6804784,23.69041559,20
109.6722139,23.69023593,20
110.2897158,23.69014609,20
109.6863174,23.68888845,20
108.8406434,23.68843929,20
109.1784099,23.68834946,20
108.8565436,23.68825963,20
109.4951559,23.68718165,20
108.8419909,23.6867325,20
109.6909886,23.6867325,20
109.4955152,23.68655283,20
109.1811947,23.68574435,20
109.1764336,23.68547485,20
109.6691596,23.6850257,20
109.6891022,23.6850257,20
109.1777811,23.68493587,20
109.1802066,23.68358839,20
109.6938632,23.6830494,20
107.0505705,23.68277991,20
108.6827196,23.68170193,20
109.7009599,23.68170193,20
109.6928751,23.6816121,20
109.696648,23.68107311,20
109.6968277,23.68107311,20
109.6999718,23.68107311,20
109.696109,23.68089345,20
108.8839422,23.68080362,20
109.6949412,23.67963581,20
109.6958395,23.67963581,20
108.1687934,23.67954597,20
109.6963785,23.67954597,20
109.7026667,23.67855783,20
110.3327451,23.6781985,20
110.296004,23.67792901,20
109.1625098,23.6764917,20
109.1625996,23.67586288,20
109.6963785,23.67343743,20
109.6959294,23.6730781,20
109.6880242,23.67173063,20
109.69027,23.67173063,20
108.8678623,23.67074248,20
109.688114,23.67047299,20
108.8688505,23.67002383,20
108.8689403,23.67002383,20
107.9598453,23.66903568,20
109.6422101,23.66804754,20
111.2425588,23.66741872,20
108.8702878,23.66687973,20
111.1308982,23.66661023,20
111.2925051,23.66661023,20
110.2945667,23.66238815,20
110.3157669,23.66202883,20
109.0659409,23.66175933,20
109.0664799,23.66059152,20
109.0648629,23.66041186,20
107.0269448,23.65924405,20
110.3402909,23.65807624,20
106.9657696,23.65708809,20
110.3410096,23.65618978,20
110.3410994,23.65618978,20
106.9654102,23.65601011,20
110.3407401,23.65583045,20
108.9870688,23.65547112,20
108.186041,23.65493213,20
107.4844568,23.65466264,20
107.4831992,23.65457281,20
109.0744749,23.65448298,20
110.309838,23.65376432,20
107.4925416,23.65349483,20
110.3014837,23.65295584,20
109.3278896,23.65277618,20
110.3014837,23.65277618,20
108.8554656,23.65259652,20
108.8555554,23.65259652,20
110.2883683,23.65250668,20
107.4935298,23.65241685,20
109.3377711,23.65241685,20
108.1138165,23.65124904,20
109.3271709,23.65115921,20
110.8790106,23.65062022,20
109.3257336,23.65053039,20
108.8539385,23.65017106,20
110.3299603,23.64900325,20
110.3299603,23.64882359,20
109.3339083,23.64837443,20
109.3261828,23.64810494,20
110.335979,23.64810494,20
110.3341824,23.64801511,20
110.3340027,23.64774561,20
109.326632,23.64747612,20
109.3267218,23.64738629,20
110.3308586,23.64738629,20
108.8643589,23.64729645,20
111.2895407,23.64729645,20
110.3082211,23.64711679,20
110.317833,23.64693713,20
110.2615087,23.64675747,20
107.1686092,23.64648797,20
109.3338185,23.64603881,20
110.3738879,23.64576932,20
110.3332841,23.64549982,20
109.3693019,23.6451405,20
108.8576216,23.64505067,20
111.2880136,23.64469134,20
109.5016238,23.64460151,20
109.3165708,23.64451168,20
109.3171098,23.64451168,20
110.2531543,23.64451168,20
109.5081815,23.64415235,20
111.2881932,23.64379303,20
109.5100679,23.64370319,20
110.2509984,23.64352353,20
108.8539385,23.6431642,20
109.3297761,23.64280488,20
109.7194652,23.64280488,20
109.7143448,23.64271505,20
109.3312134,23.64262522,20
110.2548611,23.64262522,20
109.7198246,23.64244555,20
110.253873,23.64226589,20
109.2979757,23.64208623,20
110.2536933,23.64208623,20
110.2542323,23.64208623,20
108.6483141,23.64154724,20
109.7180279,23.64145741,20
109.70626,23.64082858,20
109.3185471,23.64073875,20
109.3147742,23.64046926,20
109.1033108,23.6402896,20
110.3289722,23.64010993,20
109.5098883,23.63984044,20
107.0686267,23.63957094,20
107.0688962,23.63948111,20
110.3258281,23.63948111,20
109.2809975,23.63885229,20
110.380266,23.63876246,20
107.0595537,23.63867263,20
110.3076821,23.63813364,20
109.1000768,23.63795398,20
109.3515153,23.63705566,20
107.0567689,23.63696583,20
109.5041391,23.63678617,20
107.0586554,23.63651667,20
109.3498983,23.63651667,20
107.0581164,23.63642684,20
109.5097086,23.63633701,20
107.0586554,23.63624718,20
109.3141454,23.63615735,20
110.330679,23.63570819,20
109.3509763,23.63561836,20
110.3839491,23.63543869,20
109.190627,23.63498954,20
109.5145595,23.63498954,20
109.5119544,23.63409122,20
107.0694351,23.63364206,20
108.7206285,23.63328274,20
108.720898,23.63265392,20
109.2342851,23.63238442,20
109.3541204,23.63238442,20
107.0626978,23.63211493,20
110.2530645,23.63148611,20
110.3239416,23.63130644,20
108.3249206,23.63085729,20
109.0954954,23.63049796,20
109.2696788,23.6303183,20
108.3239324,23.63022846,20
109.2691398,23.63013863,20
110.3283433,23.62977931,20
109.2904299,23.62897082,20
108.3247409,23.62888099,20
108.3253697,23.62879116,20
108.8738811,23.62879116,20
108.3244714,23.6286115,20
109.3508865,23.62816234,20
110.2387813,23.62816234,20
110.1917096,23.62807251,20
110.1919791,23.62789284,20
110.1917994,23.62771318,20
108.8880744,23.62699453,20
108.8733421,23.62636571,20
109.1618809,23.62636571,20
109.3510661,23.62636571,20
110.3138805,23.62546739,20
110.3149584,23.62537756,20
110.3150483,23.62528773,20
110.3281637,23.6251979,20
107.1330359,23.62510807,20
107.1328562,23.6249284,20
108.8763963,23.62474874,20
108.8851998,23.62474874,20
108.3232138,23.62465891,20
110.2333016,23.62465891,20
108.3239324,23.62456908,20
107.1321376,23.62447925,20
107.1322274,23.62447925,20
110.327984,23.62376059,20
110.3774812,23.62376059,20
110.3150483,23.62367076,20
108.8740607,23.62358093,20
109.3565459,23.62286228,20
107.9338839,23.62259278,20
107.9339738,23.62241312,20
110.2909734,23.62241312,20
108.6495717,23.62169447,20
110.2744444,23.62142497,20
110.2755224,23.62097582,20
110.2742648,23.62070632,20
110.3105567,23.6200775,20
107.9338839,23.61962834,20
109.342622,23.61908936,20
110.2371643,23.61899952,20
110.3287925,23.6186402,20
110.3347214,23.61828087,20
110.4117968,23.61801138,20
110.3116347,23.61792155,20
110.3015735,23.61738256,20
110.4116172,23.61729272,20
110.326906,23.61720289,20
108.8679522,23.6169334,20
110.334362,23.6166639,20
110.2950158,23.61639441,20
110.3755947,23.61603508,20
110.2780377,23.61540626,20
108.646787,23.6152266,20
110.3371468,23.6152266,20
110.3364282,23.61513677,20
108.8949016,23.61486727,20
110.3356197,23.61459778,20
108.8956203,23.61423845,20
108.8954406,23.61414862,20
110.3232229,23.61414862,20
110.3217856,23.61387913,20
110.3331942,23.61360963,20
110.3090296,23.61298081,20
108.8939135,23.61235199,20
110.2929497,23.6120825,20
109.0714206,23.61199266,20
110.2887276,23.61199266,20
107.1545954,23.61190283,20
110.27678,23.61190283,20
108.2858439,23.61172317,20
110.3635573,23.61109435,20
110.3636471,23.61109435,20
110.2319541,23.61100452,20
110.411168,23.61100452,20
110.2334812,23.61055536,20
110.3355299,23.61055536,20
110.3356197,23.60992654,20
108.8082142,23.60965704,20
110.2408474,23.60929772,20
110.2917819,23.60929772,20
110.2926802,23.60884856,20
110.3078617,23.60875873,20
110.2416559,23.60857907,20
110.2390508,23.60848923,20
110.3101974,23.6083994,20
110.2238693,23.60830957,20
110.3088499,23.60830957,20
110.2926802,23.60821974,20
110.3702048,23.60821974,20
108.9478124,23.60795025,20
110.2850445,23.60795025,20
110.3079516,23.60795025,20
110.2878293,23.60759092,20
110.2848649,23.60750109,20
110.2258456,23.60705193,20
110.3320264,23.60705193,20
110.3303196,23.6066926,20
110.2258456,23.60660277,20
110.2913327,23.60660277,20
110.2990583,23.60660277,20
110.3052566,23.60642311,20
110.3228636,23.60606378,20
107.1631294,23.60579429,20
111.2709456,23.60561463,20
107.161782,23.60552479,20
107.1619616,23.6052553,20
107.1625006,23.60462648,20
107.1615125,23.60453665,20
107.1628599,23.60435698,20
110.7008747,23.60426715,20
107.1632193,23.60336884,20
108.2174821,23.60336884,20
110.3534063,23.60336884,20
110.3570894,23.60309934,20
110.3350807,23.60193153,20
110.6566776,23.60175187,20
110.2657308,23.60094339,20
108.887266,23.60085355,20
110.3001362,23.60085355,20
108.8874456,23.60067389,20
110.3449622,23.60067389,20
110.3675997,23.60067389,20
110.2136285,23.60049423,20
110.2660003,23.60049423,20
110.3422672,23.59959591,20
108.9487107,23.59932642,20
110.2125505,23.59932642,20
109.8625669,23.59905692,20
110.3447825,23.59905692,20
110.3093889,23.59878743,20
107.2441575,23.59860777,20
110.3088499,23.59797895,20
107.20014,23.59743996,20
110.2465068,23.59726029,20
108.9502379,23.59708063,20
111.085174,23.5967213,20
110.3131618,23.59447552,20
110.2500102,23.59429585,20
110.2812716,23.59429585,20
110.3059753,23.59429585,20
109.8678669,23.5938467,20
109.8681364,23.59294838,20
107.2562847,23.59267889,20
110.2470458,23.59258905,20
110.247495,23.59196023,20
110.3171144,23.59151108,20
107.2533203,23.59070259,20
107.2542186,23.59007377,20
107.2539491,23.58998394,20
110.1458057,23.58944495,20
107.2512542,23.58899579,20
110.3254687,23.58881613,20
107.2532305,23.58827714,20
110.145626,23.58791781,20
110.313072,23.58773815,20
111.3124477,23.58773815,20
110.3409197,23.58755849,20
107.2538593,23.58719916,20
107.2530508,23.5870195,20
111.2986137,23.5870195,20
107.1871144,23.58675,20
110.3227738,23.58675,20
110.4320089,23.58657034,20
108.6692448,23.58621102,20
110.4389259,23.58612118,20
107.1768737,23.58603135,20
110.3081312,23.58603135,20
107.1759753,23.58594152,20
107.1872043,23.58585169,20
110.3079516,23.58585169,20
107.1894501,23.58558219,20
110.3005854,23.58558219,20
107.1887314,23.5853127,20
107.1887314,23.58522287,20
110.4389259,23.58522287,20
110.3062448,23.58513304,20
110.4395548,23.58513304,20
107.1859466,23.58486354,20
110.3032803,23.58486354,20
111.301129,23.58477371,20
110.3143296,23.58396523,20
107.1906179,23.5838754,20
110.3143296,23.5838754,20
108.6694245,23.5836059,20
108.6697838,23.5836059,20
111.2943916,23.58351607,20
111.2945713,23.58351607,20
108.1367235,23.58333641,20
110.3102872,23.58297708,20
108.1365439,23.58279742,20
110.3211568,23.58270759,20
110.3954475,23.58225843,20
110.2222523,23.58207877,20
110.3172941,23.58162961,20
110.3165754,23.58144994,20
111.2953797,23.58127028,20
110.4641686,23.58055163,20
110.4642584,23.58010247,20
110.2261151,23.58001264,20
110.3035498,23.57911432,20
110.4453938,23.57893466,20
110.3994899,23.57884483,20
110.1556871,23.57803635,20
110.3039092,23.57803635,20
110.3181025,23.57785668,20
110.3981424,23.57767702,20
110.342896,23.57740753,20
110.3432554,23.57740753,20
111.2990628,23.57731769,20
110.3174737,23.57722786,20
111.2932238,23.57722786,20
109.7304247,23.57641938,20
110.4604855,23.57641938,20
110.4611143,23.57641938,20
108.7741681,23.57632955,20
110.3335536,23.57632955,20
110.4330869,23.57623972,20
110.4332666,23.57623972,20
108.9240071,23.57606005,20
110.4328174,23.57588039,20
110.3155873,23.57507191,20
110.5222896,23.57507191,20
108.7574594,23.57471258,20
110.329601,23.57444309,20
110.3304095,23.57399393,20
110.3292416,23.5739041,20
110.311994,23.57336511,20
110.3299603,23.57336511,20
110.3110957,23.57309561,20
110.4699178,23.57264645,20
108.6747246,23.5721973,20
110.2536933,23.5721973,20
108.9611973,23.57210747,20
110.3266365,23.57210747,20
108.6740957,23.57183797,20
109.8532244,23.57183797,20
109.7212619,23.57147864,20
110.5193252,23.57147864,20
110.4821349,23.57120915,20
110.3288823,23.57111932,20
110.5071081,23.57102949,20
110.5293863,23.57093966,20
110.4558143,23.57058033,20
110.4550058,23.57040067,20
110.5124081,23.57040067,20
110.5160014,23.57040067,20
110.3360688,23.57013117,20
108.0290155,23.57004134,20
110.3317569,23.57004134,20
110.336518,23.56995151,20
110.4370395,23.5687837,20
110.4598567,23.56860404,20
110.1034052,23.56842437,20
110.4627313,23.56833454,20
110.3124432,23.56806505,20
110.5118691,23.56797522,20
110.5123183,23.56779555,20
110.5158217,23.56770572,20
110.5195947,23.56734639,20
110.3296908,23.56716673,20
110.512498,23.56716673,20
110.1037645,23.56698707,20
110.3096584,23.56671757,20
111.3134359,23.56671757,20
110.5149234,23.56653791,20
110.3097482,23.56617858,20
110.3112753,23.56590909,20
110.3111855,23.56581926,20
108.7211675,23.5656396,20
110.3226839,23.56545993,20
110.309299,23.5653701,20
111.2721134,23.56519044,20
110.4950707,23.56447179,20
110.4059578,23.56438195,20
110.4566228,23.56438195,20
108.9146646,23.56429212,20
110.3330146,23.56411246,20
110.4861773,23.56294465,20
109.7400367,23.56249549,20
110.3418181,23.56231583,20
110.4486278,23.5619565,20
110.5118691,23.56123785,20
108.7312286,23.56105819,20
110.3401113,23.56069886,20
110.3387638,23.5605192,20
110.3383146,23.56015987,20
110.3264569,23.55998021,20
110.338674,23.55989038,20
110.326367,23.55980055,20
111.2761558,23.55944122,20
111.2764253,23.55926156,20
110.470367,23.55836324,20
110.5154624,23.55818358,20
110.4675822,23.55809375,20
110.476745,23.55809375,20
110.2616883,23.55683611,20
108.6714008,23.55575813,20
109.274889,23.55512931,20
109.2822552,23.553692,20
108.9230189,23.55216487,20
110.1379005,23.55207503,20
110.5113302,23.55171571,20
110.5131268,23.55162588,20
111.3348158,23.55081739,20
111.3350853,23.55072756,20
110.4723433,23.5505479,20
110.4710856,23.55045807,20
110.4556346,23.54911059,20
109.2216189,23.54875127,20
110.2220726,23.54866144,20
110.4720738,23.54839194,20
110.2765105,23.54830211,20
110.2766004,23.54830211,20
109.5491447,23.54776312,20
110.2452492,23.54776312,20
110.4734213,23.54758346,20
110.485818,23.54749363,20
110.4779128,23.54704447,20
110.4750382,23.54686481,20
110.2356372,23.54668514,20
110.533788,23.54650548,20
110.2329423,23.54641565,20
110.2361762,23.54605632,20
110.2455187,23.54605632,20
110.4779128,23.54605632,20
110.2615985,23.54578683,20
110.2614188,23.5454275,20
110.2387813,23.54533767,20
110.4775535,23.54515801,20
108.6463378,23.54497834,20
110.477284,23.54488851,20
108.6466073,23.54470885,20
110.2608799,23.54470885,20
110.5066589,23.54434952,20
110.470906,23.54416986,20
108.6773297,23.54363087,20
108.6485836,23.54336138,20
108.6648431,23.54336138,20
109.3840343,23.54309188,20
110.4690195,23.54255289,20
110.470906,23.54219357,20
110.5127675,23.54210374,20
108.8695691,23.54138508,20
110.2353677,23.54138508,20
111.3130765,23.54120542,20
110.234649,23.54111559,20
111.3115494,23.54075626,20
110.1820078,23.54066643,20
110.1822773,23.54066643,20
108.8677725,23.54048677,20
110.5071081,23.54039694,20
110.1328699,23.53985795,20
110.5124081,23.53958845,20
110.1332293,23.53949862,20
107.847466,23.53940879,20
108.6544226,23.53940879,20
110.1815586,23.53940879,20
108.6912536,23.53869014,20
110.1326903,23.53869014,20
110.4906689,23.53851047,20
108.7094894,23.53842064,20
110.2383321,23.53833081,20
110.4883333,23.53833081,20
108.6853247,23.53770199,20
110.1291868,23.53770199,20
110.4702771,23.53770199,20
108.6910739,23.53725283,20
110.4701873,23.53725283,20
110.4904892,23.53707317,20
108.5099735,23.53698334,20
108.6577464,23.53689351,20
110.4648873,23.53689351,20
110.4675822,23.53689351,20
110.1545193,23.53671384,20
108.686762,23.53662401,20
110.4650669,23.53662401,20
109.5190511,23.53644435,20
110.4709958,23.53626469,20
108.683528,23.53617485,20
109.5177036,23.53617485,20
110.470906,23.53608502,20
110.4912977,23.53599519,20
110.4909384,23.53590536,20
108.6859535,23.53536637,20
108.741649,23.53518671,20
108.6826297,23.53500704,20
109.5565108,23.53500704,20
108.6849654,23.53482738,20
110.0950509,23.53339008,20
110.4958791,23.53258159,20
110.2383321,23.53249176,20
108.6810128,23.5323121,20
110.0956797,23.53222227,20
110.5189658,23.5320426,20
109.5208477,23.53141378,20
110.5197743,23.53132395,20
108.7117351,23.53123412,20
108.6708618,23.53105446,20
110.5190557,23.5306053,20
108.6690652,23.53051547,20
108.6705923,23.53042564,20
110.51672,23.53042564,20
110.0721438,23.5303358,20
108.734732,23.52943749,20
107.9090904,23.52934766,20
109.5201291,23.52934766,20
107.3264431,23.52844934,20
110.5146539,23.52835951,20
108.8794506,23.52826968,20
108.7166759,23.52817985,20
107.2739815,23.52809002,20
110.5176184,23.52800019,20
110.5159116,23.52791035,20
108.6722093,23.5274612,20
108.7293421,23.52737136,20
107.2759578,23.5271917,20
108.8848405,23.52665271,20
107.3144057,23.5254849,20
108.6918824,23.52494591,20
108.8882541,23.52494591,20
107.898131,23.52440692,20
108.8866371,23.52359844,20
108.6801145,23.52287979,20
108.8873558,23.52270013,20
108.6775093,23.52261029,20
110.2036572,23.5223408,20
110.2023995,23.52198147,20
110.2018605,23.52180181,20
107.3189871,23.52162215,20
109.7612369,23.52162215,20
109.7606081,23.52126282,20
109.7601589,23.52108316,20
107.3195261,23.52072383,20
107.319616,23.520634,20
110.1519142,23.52045434,20
108.7186522,23.52009501,20
108.7189217,23.51928653,20
108.8901406,23.51874754,20
110.1572143,23.51856787,20
109.4989288,23.51847804,20
110.1181376,23.51820855,20
110.1133765,23.51811872,20
110.2036572,23.51802889,20
109.7562962,23.51775939,20
110.2079691,23.51704074,20
110.3464893,23.51650175,20
110.1122087,23.51641192,20
109.7497385,23.51623225,20
107.3192566,23.51596276,20
108.7280845,23.51524411,20
107.3197956,23.51497461,20
107.3209634,23.51488478,20
108.5240771,23.51479495,20
107.3195261,23.51461529,20
107.3204244,23.51434579,20
110.1580228,23.51425596,20
110.1140053,23.51398647,20
107.3231194,23.51362714,20
107.8003045,23.51362714,20
107.8001248,23.51326781,20
110.1391581,23.51326781,20
108.7271862,23.51299832,20
110.4045205,23.51263899,20
107.8029096,23.51245933,20
108.7264675,23.51245933,20
108.7261082,23.5123695,20
110.404251,23.51192034,20
110.4048798,23.51183051,20
110.1405954,23.51174068,20
110.2102149,23.51174068,20
110.40479,23.51129152,20
110.4534787,23.51129152,20
110.4051493,23.51093219,20
108.6859535,23.51075253,20
108.6828094,23.51003388,20
108.6837077,23.50949489,20
110.4203308,23.50886607,20
110.4203308,23.50877624,20
108.7269167,23.50859658,20
108.7280845,23.50832708,20
108.9484412,23.50823725,20
110.4032628,23.50823725,20
110.2052741,23.5072491,20
110.4054188,23.50671011,20
108.9091848,23.50644062,20
110.3157669,23.50635079,20
110.3095685,23.50608129,20
110.0915474,23.50599146,20
110.0918169,23.50590163,20
110.2205455,23.5058118,20
110.0919068,23.50572197,20
110.3689472,23.5055423,20
110.3725404,23.50545247,20
108.7259285,23.50491348,20
110.2257557,23.50464399,20
110.4675822,23.50446432,20
110.3308586,23.50428466,20
110.3174737,23.504105,20
110.3733489,23.5038355,20
110.313072,23.50365584,20
107.3178193,23.50356601,20
107.3179092,23.50356601,20
110.3113652,23.50347618,20
110.3179229,23.50347618,20
107.3171905,23.50320668,20
108.5265025,23.50185921,20
110.1037645,23.50149988,20
110.3157669,23.50149988,20
109.7117397,23.50141005,20
110.0948712,23.50114056,20
110.3164856,23.50078123,20
110.0939729,23.50015241,20
108.9355953,23.49970325,20
110.1513752,23.49952359,20
110.1514651,23.49952359,20
110.10619,23.49889477,20
110.2263845,23.49817612,20
110.1020577,23.49799645,20
110.1485904,23.49682864,20
110.1042137,23.49664898,20
110.3198992,23.49664898,20
110.1031357,23.49655915,20
110.3242111,23.49610999,20
107.3359653,23.49395404,20
110.2151556,23.49395404,20
110.2150658,23.49368454,20
108.6201968,23.49332522,20
107.5139215,23.49269639,20
110.4321886,23.49215741,20
110.0920864,23.49134892,20
107.8075808,23.4909896,20
107.8071317,23.49089976,20
110.6477842,23.49089976,20
107.8075808,23.4907201,20
107.8068622,23.49027094,20
108.3112662,23.49018111,20
110.1048425,23.49018111,20
107.5218267,23.48991162,20
108.9042441,23.48973195,20
110.0318993,23.48964212,20
110.2025792,23.48964212,20
110.0321688,23.48955229,20
107.8084791,23.48937263,20
107.8068622,23.4892828,20
110.4366802,23.4892828,20
108.9041543,23.48919296,20
107.8067723,23.48892347,20
107.8063232,23.48856414,20
107.798418,23.48847431,20
107.5224555,23.48829465,20
110.4358717,23.48829465,20
107.5216471,23.48793532,20
110.0831931,23.48784549,20
110.3248399,23.48766583,20
110.3245704,23.48748617,20
107.8029096,23.48676751,20
110.3358892,23.48658785,20
107.8331828,23.48613869,20
107.8412676,23.48542004,20
110.1033154,23.48542004,20
110.5810394,23.48479122,20
108.8975966,23.4841624,20
109.6546967,23.4841624,20
110.428775,23.4841624,20
108.8974169,23.48407257,20
110.4250021,23.48380307,20
109.6540679,23.48362341,20
108.5659386,23.48326408,20
110.2222523,23.48317425,20
108.5698013,23.48308442,20
110.1026865,23.48272509,20
110.2013216,23.48263526,20
110.2275524,23.48263526,20
110.2170421,23.48146745,20
108.3303105,23.48110813,20
110.329062,23.48110813,20
110.3330146,23.4810183,20
110.3310383,23.48092846,20
110.3350807,23.48083863,20
110.3349909,23.4807488,20
107.4846365,23.48056914,20
110.3811643,23.47940133,20
108.3239324,23.47850301,20
110.428236,23.47841318,20
108.3256392,23.47823352,20
109.6576611,23.47823352,20
110.429314,23.47805386,20
109.6558645,23.47787419,20
108.3247409,23.4776047,20
110.0641488,23.47715554,20
108.3250104,23.47697588,20
110.3170246,23.47697588,20
109.6558645,23.47670638,20
110.1836247,23.47670638,20
110.3227738,23.47652672,20
110.3398418,23.47652672,20
110.379727,23.47652672,20
109.6502051,23.47607756,20
108.9006509,23.47598773,20
110.086966,23.47571824,20
110.4387463,23.47526908,20
109.6614341,23.47517925,20
110.3282535,23.47481992,20
110.4726128,23.47473009,20
110.3268162,23.47464026,20
110.329062,23.47455043,20
110.4443158,23.47455043,20
109.6611646,23.47437076,20
110.3799066,23.47437076,20
109.6569425,23.4741911,20
110.3239416,23.47401144,20
110.329062,23.47392161,20
110.4433277,23.47365211,20
110.3293315,23.47338262,20
109.655595,23.47311312,20
110.3283433,23.47311312,20
110.3792778,23.47311312,20
110.3333739,23.47293346,20
110.3792778,23.47293346,20
110.326906,23.47284363,20
110.4625516,23.47221481,20
110.1767975,23.47203514,20
110.2241388,23.47203514,20
110.3803558,23.47185548,20
109.6538882,23.47158599,20
108.8969678,23.47131649,20
109.6637697,23.4707775,20
109.6640392,23.47041818,20
110.4643483,23.47014868,20
110.337057,23.47005885,20
109.650295,23.46996902,20
110.069898,23.46996902,20
110.1765281,23.46960969,20
109.6568527,23.4693402,20
108.6316953,23.46862154,20
110.6006227,23.46862154,20
109.6564035,23.46835205,20
109.6466119,23.46826222,20
109.6567628,23.46808256,20
109.6460729,23.46772323,20
110.4342547,23.46745374,20
110.0649573,23.4673639,20
109.6553255,23.46727407,20
110.4345242,23.46700458,20
110.470906,23.46700458,20
110.0676522,23.46664525,20
110.3326552,23.46664525,20
109.646522,23.46655542,20
110.0719642,23.46655542,20
110.460755,23.46655542,20
110.3832304,23.46646559,20
109.6463424,23.46637576,20
110.4329971,23.46637576,20
110.4613838,23.46628593,20
110.2226116,23.46619609,20
110.0679217,23.46601643,20
110.4613838,23.46601643,20
109.6523611,23.4659266,20
110.4332666,23.4659266,20
110.4605753,23.4659266,20
110.0719642,23.46574694,20
110.065137,23.4656571,20
110.0643285,23.46556727,20
109.6434678,23.46547744,20
108.6331326,23.46520795,20
110.0650471,23.46520795,20
110.4594075,23.46412997,20
110.4590482,23.46368081,20
110.459138,23.46341132,20
108.6387919,23.46332148,20
110.0936136,23.46323165,20
110.4417107,23.46323165,20
110.4599465,23.46314182,20
110.4586889,23.46305199,20
108.6383428,23.46287233,20
110.093883,23.46287233,20
110.4174562,23.4627825,20
110.2147065,23.46260283,20
110.0953203,23.46233334,20
110.0890321,23.46170452,20
110.4584194,23.46098587,20
109.2315902,23.46071637,20
110.3358892,23.46044688,20
109.2328478,23.46017738,20
108.6007034,23.45981806,20
109.2352733,23.45972822,20
109.632688,23.45963839,20
108.6364563,23.45900957,20
109.2355428,23.45891974,20
108.643014,23.45856041,20
108.6359173,23.45802142,20
109.6451746,23.4573926,20
110.0899305,23.45694345,20
108.8007582,23.45658412,20
110.3331044,23.4559553,20
110.2216235,23.45550614,20
110.3307688,23.45514682,20
110.2209048,23.45406884,20
108.8273483,23.45397901,20
109.2257512,23.45397901,20
110.2235998,23.45335019,20
110.2572866,23.45335019,20
110.2156946,23.45317052,20
110.2237794,23.45308069,20
110.2241388,23.45308069,20
109.6426593,23.45290103,20
108.6393309,23.45272136,20
110.4656957,23.45155355,20
108.7424575,23.45047558,20
108.750183,23.45020608,20
109.2267393,23.45011625,20
110.4646178,23.44975692,20
108.7500034,23.44957726,20
109.226919,23.44948743,20
110.1529024,23.44921793,20
110.4144918,23.44885861,20
109.6376287,23.44858911,20
110.3941898,23.44840945,20
110.3485554,23.44831962,20
108.9711686,23.44822979,20
110.346669,23.44796029,20
108.6858637,23.44778063,20
108.6863128,23.44760097,20
108.6855942,23.44751114,20
109.2249427,23.4474213,20
109.2280868,23.44724164,20
108.1838851,23.44715181,20
110.3463096,23.44688232,20
109.2539583,23.44652299,20
110.3469385,23.44634333,20
110.1042137,23.44553484,20
110.3486453,23.44535518,20
109.2228765,23.44517552,20
110.1055611,23.44517552,20
110.3235823,23.44508568,20
109.2218884,23.44499585,20
110.3504419,23.44472636,20
110.3471181,23.4445467,20
110.3508012,23.4442772,20
109.2230562,23.44418737,20
108.9148442,23.44355855,20
110.3558318,23.44337889,20
108.7169454,23.44301956,20
108.6454395,23.44292973,20
108.6453496,23.4428399,20
110.4541075,23.44275006,20
109.6224472,23.44248057,20
109.6226268,23.44248057,20
109.2152409,23.44194158,20
108.9152036,23.44167209,20
109.22638,23.4411331,20
108.6908942,23.4408636,20
110.4187139,23.44068394,20
108.9149341,23.44059411,20
108.9140358,23.44041444,20
108.6903552,23.44032461,20
110.4170071,23.44032461,20
107.3365941,23.44005512,20
108.9258037,23.43996529,20
109.6262201,23.43996529,20
108.7417389,23.43987546,20
109.2214392,23.43978562,20
109.2215291,23.43978562,20
109.5322563,23.43969579,20
108.9151137,23.43933647,20
109.5338733,23.43897714,20
110.4032628,23.43897714,20
108.760334,23.43888731,20
108.9143052,23.43888731,20
108.6847857,23.43879748,20
108.7606933,23.43879748,20
108.9140358,23.43879748,20
108.9146646,23.43870765,20
109.2211697,23.43870765,20
109.2215291,23.43843815,20
108.9273308,23.43834832,20
109.5345021,23.43834832,20
108.7395829,23.43825849,20
108.7263777,23.43816866,20
109.5327055,23.43798899,20
108.9343377,23.43789916,20
109.5421378,23.43780933,20
108.9311936,23.43762967,20
108.8444163,23.43753984,20
109.2200918,23.43753984,20
108.8439672,23.43745,20
109.0732172,23.43745,20
110.3384045,23.43736017,20
108.917629,23.43727034,20
110.4556346,23.43691102,20
108.9369428,23.43682118,20
108.9329004,23.43664152,20
108.7407507,23.43619236,20
110.452221,23.43610253,20
108.9322716,23.43574321,20
108.9339783,23.43574321,20
109.5385445,23.43574321,20
108.9350563,23.43565337,20
108.9366733,23.43556354,20
109.5426768,23.43520422,20
108.7310489,23.43511438,20
108.9299359,23.43511438,20
108.9279596,23.43502455,20
108.936853,23.43502455,20
109.5423175,23.43493472,20
108.925624,23.43466523,20
109.6210099,23.43466523,20
108.9268817,23.43403641,20
109.0844462,23.43394657,20
108.9299359,23.43367708,20
108.9301156,23.43367708,20
108.9300258,23.43340759,20
108.9303851,23.43331775,20
110.5175285,23.43179062,20
108.7518,23.43170079,20
108.9645211,23.43170079,20
108.1274709,23.43152112,20
109.6198421,23.43125163,20
108.7544051,23.43107197,20
109.6188539,23.43071264,20
108.7398524,23.43035331,20
110.4118867,23.43026348,20
110.4120663,23.43026348,20
110.3985018,23.43017365,20
108.760334,23.42990416,20
110.3887101,23.42846685,20
110.4701873,23.42846685,20
107.1405817,23.42810753,20
110.4725229,23.42810753,20
109.035488,23.4274787,20
110.469828,23.42729904,20
108.7376965,23.42720921,20
110.4697382,23.42720921,20
110.46875,23.42658039,20
109.0353981,23.42649056,20
108.7641069,23.42586174,20
109.6112182,23.42586174,20
108.6955655,23.42577191,20
110.4696483,23.42577191,20
108.2381433,23.42559224,20
109.0351287,23.42550241,20
110.4701873,23.42532275,20
109.0353083,23.42523292,20
109.6125657,23.42505325,20
108.7098487,23.42487359,20
109.0348592,23.42487359,20
110.469828,23.42478376,20
110.4693788,23.42469393,20
110.4693788,23.42451426,20
110.4674924,23.42442443,20
108.7622205,23.42415494,20
108.7086809,23.42397528,20
108.6725686,23.42388544,20
108.6703228,23.42379561,20
109.6122962,23.42370578,20
109.6181353,23.42361595,20
108.6722991,23.42343629,20
108.777402,23.42253797,20
108.7778512,23.42253797,20
110.5070182,23.42235831,20
108.777941,23.42217864,20
108.7811749,23.42181932,20
110.4898604,23.42154982,20
110.4960588,23.42110067,20
108.7331151,23.42101083,20
110.213898,23.42101083,20
109.6005283,23.420921,20
109.5993605,23.42083117,20
110.4674924,23.42083117,20
108.7778512,23.42074134,20
110.3271755,23.42065151,20
108.7324862,23.42020235,20
108.7408406,23.42002269,20
108.8464824,23.41975319,20
108.6845162,23.41957353,20
108.8450451,23.41939387,20
108.7781206,23.41831589,20
109.5960367,23.41831589,20
108.7314083,23.41759724,20
108.6156154,23.41750741,20
110.4557244,23.41678875,20
108.7778512,23.41660909,20
108.7259285,23.41642943,20
108.8427993,23.41598027,20
108.6858637,23.41580061,20
108.8415417,23.41553111,20
108.8420807,23.41553111,20
108.8417214,23.41544128,20
108.8397451,23.41526162,20
108.7782105,23.41508195,20
108.7186522,23.4146328,20
108.6796653,23.4143633,20
107.407561,23.41382431,20
110.1350259,23.41346499,20
108.791775,23.41337515,20
108.6749941,23.41319549,20
107.3908524,23.41274633,20
108.8411824,23.4126565,20
108.7981531,23.41229718,20
108.8410925,23.41229718,20
110.401017,23.41211751,20
110.4029035,23.41184802,20
108.6841569,23.41175819,20
110.404251,23.4112192,20
110.5036945,23.4112192,20
110.4044306,23.41085987,20
108.7975243,23.41059038,20
109.6037622,23.41059038,20
110.1407751,23.41050055,20
110.5327101,23.41032088,20
108.7967158,23.40996156,20
108.7444338,23.40987173,20
108.7948293,23.40969206,20
110.5142946,23.40969206,20
109.4923711,23.40942257,20
109.4927305,23.40942257,20
109.5998995,23.4092429,20
110.5035148,23.4092429,20
108.2968932,23.40906324,20
108.7590764,23.40861408,20
108.7591662,23.40861408,20
108.7953683,23.40861408,20
108.7252997,23.40852425,20
110.508725,23.40852425,20
108.6971824,23.40834459,20
110.4550956,23.40834459,20
108.7991412,23.40816493,20
111.0646025,23.40789543,20
108.7476678,23.40771577,20
108.7595255,23.40744627,20
110.5235472,23.40699712,20
110.1539803,23.40690728,20
110.9424317,23.40690728,20
109.5979232,23.40618863,20
110.130714,23.40600897,20
109.5690873,23.40493099,20
110.1460752,23.40493099,20
109.5699856,23.40475133,20
107.1095898,23.4046615,20
109.5990012,23.404392,20
108.3090204,23.40385301,20
108.7854868,23.40376318,20
108.845135,23.40376318,20
110.1404158,23.40376318,20
110.5078267,23.40376318,20
107.3592317,23.40367335,20
109.5637872,23.40367335,20
110.5067487,23.40304453,20
108.7430864,23.40286487,20
108.7871038,23.40286487,20
108.7902479,23.40277503,20
110.5053114,23.4026852,20
108.7857563,23.40250554,20
108.7863851,23.40250554,20
108.8246534,23.40250554,20
107.0988999,23.40232588,20
110.1283784,23.40223605,20
108.7901581,23.40214621,20
108.8255517,23.40214621,20
109.5654042,23.40214621,20
109.6007978,23.40214621,20
110.5068386,23.40205638,20
108.6042068,23.40187672,20
108.7871038,23.40178689,20
109.6024148,23.40178689,20
110.4304818,23.40169706,20
108.61849,23.40160722,20
110.1388886,23.40160722,20
108.3083916,23.40133773,20
108.745961,23.40133773,20
110.1273902,23.4012479,20
110.4252716,23.4012479,20
110.4256309,23.40106824,20
109.567111,23.40079874,20
109.5830111,23.40061908,20
110.1260427,23.40043941,20
108.7473084,23.39981059,20
108.8878948,23.39963093,20
108.7862953,23.3995411,20
108.3086611,23.39882245,20
111.3178376,23.39864278,20
110.1501176,23.39855295,20
109.2347343,23.39828346,20
108.6060933,23.3981038,20
108.7754257,23.39801396,20
108.7745274,23.3978343,20
108.7280845,23.39774447,20
108.6074407,23.39765464,20
110.2052741,23.39747497,20
108.7285336,23.39738514,20
107.4045966,23.39729531,20
110.2063521,23.39720548,20
109.2267393,23.39693599,20
108.2856642,23.39666649,20
108.8032735,23.39666649,20
108.6939485,23.39657666,20
108.8045311,23.39657666,20
109.233836,23.39657666,20
109.2364411,23.39648683,20
108.694218,23.3961275,20
108.7078724,23.39567834,20
108.7047283,23.39531902,20
108.7104775,23.39522919,20
107.2893427,23.39486986,20
110.3941,23.39433087,20
110.3941898,23.39433087,20
110.3945492,23.39415121,20
110.3936509,23.39397154,20
110.3936509,23.39370205,20
109.5957672,23.39352239,20
108.7725511,23.39325289,20
108.6485836,23.39289357,20
108.7172149,23.39289357,20
109.2449751,23.3927139,20
108.704369,23.39217491,20
108.7183827,23.39199525,20
109.5867841,23.39199525,20
109.2272783,23.39181559,20
110.3942797,23.39163593,20
109.0662104,23.39154609,20
108.8375891,23.39136643,20
108.8233957,23.39118677,20
109.4997373,23.39109694,20
111.3243953,23.39091727,20
108.8383078,23.39064778,20
109.5861552,23.39055795,20
109.5712432,23.39046812,20
109.5717822,23.39046812,20
109.5859756,23.39046812,20
110.3900576,23.39046812,20
108.3164764,23.39010879,20
108.3165663,23.39010879,20
108.7029317,23.39010879,20
109.5719619,23.39010879,20
108.3062356,23.38921047,20
110.477823,23.38885115,20
109.5362987,23.38849182,20
109.5375564,23.38840199,20
110.4724331,23.38831216,20
108.8070464,23.38804266,20
109.5876824,23.38804266,20
108.3100086,23.387863,20
108.7037401,23.38777317,20
111.1087098,23.38696469,20
109.5890299,23.38687485,20
110.3901474,23.3861562,20
110.3901474,23.38606637,20
109.5710635,23.38579688,20
110.5177082,23.38489856,20
110.2212642,23.3844494,20
108.7085012,23.38417991,20
110.5220201,23.38417991,20
108.7092199,23.38409008,20
109.5819332,23.38337142,20
110.2228811,23.38319176,20
110.5208523,23.38292227,20
110.4961486,23.38238328,20
109.5252495,23.38184429,20
109.5266868,23.38184429,20
109.5268664,23.38175446,20
110.4819552,23.38166463,20
111.2967272,23.38166463,20
109.5256986,23.38157479,20
109.5778907,23.38157479,20
109.5256986,23.38121547,20
109.5776213,23.3810358,20
109.5256088,23.38058665,20
111.324036,23.38004766,20
109.5265969,23.37995783,20
109.5747466,23.37995783,20
111.3237665,23.37995783,20
108.7252099,23.37986799,20
108.7270065,23.37977816,20
110.4974063,23.37977816,20
108.7580882,23.37968833,20
109.56765,23.37905951,20
110.4865367,23.37887985,20
108.7229641,23.37870018,20
110.4788111,23.37861035,20
110.4864468,23.37852052,20
108.7383253,23.37843069,20
108.7596154,23.37834086,20
110.1299055,23.37834086,20
110.4893214,23.37825103,20
109.5650448,23.37807136,20
110.4360513,23.37807136,20
108.9629939,23.37744254,20
109.5643262,23.37735271,20
110.527949,23.37735271,20
111.3287971,23.37672389,20
108.7440745,23.37627473,20
108.7395829,23.3761849,20
110.5187862,23.3761849,20
108.7392236,23.37591541,20
109.5492345,23.37582558,20
111.0200461,23.37573574,20
108.7563814,23.37564591,20
108.7570102,23.37546625,20
108.7570102,23.37537642,20
108.7411101,23.37483743,20
108.7413796,23.37456793,20
108.7409304,23.37438827,20
110.5187862,23.37438827,20
110.5200438,23.37411878,20
109.5608228,23.37402895,20
109.5657635,23.37402895,20
110.5201336,23.37348996,20
108.7406609,23.37340012,20
110.0961288,23.37340012,20
110.1283784,23.37331029,20
109.5640567,23.37322046,20
110.2210845,23.37313063,20
109.5630685,23.3730408,20
109.5662126,23.3730408,20
108.7437152,23.37286114,20
109.5659432,23.37286114,20
110.104034,23.37286114,20
108.7430864,23.3727713,20
109.557499,23.3727713,20
110.4587787,23.3727713,20
109.5662126,23.37259164,20
110.5293863,23.37259164,20
110.5187862,23.37241198,20
109.5482463,23.37232215,20
109.5482463,23.37223231,20
109.556421,23.37214248,20
108.737427,23.37205265,20
108.7474881,23.37205265,20
109.5581278,23.37178316,20
109.5486057,23.37169333,20
108.7495542,23.37151366,20
109.0007232,23.371334,20
108.7494644,23.37124417,20
109.5601939,23.37115434,20
108.7492847,23.37070518,20
109.5568702,23.37070518,20
109.5616312,23.37070518,20
109.5578583,23.37061535,20
109.5570498,23.37052552,20
109.5423175,23.36998653,20
109.5418683,23.36953737,20
109.5554329,23.36953737,20
109.542048,23.36944754,20
109.5441141,23.36944754,20
110.5212116,23.36935771,20
109.5452819,23.36917804,20
107.8729782,23.36908821,20
109.5417785,23.36899838,20
109.0377338,23.36890855,20
109.5372869,23.36890855,20
109.5418683,23.36890855,20
109.5541752,23.36881872,20
109.554804,23.36872889,20
107.116956,23.36845939,20
109.5361191,23.36836956,20
109.5378259,23.36801023,20
109.5491447,23.36801023,20
109.5371072,23.36765091,20
110.4277868,23.36720175,20
109.5559719,23.36702209,20
110.4250919,23.36657293,20
109.5362987,23.3664831,20
110.4673127,23.36540512,20
110.5291168,23.36486613,20
109.5346818,23.36459664,20
109.5348614,23.36459664,20
110.5209421,23.36441697,20
110.4515922,23.36378815,20
110.5327999,23.36360849,20
110.4680314,23.36342883,20
110.4545566,23.36315933,20
111.065411,23.36297967,20
110.4763857,23.36271017,20
110.4707263,23.36154236,20
109.5451022,23.3613627,20
109.81289,23.36118304,20
110.4491667,23.36118304,20
109.0751037,23.36091354,20
109.5400717,23.36028472,20
110.5213913,23.3599254,20
110.5227388,23.35983556,20
111.2931339,23.35974573,20
108.0870467,23.3596559,20
109.5471684,23.3596559,20
110.5326202,23.35938641,20
110.5361237,23.35938641,20
110.8618528,23.35848809,20
108.7800071,23.35839826,20
110.5275897,23.35839826,20
110.9659675,23.35830843,20
108.613729,23.3579491,20
109.0630663,23.3579491,20
109.8183697,23.35785927,20
110.2108437,23.35785927,20
110.9666862,23.35785927,20
109.8158545,23.35776944,20
109.8125307,23.35767961,20
108.6130103,23.35758978,20
109.816124,23.35749994,20
109.0196776,23.35696096,20
109.5389937,23.35669146,20
109.8138782,23.35669146,20
108.7281743,23.35660163,20
111.2969967,23.3565118,20
109.5398022,23.35633213,20
108.7824326,23.35606264,20
110.4540176,23.35543382,20
109.5370174,23.35516432,20
109.5367479,23.35381685,20
109.5366581,23.35372702,20
109.5399818,23.35372702,20
109.5353106,23.35363719,20
109.8092069,23.35354736,20
108.0800398,23.35327786,20
109.8098358,23.35300837,20
110.535405,23.35300837,20
108.812616,23.3528287,20
109.5398022,23.35273887,20
107.1743584,23.35264904,20
109.5384547,23.35264904,20
108.3329156,23.35219988,20
109.5406107,23.35219988,20
110.4626415,23.35211005,20
110.4657856,23.35211005,20
107.1746279,23.35184056,20
111.3004103,23.35184056,20
108.6197477,23.35040325,20
109.5401615,23.35040325,20
108.6209155,23.35013376,20
109.5350411,23.35013376,20
109.5362089,23.35013376,20
108.6298986,23.35004393,20
108.8006684,23.34914561,20
110.4736009,23.34914561,20
108.7463203,23.34905578,20
108.2024802,23.34887612,20
109.5319868,23.34869645,20
109.8088476,23.34869645,20
108.2022107,23.34860662,20
108.8009379,23.34860662,20
109.530819,23.34842696,20
110.4724331,23.34842696,20
110.4715348,23.34833713,20
108.8006684,23.3482473,20
110.4722534,23.34815747,20
109.076002,23.34806763,20
110.4033527,23.34806763,20
110.0750184,23.34779814,20
110.4665042,23.34770831,20
108.7606933,23.34761848,20
109.5286631,23.34689982,20
110.4663246,23.34689982,20
109.0846258,23.34680999,20
109.4761116,23.34680999,20
110.4677619,23.34672016,20
108.0786025,23.346271,20
109.0852546,23.346271,20
109.8067815,23.34618117,20
109.0848953,23.34591168,20
108.0809382,23.34582185,20
109.4735963,23.34573201,20
109.5279444,23.34537269,20
109.8069611,23.34537269,20
109.5280342,23.34519302,20
108.6288206,23.34474387,20
109.4736862,23.34465404,20
109.8088476,23.34420488,20
110.4547363,23.34420488,20
109.5267766,23.34411505,20
110.4548261,23.34402522,20
108.2107447,23.34384555,20
109.5309089,23.34357606,20
109.5343225,23.34357606,20
110.4665042,23.34357606,20
109.7995051,23.34339639,20
110.4661449,23.34330656,20
110.467133,23.34330656,20
109.5221952,23.34321673,20
110.4627313,23.3431269,20
109.530819,23.34258791,20
108.2632063,23.34240825,20
111.2837016,23.34240825,20
109.5218359,23.34204892,20
109.522285,23.34204892,20
110.4645279,23.34195909,20
108.2028395,23.3416896,20
110.4656957,23.34159976,20
108.2034684,23.34150993,20
109.9037097,23.34150993,20
110.4657856,23.3414201,20
109.5218359,23.34088111,20
109.5287529,23.34043195,20
109.3152234,23.34007263,20
110.5351355,23.3399828,20
108.6464276,23.3397133,20
110.4009272,23.33935398,20
109.7993255,23.33917431,20
109.7999543,23.33809633,20
110.0714252,23.33764718,20
108.6625075,23.33737768,20
110.4515922,23.33719802,20
109.5201291,23.33701836,20
110.5349558,23.33701836,20
109.8042662,23.33692852,20
110.0765456,23.33683869,20
110.4515024,23.33674886,20
111.2810965,23.33674886,20
108.9072086,23.33665903,20
110.4515024,23.33665903,20
110.4524007,23.33665903,20
109.5213867,23.3365692,20
110.4525803,23.3365692,20
108.9072984,23.33647937,20
110.4531193,23.33647937,20
108.7466796,23.3362997,20
110.5261524,23.33612004,20
111.2026736,23.33594038,20
109.7986068,23.33540139,20
109.00243,23.33531156,20
108.9062204,23.33522173,20
109.8000441,23.33504206,20
110.0751981,23.3348624,20
110.0590284,23.3345929,20
109.3050724,23.33450307,20
108.7627595,23.33441324,20
111.184887,23.33441324,20
109.3038148,23.33432341,20
108.7476678,23.33396408,20
109.4654217,23.33387425,20
109.8050747,23.33369459,20
111.1861446,23.33369459,20
108.0832738,23.33351493,20
109.8045357,23.33324543,20
110.0575013,23.33324543,20
109.8052543,23.33297594,20
109.8044459,23.33270644,20
111.0447498,23.33225728,20
108.7857563,23.33189796,20
111.0470854,23.33180813,20
108.7687782,23.33126914,20
108.7713833,23.33117931,20
111.1869531,23.33117931,20
111.3164901,23.33117931,20
108.877654,23.33099964,20
109.8501701,23.33099964,20
108.7621306,23.33073015,20
109.523902,23.33055049,20
109.8779281,23.33046065,20
109.8551108,23.33010133,20
108.7739884,23.3300115,20
110.45276,23.3300115,20
109.5239918,23.32992167,20
109.5234528,23.329742,20
109.8840366,23.32875386,20
110.4496159,23.3283047,20
110.5192353,23.32776571,20
109.3125284,23.32740638,20
109.5224647,23.32713689,20
109.8836773,23.32713689,20
109.8865519,23.32713689,20
110.1044832,23.32704706,20
109.8842163,23.32695722,20
109.8874502,23.32695722,20
109.3664273,23.32686739,20
109.8842163,23.32686739,20
110.4760264,23.32677756,20
107.1307901,23.32668773,20
109.8565481,23.32668773,20
110.519415,23.32650807,20
109.8874502,23.32641824,20
109.8857434,23.32596908,20
109.4682963,23.32578941,20
109.3718172,23.32569958,20
109.787827,23.32569958,20
109.8554702,23.32551992,20
109.8852044,23.32551992,20
109.788905,23.32543009,20
110.4504244,23.32534026,20
110.4586889,23.32534026,20
109.7880965,23.32525043,20
109.4736862,23.32507076,20
109.3674155,23.3248911,20
110.4566228,23.3248911,20
110.4597669,23.3248911,20
110.4615635,23.32480127,20
111.0354073,23.3246216,20
109.3659782,23.32453177,20
109.3670561,23.32426228,20
109.3726257,23.32399278,20
108.8220483,23.32381312,20
109.3749613,23.32363346,20
111.0353175,23.32363346,20
109.3701104,23.32354363,20
111.1824615,23.32354363,20
109.4740455,23.32264531,20
110.4971368,23.32264531,20
109.4718895,23.32246565,20
109.4713506,23.32201649,20
109.4719794,23.32201649,20
109.8904146,23.32201649,20
109.3694816,23.32192666,20
109.3700206,23.32165716,20
111.272832,23.32165716,20
109.3686731,23.32156733,20
109.7699506,23.32156733,20
109.7742625,23.32129784,20
109.7865694,23.32102834,20
109.7866592,23.32102834,20
111.0220224,23.32066902,20
109.365529,23.32048935,20
109.5115052,23.32030969,20
109.7873779,23.32021986,20
109.4974915,23.32013003,20
109.5056662,23.32013003,20
109.9187116,23.32013003,20
110.9544691,23.31995037,20
108.6628668,23.31950121,20
110.956625,23.31941138,20
111.2739998,23.31941138,20
109.91952,23.31932154,20
109.9235625,23.31923171,20
109.7893542,23.31905205,20
109.9214963,23.31905205,20
109.3241167,23.31887239,20
108.8796303,23.31878256,20
108.6653821,23.31869272,20
111.2727422,23.31869272,20
110.9570742,23.31851306,20
109.9338033,23.31842323,20
109.9159268,23.31824357,20
109.3791834,23.3180639,20
109.9219455,23.31797407,20
110.0574114,23.31797407,20
109.3790936,23.31788424,20
109.4504198,23.31779441,20
110.479979,23.31770458,20
109.90353,23.31752491,20
110.5013589,23.31752491,20
109.3790936,23.31743508,20
109.322859,23.31725542,20
109.8844858,23.31725542,20
108.7926734,23.31653677,20
108.7931225,23.3163571,20
109.5128527,23.3163571,20
109.3779258,23.31626727,20
108.8182753,23.31608761,20
109.7766879,23.31590795,20
108.8759472,23.31572828,20
108.7982429,23.31563845,20
109.8147765,23.31500963,20
109.3780156,23.31482997,20
111.1906362,23.31465031,20
111.1910853,23.31429098,20
110.4837519,23.31420115,20
110.4833926,23.31402148,20
109.8140578,23.31375199,20
109.9001164,23.31375199,20
111.1902768,23.31375199,20
109.3245658,23.31366216,20
109.8152256,23.31357233,20
109.879006,23.31357233,20
110.5010894,23.3134825,20
109.8084883,23.31330283,20
110.454377,23.31312317,20
108.7964463,23.31294351,20
108.7761444,23.31285367,20
108.7940208,23.31285367,20
108.7968056,23.31276384,20
110.4686602,23.31276384,20
109.8162138,23.31267401,20
109.8165731,23.31249435,20
110.8641884,23.31249435,20
108.7936615,23.31222485,20
108.7936615,23.31204519,20
108.8493571,23.31204519,20
108.7735392,23.31195536,20
108.7996802,23.31195536,20
109.8145968,23.31195536,20
108.7756952,23.31186553,20
109.8143273,23.31186553,20
109.8149561,23.3117757,20
108.7744376,23.31159603,20
109.8171121,23.3115062,20
110.4325479,23.3115062,20
108.7929429,23.31123671,20
109.8979605,23.31123671,20
108.7993209,23.31105704,20
108.7938412,23.31096721,20
109.7738133,23.31096721,20
109.775071,23.31096721,20
108.6854145,23.31087738,20
109.8967028,23.31087738,20
110.8714648,23.31087738,20
108.7986022,23.31078755,20
109.8939181,23.31078755,20
109.8719093,23.31051805,20
109.8939181,23.31051805,20
110.4886926,23.31033839,20
110.8710156,23.31033839,20
110.4885129,23.3100689,20
109.7876474,23.30988923,20
109.8737958,23.30988923,20
108.8319297,23.30970957,20
109.7672556,23.30961974,20
110.4725229,23.30899092,20
110.0477096,23.30881126,20
108.6698737,23.30872142,20
109.4808727,23.30872142,20
110.4733314,23.30872142,20
109.8185494,23.30863159,20
108.669694,23.30854176,20
109.7832456,23.30854176,20
110.4730619,23.30854176,20
109.7880067,23.30845193,20
111.2673523,23.3083621,20
108.7937513,23.30827227,20
109.873167,23.3080926,20
109.8183697,23.30800277,20
108.7919547,23.30782311,20
109.4322738,23.30773328,20
109.8198071,23.30764345,20
109.7845033,23.30755361,20
109.8189986,23.30746378,20
109.6968277,24.64388743,30
109.0053944,24.58343081,30
108.9340682,24.57283069,30
109.1263077,24.56672215,30
109.1262178,24.56663232,30
108.8432485,24.55693051,30
110.3675099,24.54103033,30
109.7290772,24.53662859,30
109.7279992,24.53617943,30
110.0612742,24.52656746,30
110.061364,24.52656746,30
111.4183591,24.52315386,30
110.0416011,24.50626553,30
110.0903796,24.50626553,30
110.0905593,24.50626553,30
108.6488531,24.47150073,30
108.6279223,24.43619694,30
108.4514034,24.42191372,30
109.6369101,24.40394742,30
108.6161544,24.34097552,30
108.6162442,24.34097552,30
109.7576436,24.25860001,30
109.6519119,24.25725253,30
109.6520018,24.25725253,30
109.6520018,24.2571627,30
109.5344123,24.2107198,30
109.6995226,24.18314152,30
109.8284309,24.18269236,30
109.5218359,24.16715151,30
109.5219257,24.16715151,30
109.2391361,24.13867492,30
111.7345661,24.10229315,30
111.7346559,24.10220331,30
109.374063,24.09573544,30
109.3741528,24.09573544,30
109.2297936,24.08756078,30
109.4837473,24.08657263,30
111.7942142,24.08163189,30
109.6595476,24.0765115,30
111.7379797,24.06330626,30
108.4231963,24.04758575,30
109.5406107,24.04138737,30
109.5407005,24.04138737,30
108.8922067,24.02602618,30
109.7011396,24.02602618,30
109.7012294,24.02602618,30
111.5411588,24.02369056,30
111.6194021,24.02225325,30
111.6194919,24.02225325,30
111.5416978,24.02135494,30
111.6423091,24.02090578,30
111.6423989,24.02090578,30
111.5779897,24.00320897,30
109.0193183,23.99754958,30
111.696747,23.99584279,30
111.6968368,23.99584279,30
111.7502866,23.99413599,30
111.6963877,23.99323767,30
109.4435926,23.99198003,30
109.3030961,23.98946475,30
109.3027368,23.98928508,30
109.3028266,23.98919525,30
111.6617127,23.98793761,30
111.6612636,23.98775795,30
109.5549837,23.98245789,30
111.5722405,23.97859513,30
111.6439261,23.97616968,30
109.456169,23.97590019,30
111.9099172,23.97581035,30
109.5777111,23.97545103,30
109.5778009,23.97545103,30
111.6989928,23.97428322,30
111.6990826,23.97428322,30
111.9056053,23.97419339,30
111.905785,23.97419339,30
109.3071385,23.9699713,30
111.90309,23.96718653,30
111.0213037,23.96655771,30
109.4838371,23.95937118,30
109.6083436,23.95272365,30
109.6084335,23.95272365,30
109.5873231,23.95020837,30
109.5874129,23.95020837,30
109.4774591,23.94194387,30
111.5698151,23.94086589,30
109.51429,23.94014724,30
109.4765608,23.93978791,30
109.9479966,23.9388896,30
109.4739557,23.93781162,30
109.473776,23.93772179,30
109.4738658,23.93745229,30
111.5563403,23.93592516,30
109.5159968,23.93583532,30
111.5563403,23.93583532,30
109.5147392,23.93439802,30
109.6253218,23.93161324,30
109.5972045,23.92999627,30
109.5948689,23.92819964,30
111.4847446,23.92801998,30
111.8349079,23.92514537,30
111.8349977,23.92514537,30
111.8350876,23.92514537,30
109.3829563,23.92218093,30
109.6124759,23.91885717,30
111.629553,23.9186775,30
109.4654217,23.91813851,30
108.9303851,23.91777919,30
111.8019397,23.91490458,30
110.7852265,23.91274862,30
110.7853163,23.91274862,30
110.9957018,23.91077233,30
109.0967531,23.91032317,30
109.0966632,23.91023334,30
109.5843586,23.90861637,30
109.624154,23.90753839,30
109.6121166,23.90619092,30
109.3622951,23.90601126,30
109.3789139,23.90466378,30
111.541069,23.89990271,30
109.5634279,23.8890331,30
109.5747466,23.88517034,30
109.5747466,23.88508051,30
111.5256179,23.88031944,30
109.5506718,23.87834315,30
111.5240908,23.87825331,30
109.6089725,23.87555837,30
108.9200545,23.87546854,30
111.404525,23.87466005,30
111.8172111,23.86783286,30
111.7022267,23.86414976,30
111.7023166,23.86414976,30
111.7019572,23.8639701,30
111.8121805,23.86334128,30
111.3915893,23.85480729,30
111.3916791,23.85480729,30
111.391769,23.85480729,30
111.3915893,23.85471745,30
110.483662,23.85381914,30
111.7293559,23.84824958,30
111.7431001,23.8460038,30
108.876037,23.83360704,30
108.876037,23.83351721,30
108.8756777,23.83342738,30
108.8757675,23.83333755,30
108.8758574,23.83324772,30
108.8759472,23.83324772,30
110.676171,23.83154092,30
110.6762608,23.83154092,30
111.6169766,23.82651035,30
109.5235427,23.82624086,30
109.5319868,23.8257917,30
109.5320767,23.8257917,30
111.754868,23.82552221,30
111.7553172,23.82552221,30
111.755407,23.82552221,30
111.7554968,23.82552221,30
111.7550477,23.82534254,30
109.084536,23.82417473,30
109.081841,23.82085097,30
110.7579177,23.82058147,30
111.7486696,23.81896451,30
111.7487595,23.81896451,30
109.5248003,23.81806619,30
109.5130324,23.81312546,30
109.5128527,23.81303562,30
109.5130324,23.81303562,30
109.5129426,23.81294579,30
109.5130324,23.81294579,30
109.5139307,23.81213731,30
109.5140205,23.81213731,30
109.5138409,23.81204748,30
109.5140205,23.81204748,30
109.6096911,23.80692708,30
109.6097809,23.80692708,30
109.6096911,23.80683725,30
109.6200217,23.8058491,30
108.1401371,23.80207618,30
109.2911485,23.79938123,30
110.9762083,23.79641679,30
111.5968543,23.79354218,30
109.2986045,23.78348105,30
111.5816728,23.78087594,30
111.5125924,23.77970813,30
110.5453763,23.7742284,30
110.5369321,23.77386908,30
110.537022,23.77386908,30
111.549064,23.77350975,30
109.5755551,23.76641306,30
109.4957847,23.76326896,30
109.5752856,23.76183165,30
109.5753755,23.76183165,30
111.5550827,23.75590277,30
110.6475148,23.75338749,30
110.6476046,23.75338749,30
110.6474249,23.753118,30
109.6738308,23.75177052,30
110.5640613,23.74817726,30
110.624967,23.74808743,30
111.5275942,23.74673996,30
111.5275044,23.74665013,30
110.600982,23.74494333,30
108.9299359,23.74242804,30
109.551121,23.74233821,30
108.9298461,23.74206872,30
109.5555227,23.74179922,30
109.5994503,23.74179922,30
108.5993559,23.73982293,30
108.5994457,23.73982293,30
109.5151883,23.73308556,30
110.6794948,23.73263641,30
109.159725,23.73200759,30
109.1633182,23.7294923,30
111.4673173,23.72670753,30
110.362659,23.72607871,30
111.0476244,23.72518039,30
109.2825247,23.72212612,30
109.1787693,23.71961084,30
110.6800338,23.7163769,30
109.1307992,23.71565825,30
109.5909163,23.70990903,30
109.5192308,23.70703442,30
109.5193206,23.70703442,30
109.5192308,23.70694459,30
109.5192308,23.70685476,30
111.1029606,23.70604627,30
109.1091498,23.70577678,30
109.10906,23.70559712,30
109.5126731,23.702992,30
109.5810348,23.70254284,30
109.5806755,23.70245301,30
110.5285778,23.70038689,30
110.5286676,23.70038689,30
109.5071035,23.69868009,30
109.5071933,23.69859026,30
108.0801297,23.69742245,30
110.4525803,23.69580548,30
110.4526702,23.69580548,30
108.1243268,23.6913139,30
109.2868366,23.68951727,30
109.3297761,23.68906812,30
109.3298659,23.68906812,30
109.3297761,23.68897828,30
110.3609522,23.68565452,30
110.361042,23.68556469,30
109.5453717,23.68385789,30
109.5454616,23.68385789,30
109.5455514,23.68385789,30
109.1989814,23.68367822,30
109.2031136,23.68358839,30
109.199161,23.68349856,30
109.202395,23.68349856,30
109.1989814,23.68340873,30
109.1990712,23.68340873,30
109.199161,23.68340873,30
109.202395,23.68242058,30
109.2019458,23.68233075,30
109.2020356,23.68233075,30
109.2019458,23.68224092,30
109.2020356,23.68224092,30
109.2021255,23.68224092,30
109.2015865,23.6816121,30
110.6195771,23.67756968,30
110.619667,23.67756968,30
111.4316542,23.67613238,30
111.2412113,23.67577305,30
109.6025046,23.67460524,30
110.6256857,23.67460524,30
109.3005808,23.6713713,30
109.457247,23.6713713,30
109.4573368,23.6713713,30
109.2361716,23.67020349,30
109.2361716,23.67011366,30
110.3788287,23.66939501,30
110.3789185,23.66939501,30
109.1048379,23.66831703,30
109.4609301,23.6682272,30
109.571872,23.66768821,30
107.9751166,23.66292714,30
108.1328608,23.66157967,30
108.004761,23.6568186,30
109.2995927,23.65618978,30
109.3043537,23.65618978,30
109.3043537,23.65609994,30
109.5925333,23.65592028,30
109.597474,23.65322534,30
110.6605403,23.65187786,30
110.6606302,23.65178803,30
111.3889842,23.65142871,30
111.389074,23.65142871,30
111.3891639,23.65142871,30
109.7306043,23.64819477,30
109.2155104,23.64352353,30
109.5897485,23.64082858,30
111.3820672,23.63984044,30
109.2121866,23.63786414,30
111.1449119,23.63678617,30
109.2113781,23.63642684,30
108.900561,23.63552852,30
108.9006509,23.63552852,30
110.7056358,23.63211493,30
111.2787609,23.63076745,30
109.8488226,23.63067762,30
110.6766202,23.63067762,30
108.1519949,23.62977931,30
110.6503894,23.62924032,30
110.9043431,23.62789284,30
109.2518023,23.62780301,30
109.2346445,23.62726402,30
109.4029888,23.62537756,30
110.7501024,23.62474874,30
109.3992158,23.62447925,30
111.3434396,23.62411992,30
110.130714,23.62277245,30
108.037819,23.62259278,30
110.1256834,23.62241312,30
110.6238891,23.62025716,30
110.677249,23.61935885,30
108.0167086,23.6166639,30
108.0167984,23.6166639,30
111.2796592,23.61648424,30
111.2810965,23.61558593,30
110.6819202,23.61477744,30
110.6820101,23.61477744,30
111.309124,23.61414862,30
108.10663,23.61280115,30
108.1067198,23.61280115,30
109.2150612,23.61271132,30
110.1318818,23.61271132,30
108.1064503,23.61262148,30
111.2831626,23.60974688,30
109.2400344,23.60633328,30
109.2400344,23.60624345,30
111.3003205,23.60606378,30
109.2893519,23.60417732,30
108.7648256,23.6018417,30
108.7647358,23.60175187,30
111.1467984,23.6001349,30
109.8394802,23.59878743,30
110.6798541,23.59743996,30
109.3955327,23.59726029,30
111.275527,23.59726029,30
111.275527,23.59717046,30
111.2756168,23.59717046,30
111.2757066,23.59717046,30
108.011678,23.59609248,30
111.0005527,23.59501451,30
108.1022282,23.59366703,30
108.9473632,23.5921399,30
108.9474531,23.5921399,30
110.6749134,23.59088226,30
110.6785965,23.58989411,30
110.6785066,23.58980428,30
109.3776563,23.58953478,30
110.6764405,23.58944495,30
110.6766202,23.58944495,30
108.9770077,23.58926529,30
109.7501876,23.58854664,30
109.7537809,23.58809748,30
108.9800619,23.58728899,30
108.9801518,23.58728899,30
108.9802416,23.58719916,30
108.976828,23.5870195,30
108.9769178,23.5870195,30
108.9769178,23.58692967,30
110.7230631,23.58666017,30
109.811812,23.58648051,30
111.0764603,23.58486354,30
109.4052345,23.5836059,30
109.4049651,23.58351607,30
108.9797924,23.58297708,30
108.9943451,23.58180927,30
108.994435,23.58180927,30
109.2187443,23.58180927,30
108.9669465,23.58136011,30
109.2315902,23.58136011,30
108.7580882,23.58091096,30
108.758178,23.58091096,30
110.9773761,23.58082112,30
109.2129951,23.57974315,30
110.9964204,23.57902449,30
110.9965102,23.57902449,30
110.9964204,23.57893466,30
110.6930593,23.57866517,30
108.9765585,23.5770482,30
109.0557001,23.57695837,30
111.3688619,23.57641938,30
109.2041916,23.57623972,30
110.7841485,23.57201763,30
109.400204,23.57111932,30
110.1085256,23.57067016,30
108.9747619,23.56941252,30
108.9982977,23.56932269,30
108.9841043,23.56887353,30
111.2911577,23.5685142,30
111.2974459,23.5685142,30
108.7613222,23.56842437,30
110.7403107,23.56752606,30
111.1694359,23.56752606,30
111.1695258,23.56752606,30
111.2941221,23.5670769,30
111.0008222,23.56680741,30
109.2108391,23.56635825,30
110.9806101,23.56635825,30
109.1213669,23.56438195,30
111.3591601,23.5639328,30
108.8864575,23.56285482,30
109.2368903,23.56267516,30
108.7429965,23.56186667,30
111.1161658,23.56177684,30
109.424728,23.56168701,30
108.0445564,23.56114802,30
109.4222127,23.56087852,30
111.0166325,23.55926156,30
109.441796,23.55890223,30
109.2377886,23.55863274,30
109.2377886,23.5585429,30
109.2377886,23.55845307,30
109.2376089,23.55836324,30
111.0065714,23.55809375,30
111.1318864,23.55809375,30
108.6538836,23.55647678,30
109.4452096,23.55602762,30
109.2337462,23.5556683,30
111.026514,23.55548863,30
109.786749,23.55512931,30
108.9777263,23.55476998,30
109.4000243,23.55468015,30
109.2383276,23.55315301,30
109.3941853,23.55279369,30
109.4392807,23.55279369,30
109.4393705,23.55279369,30
109.3988565,23.55270386,30
109.3989463,23.55270386,30
109.4384722,23.55270386,30
109.4384722,23.55243436,30
109.009886,23.55234453,30
110.6951255,23.5522547,30
110.6950356,23.55216487,30
109.3979582,23.55207503,30
109.4472757,23.55171571,30
109.4473655,23.55171571,30
108.5532723,23.55108689,30
111.1326948,23.55018857,30
109.3941853,23.54964958,30
110.5571442,23.54776312,30
111.2966374,23.54623599,30
109.2400344,23.54425969,30
110.5479814,23.54408003,30
110.5480713,23.5439902,30
109.7770472,23.54345121,30
109.7792032,23.54300205,30
109.779293,23.54300205,30
109.7792032,23.54291222,30
109.779293,23.54291222,30
108.728354,23.54246306,30
108.2867422,23.54219357,30
111.16728,23.54102576,30
111.1851565,23.54048677,30
107.9450231,23.53976812,30
109.4781777,23.53833081,30
109.4782676,23.53833081,30
110.6893762,23.5357257,30
109.4196974,23.53446806,30
109.2287156,23.53312058,30
108.9952435,23.53276126,30
108.0566836,23.53213244,30
109.4350586,23.52620355,30
109.4238297,23.52386793,30
109.4240093,23.52386793,30
109.4374841,23.52386793,30
109.4211347,23.5237781,30
108.5693522,23.5223408,30
109.4283213,23.52009501,30
109.4416163,23.51991535,30
110.2974413,23.51856787,30
108.9770975,23.51820855,30
108.9771873,23.51820855,30
108.9770975,23.51811872,30
108.9771873,23.51811872,30
108.9772771,23.51811872,30
109.4527554,23.51793905,30
109.4528453,23.51793905,30
109.4525758,23.51784922,30
110.6792253,23.51650175,30
109.4744947,23.51461529,30
109.4745845,23.51461529,30
108.5733048,23.51362714,30
109.2357225,23.51084236,30
109.1688878,23.51030337,30
109.5165358,23.50868641,30
110.6005329,23.50769826,30
110.6005329,23.50760843,30
108.9815891,23.50635079,30
108.9816789,23.50635079,30
108.9813196,23.50626096,30
108.9814992,23.50626096,30
108.9815891,23.50626096,30
108.9816789,23.50626096,30
108.1527135,23.50455416,30
108.9753907,23.50311685,30
110.600982,23.50284736,30
109.025337,23.50275753,30
109.5205782,23.50257786,30
109.5212071,23.50185921,30
108.9818586,23.50167955,30
108.9819484,23.50167955,30
108.992818,23.50006258,30
108.9929078,23.50006258,30
109.0174318,23.49880494,30
108.9789839,23.49871511,30
108.9767382,23.4975473,30
110.8066064,23.49619982,30
110.8067861,23.49610999,30
110.8076844,23.49602016,30
110.5969396,23.49449303,30
109.7844134,23.4941337,30
108.306595,23.49368454,30
108.3066848,23.49368454,30
108.9705398,23.49305572,30
110.8666139,23.49233707,30
110.8156794,23.49107943,30
110.3025617,23.49018111,30
108.5933372,23.48973195,30
109.2176663,23.48964212,30
109.1164262,23.4892828,30
109.1164262,23.48919296,30
108.0362021,23.48856414,30
111.0196868,23.48748617,30
108.6017814,23.48739633,30
111.0200461,23.48739633,30
111.018519,23.48703701,30
107.9591266,23.48595903,30
108.6033085,23.48533021,30
108.9683838,23.48488105,30
108.9683838,23.48479122,30
109.1651149,23.48326408,30
109.1652047,23.48326408,30
110.5994549,23.48065897,30
110.5994549,23.48056914,30
108.9914705,23.48029964,30
110.6518267,23.48003015,30
109.6300829,23.47985049,30
109.6301727,23.47985049,30
108.5941457,23.47751487,30
108.5942355,23.47751487,30
108.9891349,23.47751487,30
110.808403,23.47742503,30
109.6793105,23.47697588,30
110.3070533,23.47697588,30
108.5945948,23.47670638,30
109.6794902,23.47643689,30
108.621185,23.47473009,30
108.5953135,23.47464026,30
109.2363513,23.47410127,30
109.5596549,23.47356228,30
109.5597448,23.47356228,30
110.8611341,23.47329278,30
108.5964813,23.47293346,30
108.5963915,23.47284363,30
108.9770975,23.4724843,30
109.2328478,23.47194531,30
109.2329377,23.47194531,30
109.6302625,23.47194531,30
109.6303524,23.47194531,30
108.9713483,23.47176565,30
108.9714381,23.47176565,30
109.6328676,23.47158599,30
108.9707194,23.47131649,30
109.633227,23.47113683,30
108.974133,23.47095716,30
108.9732347,23.47050801,30
109.23168,23.47041818,30
107.7316732,23.46943003,30
108.966677,23.46727407,30
108.966677,23.46718424,30
110.2701325,23.46529778,30
109.708416,23.46484862,30
111.0711602,23.46305199,30
108.9589515,23.46161469,30
108.9590413,23.46161469,30
108.9588617,23.46152485,30
110.2843259,23.46089603,30
110.2844157,23.46089603,30
110.2712105,23.45954856,30
109.6523611,23.45918923,30
110.8817954,23.4590994,30
110.8818852,23.4590994,30
109.7032956,23.45900957,30
109.6864072,23.45856041,30
111.2095008,23.45856041,30
111.2095906,23.45856041,30
110.322145,23.45784176,30
109.1396925,23.45622479,30
111.2077042,23.45622479,30
110.2758817,23.45478749,30
109.6168776,23.45433833,30
109.6167878,23.4542485,30
109.6168776,23.4542485,30
109.6168776,23.45415867,30
110.4046103,23.45335019,30
110.2711207,23.45308069,30
111.2417503,23.45137389,30
111.2417503,23.45128406,30
110.883053,23.45065524,30
110.8831429,23.45065524,30
110.2631256,23.44966709,30
109.6166081,23.44778063,30
109.616698,23.44778063,30
110.3079516,23.44679248,30
110.3080414,23.44670265,30
110.8913175,23.44634333,30
110.1679941,23.44508568,30
107.4028898,23.44418737,30
109.6420305,23.44409754,30
110.9931865,23.44400771,30
109.6100504,23.44140259,30
109.5782501,23.4408636,30
109.5783399,23.44077377,30
107.9953287,23.43951613,30
110.8922158,23.43933647,30
110.9820474,23.4391568,30
110.9721659,23.43879748,30
110.6158042,23.43870765,30
110.7637568,23.43816866,30
110.2473153,23.43807883,30
110.7636669,23.43807883,30
109.4637149,23.43547371,30
110.5880463,23.43547371,30
110.4562634,23.43197028,30
110.5787936,23.43188045,30
109.2520718,23.43152112,30
109.2520718,23.43098213,30
109.251982,23.4308923,30
109.2520718,23.43071264,30
109.2518921,23.43035331,30
109.2518921,23.43026348,30
107.9789794,23.42693972,30
109.2569227,23.42684988,30
109.2559345,23.42676005,30
109.6956599,23.42667022,30
110.6002634,23.42658039,30
110.5542696,23.42505325,30
110.3943695,23.42469393,30
110.578075,23.42298713,30
109.2318597,23.42271763,30
107.9723318,23.42244814,30
109.5422276,23.42172949,30
109.5423175,23.42163966,30
109.5423175,23.42154982,30
110.7510007,23.420921,30
109.6243336,23.42047185,30
109.6244235,23.42047185,30
109.6243336,23.42038201,30
109.6244235,23.42038201,30
110.6370943,23.41993286,30
111.274449,23.41912437,30
110.5613663,23.41894471,30
110.5607375,23.41831589,30
110.5573239,23.41750741,30
110.6041261,23.41723791,30
110.5558866,23.41669892,30
111.2789406,23.41499212,30
110.6323332,23.41490229,30
110.8885327,23.41454296,30
109.4292196,23.41346499,30
110.8981447,23.41283617,30
109.5472582,23.41256667,30
108.6463378,23.41193785,30
107.700861,23.4112192,30
108.3136018,23.41068021,30
111.1679088,23.41023105,30
107.9357704,23.40915307,30
110.82601,23.40897341,30
107.9462807,23.4078056,30
109.0615391,23.40690728,30
109.0614493,23.40681745,30
108.3252799,23.40412251,30
108.1085164,23.40376318,30
110.3265467,23.40304453,30
110.1845231,23.40052925,30
108.0885738,23.39981059,30
108.0886637,23.39981059,30
109.4522164,23.39864278,30
110.7661822,23.39846312,30
110.7661822,23.39837329,30
110.1522735,23.39819363,30
110.1518244,23.39792413,30
110.1517345,23.3978343,30
110.1518244,23.3978343,30
110.1513752,23.39738514,30
109.4573368,23.39702582,30
109.0528255,23.39666649,30
110.7947486,23.39504952,30
108.0865077,23.39495969,30
108.0733025,23.39397154,30
108.7640171,23.39316306,30
108.7641069,23.39316306,30
108.6290901,23.39289357,30
110.7448023,23.3927139,30
110.5851717,23.39253424,30
110.5852615,23.39253424,30
110.5853513,23.39253424,30
111.0283106,23.39226475,30
110.3427164,23.39208508,30
110.5365728,23.39082744,30
110.5365728,23.39073761,30
108.6898163,23.39064778,30
108.633941,23.39055795,30
110.5783445,23.38992913,30
108.7588069,23.38974946,30
109.8382225,23.38876132,30
109.5848976,23.38840199,30
108.7604238,23.38768334,30
108.760334,23.38759351,30
110.4058679,23.38750367,30
110.8040013,23.38696469,30
110.8042708,23.38696469,30
111.0389107,23.3864257,30
110.3339129,23.38597654,30
110.3339129,23.38588671,30
110.5584917,23.38588671,30
111.0307361,23.38552738,30
110.1820078,23.38498839,30
110.633501,23.38480873,30
110.566846,23.38462907,30
108.5965711,23.38373075,30
108.5965711,23.38364092,30
108.6201968,23.38346126,30
108.6202867,23.38346126,30
111.342721,23.38319176,30
111.3154122,23.38256294,30
108.6927807,23.38247311,30
108.6928705,23.38247311,30
110.3625691,23.38220361,30
108.0656668,23.38202395,30
109.928593,23.3813053,30
111.0721484,23.38004766,30
110.3932915,23.37977816,30
110.7512702,23.37843069,30
108.1909818,23.37762221,30
108.7068842,23.37762221,30
108.1911614,23.37735271,30
108.7063453,23.37726288,30
110.2995074,23.37537642,30
109.5753755,23.37519676,30
110.5652291,23.37384928,30
110.3308586,23.37295097,30
110.3235823,23.37259164,30
110.3236721,23.37259164,30
110.3235823,23.37250181,30
111.0440311,23.37142383,30
109.4138584,23.371334,30
108.6263952,23.37052552,30
108.626485,23.37052552,30
108.6260359,23.37025602,30
110.7663619,23.37007636,30
110.7653737,23.36953737,30
109.3891547,23.36908821,30
110.5590307,23.36720175,30
110.3259179,23.36693225,30
110.5842734,23.36657293,30
110.5841835,23.3664831,30
109.9497034,23.3662136,30
110.2653714,23.36567461,30
107.891214,23.36531529,30
110.5721461,23.36531529,30
111.3247546,23.36504579,30
111.3248445,23.36504579,30
111.3249343,23.36504579,30
111.324575,23.36495596,30
111.3243055,23.3647763,30
111.324575,23.3647763,30
111.3243055,23.36468647,30
111.324036,23.36459664,30
111.3237665,23.3645068,30
111.324036,23.3645068,30
111.3237665,23.36441697,30
109.9075725,23.36360849,30
110.3025617,23.36351866,30
110.3011244,23.36342883,30
110.3010345,23.36333899,30
110.160538,23.36297967,30
110.313072,23.36271017,30
109.3648104,23.36046438,30
107.7404767,23.36037455,30
110.1653889,23.35974573,30
108.6305274,23.35732028,30
108.6305274,23.35723045,30
110.2023995,23.35597281,30
110.3352604,23.35579315,30
110.334901,23.35552365,30
108.9087357,23.35462534,30
108.6410377,23.35237955,30
108.6409479,23.35228972,30
108.6408581,23.35219988,30
108.6409479,23.35219988,30
108.695835,23.35211005,30
110.2662697,23.35058292,30
110.8464916,23.35058292,30
109.9052368,23.3496846,30
109.6554154,23.34743881,30
108.6933197,23.34734898,30
108.6934095,23.34734898,30
109.8958944,23.34707949,30
111.1889294,23.34698966,30
109.6728427,23.34680999,30
109.6729325,23.34680999,30
109.9610222,23.3465405,30
109.9622799,23.3465405,30
109.9608426,23.34645067,30
109.9610222,23.34645067,30
111.0857129,23.34618117,30
109.6836225,23.3448337,30
110.1299055,23.34474387,30
109.6895513,23.34429471,30
109.6895513,23.34420488,30
110.1191257,23.34411505,30
111.0916418,23.34375572,30
110.376493,23.34339639,30
110.219737,23.3416896,30
111.264837,23.34150993,30
110.1149935,23.34133027,30
110.1150833,23.34133027,30
110.1151731,23.34133027,30
110.1138256,23.34097094,30
110.1139155,23.34097094,30
110.1140951,23.34097094,30
109.6930548,23.34025229,30
110.1286478,23.34016246,30
109.8661601,23.34007263,30
109.86625,23.34007263,30
110.1286478,23.34007263,30
110.112568,23.33962347,30
110.9297654,23.33953364,30
110.9297654,23.33944381,30
110.9298552,23.33944381,30
110.2719291,23.33890482,30
110.1237071,23.33881499,30
110.113107,23.33872515,30
110.3455012,23.33818617,30
110.1142748,23.33809633,30
110.2087776,23.3380065,30
109.3432508,23.33773701,30
110.2046453,23.33764718,30
108.7836004,23.33755734,30
108.7835105,23.33746751,30
108.7836004,23.33746751,30
110.5171692,23.33719802,30
108.6996079,23.33620987,30
111.1327847,23.33603021,30
111.1327847,23.33594038,30
111.1328745,23.33594038,30
108.6921519,23.33558105,30
108.6922417,23.33558105,30
107.9558028,23.33522173,30
110.3009447,23.33495223,30
110.1249648,23.33477257,30
110.1590109,23.33477257,30
108.7008655,23.33450307,30
108.7009554,23.33450307,30
108.69314,23.33414375,30
109.356456,23.33414375,30
111.3367022,23.33396408,30
108.16529,23.33360476,30
110.1545193,23.33360476,30
111.0027984,23.33342509,30
109.4426045,23.3331556,30
108.7035605,23.33306577,30
107.9549045,23.33243695,30
108.9180782,23.33126914,30
108.9186172,23.33108947,30
110.2494713,23.33055049,30
108.1993361,23.329742,30
110.2571968,23.329742,30
108.1989768,23.32947251,30
110.5310931,23.32857419,30
107.9371179,23.3283047,30
107.9372077,23.3283047,30
110.6514673,23.3283047,30
107.9374772,23.32812503,30
110.7617805,23.32776571,30
110.5301948,23.32758605,30
110.2066216,23.32731655,30
111.0909232,23.32722672,30
110.5333389,23.3265979,30
111.3359836,23.3265979,30
108.6820907,23.32641824,30
110.1363734,23.32623857,30
108.6748144,23.32578941,30
110.3043583,23.32534026,30
108.7020333,23.32498093,30
108.6890078,23.32471144,30
110.2267439,23.32354363,30
110.1373615,23.32192666,30
110.1674551,23.32192666,30
110.2421949,23.32165716,30
110.9858203,23.31959104,30
110.9857305,23.31941138,30
108.6541531,23.31923171,30
108.6916129,23.31914188,30
108.6913434,23.31905205,30
108.7020333,23.31887239,30
108.7051774,23.31878256,30
110.6380824,23.31698592,30
108.6951163,23.31644694,30
108.6815518,23.3163571,30
110.8127149,23.31572828,30
110.6403282,23.3149198,30
110.2333914,23.31456047,30
108.6894569,23.31339266,30
108.7519797,23.313213,30
111.0786163,23.31276384,30
111.0787061,23.31276384,30
109.4137685,23.31267401,30
111.0791552,23.31267401,30
109.4136787,23.31258418,30
110.2680664,23.31060789,30
111.0222021,23.31060789,30
111.0222919,23.31060789,30
111.0225614,23.31060789,30
111.0224716,23.31051805,30
111.0225614,23.31051805,30
111.3257428,23.31033839,30
110.326906,23.31024856,30
110.9541996,23.3097994,30
111.1355694,23.30961974,30
111.3258326,23.30944008,30
110.2332117,23.3083621,30
110.2333016,23.3083621,30
110.9776456,23.30800277,30
110.8209794,23.30755361,30
111.3512549,23.30755361,30
111.3512549,23.30737395,30
111.3510753,23.30683496,30
110.6376333,23.30360103,30
108.7238624,23.30234339,30
111.3508058,23.30036709,30
108.7226946,23.29919928,30
111.3263716,23.29677383,30
111.3263716,23.296684,30
111.3263716,23.29659417,30
110.9789931,23.29614501,30
110.9790829,23.29605518,30
109.1070837,23.29452804,30
109.1071735,23.29452804,30
109.1071735,23.29443821,30
109.1072634,23.29443821,30
110.8222371,23.29416872,30
110.4004781,23.29371956,30
107.6570232,23.29318057,30
107.6568435,23.29300091,30
111.1282033,23.29300091,30
107.6566638,23.29273141,30
110.278936,23.29192293,30
108.7225149,23.29174327,30
110.8559239,23.29093478,30
110.619667,23.29039579,30
110.8488272,23.28967714,30
109.7346468,23.28922798,30
109.7346468,23.28913815,30
110.6187687,23.28895849,30
107.6479502,23.28886866,30
107.6616046,23.28806017,30
111.3388582,23.28689236,30
111.2541471,23.28231095,30
111.2294434,23.28042449,30
111.2293536,23.28033466,30
110.993995,23.28024483,30
110.6346688,23.27943635,30
110.94863,23.27512443,30
109.9769224,23.27251932,30
110.8575409,23.27144134,30
110.0451944,23.27027353,30
110.0451045,23.2701837,30
110.6181398,23.26910572,30
110.2041962,23.26820741,30
111.2214484,23.26739892,30
109.6679019,23.26694976,30
111.3561957,23.26488364,30
110.4002984,23.26317684,30
110.4002086,23.26308701,30
108.6551413,23.26218869,30
110.0474401,23.26057173,30
111.3093935,23.2599429,30
109.6197522,23.25985307,30
109.6200217,23.25976324,30
109.6201116,23.25976324,30
109.6202912,23.25976324,30
109.8702025,23.25940392,30
109.8702025,23.25931408,30
109.8702924,23.25931408,30
110.5726851,23.25895476,30
109.8702025,23.25877509,30
109.8698432,23.25832594,30
109.8696635,23.25805644,30
110.0522012,23.25715813,30
110.0524707,23.25715813,30
110.052291,23.2570683,30
110.0523809,23.2570683,30
110.0524707,23.2570683,30
109.8666991,23.25697846,30
109.8666991,23.25688863,30
109.8667889,23.2567988,30
110.8592477,23.25625981,30
110.8605951,23.25563099,30
110.860685,23.25563099,30
110.5671155,23.24826481,30
111.2752575,23.24817497,30
111.2914272,23.24754615,30
110.594065,23.24673767,30
109.6442762,23.24619868,30
109.6441864,23.24610885,30
110.5666664,23.24565969,30
110.0473503,23.24440205,30
110.1577533,23.2436834,30
110.0478893,23.2434139,30
110.0471707,23.24332407,30
110.0472605,23.24332407,30
109.0392609,23.24242576,30
110.0442062,23.24125795,30
110.044296,23.24125795,30
110.0444757,23.24125795,30
109.0388117,23.23991047,30
108.2149668,23.23910199,30
109.0388117,23.23721553,30
109.0389016,23.23721553,30
109.0383626,23.23694603,30
109.0384524,23.23694603,30
109.0383626,23.2368562,30
109.040788,23.2368562,30
111.1714122,23.23470024,30
109.6043012,23.23434092,30
109.6042114,23.23407142,30
110.0473503,23.23407142,30
110.0472605,23.23389176,30
111.2954696,23.23317311,30
111.3211614,23.23254429,30
109.5817535,23.23245446,30
111.3209817,23.23245446,30
108.130615,23.22957985,30
111.1889294,23.22949002,30
110.5492391,23.22832221,30
110.5492391,23.22823237,30
110.5491492,23.22805271,30
109.5479768,23.22760355,30
109.5481565,23.22760355,30
109.5482463,23.22760355,30
110.6149957,23.22742389,30
109.9928226,23.22571709,30
109.5347716,23.22526793,30
109.5348614,23.22526793,30
111.3514346,23.22427979,30
111.3515244,23.22427979,30
109.8477447,23.22185434,30
109.8478345,23.22185434,30
109.8463972,23.22104585,30
109.995787,23.22086619,30
109.5992706,23.21897973,30
109.9951582,23.2188899,30
109.9949785,23.21880006,30
109.9950684,23.21880006,30
109.9951582,23.21880006,30
110.5564256,23.2186204,30
109.994709,23.21853057,30
109.8482836,23.21844074,30
109.994709,23.21844074,30
109.8483735,23.21835091,30
109.848104,23.21808141,30
109.848104,23.21799158,30
109.5230037,23.21772209,30
109.9976735,23.21754242,30
111.3402955,23.21736276,30
110.5646901,23.21709327,30
110.5647799,23.21709327,30
109.9970447,23.21664411,30
109.9373067,23.21628478,30
108.1779562,23.21538647,30
108.1783155,23.21538647,30
109.5977435,23.21484748,30
109.9400016,23.21484748,30
109.5976537,23.21475765,30
109.5977435,23.21475765,30
110.9913,23.21457798,30
109.5975639,23.21439832,30
109.937666,23.21421866,30
108.2266449,23.2137695,30
108.2267347,23.2137695,30
108.1043842,23.21358984,30
109.9402711,23.21260169,30
109.9396423,23.21161354,30
109.9369474,23.21080506,30
110.0083634,23.2106254,30
109.9470983,23.21053556,30
109.8601414,23.21044573,30
109.9455712,23.21008641,30
109.9413491,23.20999657,30
109.9454814,23.20999657,30
109.5786992,23.20712197,30
109.8322936,23.20712197,30
110.5883158,23.20712197,30
107.6258516,23.20658298,30
109.8499904,23.20631348,30
109.8499006,23.20622365,30
109.5614516,23.2035287,30
109.5552532,23.20325921,30
109.5848976,23.20092359,30
109.5846281,23.20083376,30
110.3235823,23.2003846,30
110.3234924,23.20029477,30
109.9533865,23.19948629,30
109.9533865,23.19939645,30
109.8575363,23.19930662,30
109.9533865,23.19930662,30
109.9532967,23.19921679,30
109.9532967,23.19912696,30
109.9532967,23.19903713,30
110.3252891,23.19786932,30
109.9935412,23.19777949,30
109.9935412,23.19759982,30
110.3233128,23.19759982,30
110.0481588,23.19750999,30
109.9906666,23.19688117,30
109.990487,23.19679134,30
109.9906666,23.19679134,30
109.9903073,23.19652185,30
109.9902175,23.19643201,30
109.9933616,23.19607269,30
109.9912056,23.19598286,30
109.9932717,23.19598286,30
109.2382377,23.19580319,30
109.9909361,23.19580319,30
109.9909361,23.19571336,30
110.321067,23.1955337,30
111.3152325,23.19535404,30
107.7324817,23.19517437,30
107.7325715,23.19517437,30
111.314963,23.19517437,30
109.9973142,23.19301842,30
109.963807,23.19265909,30
109.963807,23.19256926,30
109.9638968,23.19256926,30
109.963807,23.19247943,30
109.963807,23.1923896,30
109.9638968,23.19229976,30
109.9626392,23.1921201,30
110.5347762,23.19176077,30
109.8426243,23.1904133,30
109.8427141,23.1904133,30
109.8430734,23.19032347,30
109.8431632,23.19032347,30
109.8424446,23.18951499,30
109.8422649,23.18942515,30
109.8216037,23.18915566,30
109.8215139,23.188976,30
109.8216037,23.188976,30
110.0416909,23.18771836,30
110.3270857,23.18753869,30
110.7484854,23.18717937,30
110.7485752,23.18717937,30
109.9804258,23.18690987,30
109.980336,23.18682004,30
109.9802462,23.18673021,30
109.980336,23.18673021,30
109.9802462,23.18664038,30
110.038996,23.18655055,30
109.9799767,23.18610139,30
109.8382225,23.18520307,30
109.8383123,23.18520307,30
109.9801563,23.18520307,30
109.9956972,23.18466408,30
109.8537634,23.18412509,30
107.7865602,23.18349627,30
107.7867399,23.18349627,30
107.7868297,23.18349627,30
107.7868297,23.18340644,30
110.5067487,23.18313695,30
109.956351,23.1824183,30
109.9649748,23.1821488,30
109.8377734,23.17765722,30
109.4168228,23.1770284,30
109.8436124,23.17586059,30
109.8437022,23.17586059,30
109.8589736,23.17433346,30
109.8443311,23.17307582,30
109.8446006,23.17307582,30
109.8446904,23.17298598,30
110.0407926,23.1721775,30
109.8616685,23.17199784,30
109.8498108,23.17100969,30
109.8499006,23.17100969,30
109.8499006,23.17091986,30
109.8499904,23.17091986,30
111.1916243,23.17091986,30
109.8499904,23.17083003,30
109.8112731,23.17002154,30
111.2382469,23.16984188,30
109.8125307,23.16921306,30
109.8520566,23.16849441,30
109.964346,23.16822491,30
109.8554702,23.16750626,30
109.8554702,23.16741643,30
109.8424446,23.16669778,30
109.9689274,23.16660795,30
109.9550035,23.16633845,30
109.8363361,23.1653503,30
109.5541752,23.16463165,30
109.9466492,23.16463165,30
109.8956249,23.16382317,30
109.4180805,23.16319435,30
109.9486255,23.16274519,30
110.0445655,23.16274519,30
110.0446554,23.16274519,30
109.9487153,23.16265536,30
109.862477,23.16202654,30
110.6673675,23.16094856,30
109.8519667,23.15996041,30
109.8517871,23.15987058,30
109.8917621,23.15969092,30
109.8918519,23.15969092,30
109.8916723,23.15960109,30
109.9659629,23.15870277,30
109.9660528,23.15870277,30
109.8947265,23.15744513,30
109.8944571,23.1573553,30
109.8944571,23.15726547,30
109.8335513,23.15528917,30
109.8325631,23.15466035,30
109.832653,23.15466035,30
109.8325631,23.15448069,30
109.8319343,23.15439086,30
109.8320241,23.15412136,30
109.8366954,23.15277389,30
109.8444209,23.15277389,30
109.8445107,23.15277389,30
109.836875,23.15268406,30
109.8444209,23.15268406,30
109.8443311,23.1525044,30
109.8444209,23.1525044,30
110.5654986,23.1522349,30
110.0589386,23.15160608,30
109.9625494,23.15142642,30
109.9618307,23.15061793,30
109.9618307,23.1505281,30
109.9617409,23.15043827,30
109.8215139,23.15025861,30
109.8359767,23.14927046,30
109.873167,23.1488213,30
110.5302846,23.14864164,30
109.8269037,23.14846198,30
109.8741551,23.14837215,30
109.8741551,23.14828231,30
109.8743348,23.14828231,30
109.8743348,23.14819248,30
109.8268139,23.14801282,30
109.8269037,23.14801282,30
109.8268139,23.14792299,30
109.8269037,23.14792299,30
109.8267241,23.14783316,30
109.8267241,23.14774333,30
109.8727178,23.14774333,30
109.8714602,23.14756366,30
109.9063148,23.14675518,30
109.9217658,23.14657552,30
109.9217658,23.14639585,30
109.9218557,23.14639585,30
109.8753229,23.14612636,30
109.557499,23.14576703,30
109.82358,23.14486872,30
110.5489696,23.14486872,30
109.8269936,23.14441956,30
109.8264546,23.14432973,30
109.8220528,23.14415006,30
109.8663398,23.14388057,30
109.8659805,23.14379074,30
109.8660703,23.14379074,30
109.8663398,23.14379074,30
109.8664296,23.14379074,30
109.8658906,23.14370091,30
109.8661601,23.14370091,30
109.86625,23.14370091,30
109.5343225,23.14352124,30
109.8655313,23.14352124,30
109.8653516,23.14343141,30
109.8655313,23.14343141,30
109.8656211,23.14343141,30
109.865711,23.14343141,30
109.8654415,23.14334158,30
109.865711,23.14334158,30
109.8656211,23.14316192,30
109.8640042,23.14244327,30
109.8641838,23.14244327,30
109.8644533,23.14244327,30
109.8640042,23.14235343,30
109.8642737,23.14235343,30
109.8644533,23.14235343,30
109.8239393,23.14217377,30
109.8239393,23.14208394,30
109.8349886,23.14172461,30
109.8350784,23.14172461,30
109.8346293,23.14154495,30
109.8347191,23.14154495,30
109.8346293,23.14145512,30
109.8347191,23.14145512,30
109.8345394,23.14127546,30
109.8346293,23.14127546,30
109.4573368,23.14010765,30
109.8153155,23.13938899,30
109.9509611,23.13822118,30
109.4599419,23.13813135,30
109.4600318,23.13813135,30
109.4603013,23.13813135,30
109.4599419,23.13804152,30
109.4600318,23.13804152,30
109.5000068,23.1374127,30
109.4854541,23.13714321,30
109.5024323,23.13606523,30
109.8136087,23.13561607,30
109.8449599,23.13552624,30
109.8427141,23.13471775,30
109.8694839,23.13471775,30
109.8427141,23.13462792,30
109.8428039,23.13462792,30
109.8366055,23.13453809,30
109.8365157,23.13444826,30
109.8364259,23.13435843,30
109.9894988,23.13175331,30
109.98887,23.13157365,30
109.9890497,23.13157365,30
109.8361564,23.13121432,30
109.8362462,23.13112449,30
109.8363361,23.13112449,30
110.4647076,23.13112449,30
109.8366055,23.13103466,30
109.8364259,23.13094483,30
109.8366055,23.13094483,30
110.513037,23.13004651,30
110.5125878,23.12977702,30
109.9460203,23.1274414,30
109.8304072,23.12636342,30
109.830497,23.12636342,30
109.9504221,23.12636342,30
109.9503323,23.12627359,30
109.9502424,23.12609393,30
109.832114,23.12582443,30
109.9791682,23.12357864,30
109.9469187,23.12223117,30
109.9469187,23.12214134,30
109.9438644,23.12178201,30
109.8416361,23.11872774,30
109.8417259,23.11872774,30
109.8290597,23.11648195,30
109.8291495,23.11648195,30
109.9177234,23.11450566,30
109.9178132,23.114326,30
109.9178132,23.11423617,30
110.4946215,23.11252937,30
110.4947113,23.11252937,30
109.7695014,23.11136156,30
109.8273529,23.11100223,30
110.7248597,23.11019375,30
108.8873558,23.11010392,30
110.6767998,23.11001408,30
109.4697336,23.1074988,30
109.4682963,23.10731914,30
109.4683861,23.10731914,30
109.4684759,23.10731914,30
109.4703624,23.10660049,30
109.954195,23.10543268,30
109.9918344,23.10246824,30
109.8206155,23.10139026,30
109.8207054,23.10139026,30
109.3569052,23.10004278,30
109.4706319,23.09977329,30
109.4707217,23.09977329,30
109.4708116,23.09977329,30
109.4681166,23.0992343,30
109.4689251,23.09914447,30
109.4690149,23.09914447,30
109.9866242,23.09869531,30
109.4646132,23.09842582,30
109.4646132,23.09833598,30
109.464703,23.09833598,30
109.4656912,23.09815632,30
110.5501374,23.09770716,30
110.4451243,23.09716817,30
109.4709912,23.09555121,30
111.0575957,23.09555121,30
111.0576855,23.09555121,30
109.4631759,23.09510205,30
109.4633555,23.09510205,30
111.2757066,23.0943834,30
110.5400762,23.09429357,30
109.4643437,23.09285626,30
109.4643437,23.09276643,30
109.4611996,23.09213761,30
109.4610199,23.09195795,30
109.4611098,23.09186811,30
109.4610199,23.09168845,30
109.4608403,23.09150879,30
110.0882237,23.09150879,30
110.0883135,23.09150879,30
110.3832304,23.09150879,30
109.4606606,23.09123929,30
109.7585419,23.08998165,30
109.7585419,23.08989182,30
109.7591708,23.08818502,30
109.7591708,23.08809519,30
109.7590809,23.08800536,30
109.7591708,23.08800536,30
109.7594403,23.08800536,30
109.7590809,23.08791553,30
109.7591708,23.08791553,30
109.7592606,23.08791553,30
109.9372169,23.08629856,30
110.6685353,23.08495109,30
110.6685353,23.08486126,30
110.3163059,23.08135783,30
110.3163957,23.08135783,30
109.7289874,23.07812389,30
109.9473678,23.07632726,30
109.2693194,23.07560861,30
109.6741901,23.07462046,30
109.67428,23.07462046,30
109.9350609,23.07381198,30
110.6437418,23.07354248,30
108.3860959,23.07327299,30
108.9551786,23.07300349,30
108.3848382,23.07255434,30
111.3377802,23.07228484,30
109.9439542,23.07129669,30
109.9440441,23.07129669,30
109.9442237,23.07129669,30
109.9442237,23.07120686,30
110.6373638,23.07021872,30
109.9382948,23.06967973,30
109.9383847,23.06967973,30
109.9382948,23.0695899,30
109.9383847,23.0695899,30
109.938205,23.06950006,30
109.9382948,23.06950006,30
109.8996673,23.06770343,30
109.763303,23.06671529,30
110.1593702,23.06671529,30
109.763303,23.06662546,30
109.7603386,23.06500849,30
110.95932,23.06384068,30
109.7666268,23.06357118,30
110.461833,23.06240337,30
109.9236523,23.06015759,30
109.7614166,23.05952876,30
109.7615064,23.05952876,30
109.7615962,23.05943893,30
109.7366231,23.05863045,30
109.7366231,23.05854062,30
109.7788439,23.05809146,30
109.7324908,23.0579118,30
109.9873429,23.05665416,30
109.8867315,23.05647449,30
109.9871632,23.05647449,30
109.7749811,23.05638466,30
109.8867315,23.05638466,30
109.8874502,23.05638466,30
109.8857434,23.05629483,30
109.8858332,23.05629483,30
109.88754,23.05629483,30
109.9476373,23.05539651,30
109.9450322,23.05530668,30
109.7275501,23.05467786,30
109.7274602,23.05458803,30
109.7275501,23.0544982,30
109.7801913,23.0542287,30
109.780371,23.05413887,30
109.9419779,23.05252191,30
109.9419779,23.05243207,30
109.7728252,23.05198292,30
108.6559498,23.05171342,30
109.9374864,23.04928797,30
109.9454814,23.04856932,30
110.5652291,23.04856932,30
111.009446,23.04847949,30
109.7752506,23.04785067,30
110.5770868,23.04731168,30
108.3309393,23.04722185,30
109.7628539,23.04668286,30
110.5637918,23.0459642,30
109.9506018,23.04246077,30
109.9433254,23.04102347,30
108.8048904,23.04066414,30
108.6564888,23.03868785,30
109.7094939,23.03832852,30
109.7236873,23.03832852,30
109.7259331,23.03734038,30
109.7260229,23.03734038,30
109.7262026,23.03734038,30
109.7259331,23.03725055,30
109.7260229,23.03725055,30
109.7261128,23.03725055,30
109.7241365,23.03464543,30
109.723328,23.03419627,30
109.7235077,23.03419627,30
109.9497933,23.03365728,30
109.7673454,23.03168099,30
110.0317196,23.03060301,30
110.031001,23.03015385,30
110.031001,23.03006402,30
110.0388163,23.0297047,30
109.7495588,23.02907588,30
110.130175,23.02889621,30
110.130175,23.02880638,30
109.374063,23.02835722,30
109.3741528,23.02835722,30
110.0349536,23.02727925,30
110.0350434,23.02727925,30
110.0350434,23.02718941,30
108.3356105,23.02700975,30
109.7394078,23.02665043,30
109.7394977,23.02665043,30
109.7396773,23.02665043,30
109.7626742,23.02638093,30
109.7628539,23.02638093,30
109.7629437,23.02638093,30
109.7543199,23.0262911,30
109.7544097,23.0262911,30
109.7629437,23.0262911,30
109.7628539,23.02620127,30
109.7544097,23.02611144,30
108.3319274,23.02539278,30
108.3318376,23.02530295,30
110.03154,23.02530295,30
108.3308495,23.02521312,30
110.0314501,23.02521312,30
108.3307596,23.02512329,30
108.3308495,23.02512329,30
108.3309393,23.02512329,30
108.3307596,23.02503346,30
108.3307596,23.02494363,30
108.3308495,23.02494363,30
108.3307596,23.02485379,30
108.3307596,23.02476396,30
109.74893,23.02404531,30
111.0805027,23.02153003,30
109.832114,23.02027239,30
108.3679499,23.02018256,30
109.9962362,23.01964357,30
109.9975836,23.01955373,30
108.808304,23.01614014,30
108.8083939,23.01614014,30
109.7120092,23.0160503,30
109.9569798,23.014613,30
109.7188364,23.01380452,30
109.7189262,23.01380452,30
109.7189262,23.01362485,30
111.0735857,23.01308586,30
111.0736755,23.01308586,30
109.9223947,23.01254688,30
108.8155804,23.01191805,30
111.0130392,23.01057058,30
109.8859231,23.01003159,30
109.8861027,23.01003159,30
109.8859231,23.00994176,30
109.8860129,23.00994176,30
109.7491995,23.00742648,30
110.0175262,23.00706715,30
111.0566075,23.00554002,30
111.0564279,23.00545018,30
109.7596199,23.00428237,30
108.5414146,23.00419254,30
109.7595301,23.00410271,30
108.5413247,23.00401288,30
111.1724902,22.99988063,30
108.3144103,22.99862299,30
111.0663992,22.99790434,30
110.0269586,22.99556872,30
108.2818015,22.9929636,30
109.1265771,22.99287377,30
110.0015362,22.99233478,30
109.9935412,22.99089748,30
109.1636776,22.99017882,30
109.9751258,22.98963984,30
109.9916548,22.98892118,30
110.9505165,22.98847203,30
109.9975836,22.98820253,30
110.0027939,22.9878432,30
108.6327732,22.98532792,30
110.0075549,22.98362112,30
110.0034227,22.9829923,30
109.9914751,22.98272281,30
109.9868039,22.98254314,30
109.6922463,22.98074651,30
108.9147544,22.98065668,30
109.6923361,22.98065668,30
109.9870734,22.98047702,30
109.9871632,22.98047702,30
110.0062075,22.98029736,30
110.6136483,22.9795787,30
109.3733444,22.97948887,30
109.0847157,22.97616511,30
109.8605906,22.97598544,30
109.8603211,22.97589561,30
110.5857107,22.97544645,30
110.5813987,22.9749973,30
109.9725206,22.97364982,30
109.641761,22.97347016,30
109.6414915,22.97320067,30
107.9885913,22.97203286,30
109.691348,22.97095488,30
109.691348,22.97086505,30
111.101703,22.97050572,30
109.6636799,22.96942774,30
109.2427293,22.96915825,30
109.242909,22.96915825,30
109.6900903,22.96897858,30
109.6899107,22.96888875,30
109.1623301,22.96843959,30
109.1624199,22.96843959,30
109.9665918,22.96574465,30
109.9663223,22.96565482,30
109.9664121,22.96565482,30
109.9092793,22.96556499,30
109.6757173,22.96547515,30
109.8769399,22.9647565,30
109.8770297,22.9647565,30
109.8772992,22.96457684,30
109.0620781,22.96439718,30
109.6986243,22.96412768,30
109.0648629,22.96403785,30
109.6985345,22.96403785,30
109.6842513,22.96349886,30
108.9199646,22.96340903,30
110.5914599,22.96340903,30
110.5915497,22.96340903,30
108.9198748,22.96322937,30
108.2392213,22.96287004,30
109.9096386,22.96287004,30
109.9097284,22.96287004,30
109.9098182,22.96287004,30
109.9098182,22.96278021,30
108.2482045,22.96143274,30
108.2482943,22.96143274,30
109.6616137,22.96089375,30
109.9053267,22.96062425,30
108.6910739,22.96026493,30
108.4481694,22.95730049,30
108.8141431,22.95550385,30
107.8061435,22.95388689,30
107.805335,22.95370722,30
107.805335,22.95361739,30
109.5406107,22.95343773,30
108.1884665,22.95244958,30
109.6250523,22.95226992,30
109.6249625,22.95218009,30
109.6248726,22.95209026,30
108.2206262,22.95200043,30
108.220716,22.95200043,30
109.5281241,22.95128177,30
109.5283037,22.95128177,30
109.6696087,22.95074278,30
108.4524814,22.95038346,30
108.4525712,22.95038346,30
109.9201489,22.95002413,30
109.2772246,22.94867666,30
110.013394,22.94714952,30
109.1737387,22.94670036,30
109.1737387,22.94661053,30
109.9240116,22.94661053,30
109.1736489,22.9465207,30
109.1734692,22.94643087,30
109.699343,22.94598171,30
109.8981401,22.94400542,30
109.3849326,22.94391559,30
108.3711838,22.94382576,30
108.4602069,22.94382576,30
109.3848428,22.94373592,30
108.3709143,22.94355626,30
108.3709143,22.9433766,30
109.2712059,22.9433766,30
109.2712957,22.9433766,30
108.4353235,22.94229862,30
109.8914926,22.94220879,30
108.3622905,22.94149014,30
110.5446577,22.94068165,30
110.5736732,22.93969351,30
110.5734936,22.93960367,30
109.3394779,22.93933418,30
108.725659,22.93915452,30
109.5992706,22.93807654,30
109.9279642,22.93663923,30
109.928054,22.93663923,30
109.9279642,22.9365494,30
109.928054,22.9365494,30
109.297796,22.93645957,30
109.3870886,22.93619008,30
109.3870886,22.93610024,30
109.8922113,22.93520193,30
109.2857586,22.93358496,30
109.9236523,22.93286631,30
109.6664646,22.93268665,30
109.6665545,22.93268665,30
109.3541204,22.93223749,30
109.3543899,22.93223749,30
109.3325608,22.93115951,30
109.3325608,22.93106968,30
110.5787038,22.93080018,30
109.3277099,22.9302612,30
109.9310185,22.93008153,30
109.9306592,22.9299917,30
109.9306592,22.92990187,30
109.930749,22.92990187,30
109.9308388,22.92990187,30
109.9304795,22.92981204,30
109.9070335,22.92864423,30
109.2947418,22.92675777,30
109.2948316,22.92675777,30
109.2950113,22.92666793,30
111.0941571,22.9265781,30
111.0942469,22.92648827,30
111.0943368,22.92639844,30
111.0941571,22.92621878,30
109.3850225,22.92612894,30
109.3719969,22.92585945,30
109.3721765,22.92576962,30
109.2571024,22.92567979,30
109.2938435,22.92567979,30
109.2939333,22.92567979,30
109.3721765,22.92567979,30
109.2570125,22.92558996,30
111.093708,22.92558996,30
109.2569227,22.92541029,30
110.5719664,22.92541029,30
109.1798472,22.92532046,30
109.2568329,22.92532046,30
109.9011046,22.92523063,30
109.9011944,22.92523063,30
109.3627442,22.92460181,30
109.3765783,22.92460181,30
109.9276049,22.92424248,30
109.9276947,22.92424248,30
109.3800817,22.92415265,30
109.6761664,22.92415265,30
109.3715477,22.92397299,30
107.9908371,22.92307467,30
109.9151183,22.92280518,30
109.9151183,22.92262552,30
109.9382948,22.92154754,30
109.9383847,22.92145771,30
110.5710681,22.92100855,30
109.3706494,22.92091872,30
109.6819157,22.92091872,30
109.9470983,22.92091872,30
109.9471882,22.92091872,30
109.6816462,22.92064922,30
109.9184421,22.92064922,30
109.9184421,22.92055939,30
109.9204184,22.92055939,30
109.9182624,22.92046956,30
109.9364982,22.92046956,30
109.9182624,22.92037973,30
109.9184421,22.92037973,30
108.0001796,22.9202899,30
109.9171844,22.91957124,30
109.9171844,22.91948141,30
109.9172743,22.91948141,30
109.9173641,22.91948141,30
109.6598171,22.91921192,30
109.9175438,22.91921192,30
109.6598171,22.91912209,30
109.6596374,22.91903225,30
109.6597273,22.91903225,30
110.9188958,22.9185831,30
109.9174539,22.9183136,30
109.1382552,22.91777461,30
109.658829,22.91777461,30
109.9144895,22.91777461,30
109.91422,22.91759495,30
109.9143997,22.91759495,30
109.9144895,22.91759495,30
109.1381654,22.91750512,30
109.9143997,22.91750512,30
109.9144895,22.91750512,30
109.9161065,22.91741529,30
109.9167353,22.91732546,30
109.1420282,22.91723562,30
109.2148815,22.91723562,30
109.9168251,22.91714579,30
109.2059882,22.91633731,30
110.5239964,22.91606781,30
110.5242659,22.91588815,30
109.6471509,22.91454068,30
109.9132318,22.91409152,30
109.8930197,22.91391186,30
109.9137708,22.9134627,30
109.9139505,22.91337287,30
109.9269761,22.91130674,30
110.5208523,22.91112708,30
108.8235754,22.91076775,30
110.5696308,22.9103186,30
108.2643741,22.91013893,30
109.6288252,22.90951011,30
109.6286456,22.90942028,30
109.8893367,22.90906095,30
109.8893367,22.90897112,30
109.8894265,22.90897112,30
109.8893367,22.90888129,30
109.8892468,22.90870163,30
109.9081114,22.9086118,30
109.9083809,22.9086118,30
109.8899655,22.90591685,30
109.8900553,22.90591685,30
109.9161963,22.90582702,30
109.9162861,22.90582702,30
109.9163759,22.90573719,30
109.9162861,22.90555752,30
109.9165556,22.90555752,30
109.9170048,22.90555752,30
109.9170946,22.90555752,30
109.9171844,22.90555752,30
109.889696,22.90528803,30
109.8984096,22.90528803,30
109.8983198,22.9051982,30
109.9206879,22.90385073,30
109.9389237,22.9034914,30
109.9389237,22.90340157,30
109.5202189,22.90232359,30
109.5200392,22.90223376,30
109.5201291,22.90223376,30
109.5202189,22.90223376,30
109.5203087,22.90223376,30
109.9263472,22.90223376,30
109.5200392,22.90214393,30
109.5201291,22.90214393,30
109.9267964,22.90169477,30
109.9269761,22.90169477,30
109.5909163,22.90160494,30
110.9261722,22.90151511,30
110.9256332,22.90142527,30
109.9233828,22.90133544,30
109.8946367,22.90106595,30
109.8947265,22.90106595,30
109.9338931,22.90070662,30
109.9338033,22.90061679,30
109.9343423,22.90061679,30
109.9290422,22.9000778,30
109.9198794,22.89971848,30
109.9197895,22.89962864,30
109.9199692,22.89962864,30
109.920059,22.89962864,30
109.9201489,22.89962864,30
109.9284134,22.89962864,30
109.9285032,22.89953881,30
109.9288625,22.89953881,30
109.9176336,22.89890999,30
109.9177234,22.89890999,30
109.9305693,22.89873033,30
109.930749,22.89873033,30
109.9308388,22.89873033,30
109.9310185,22.89873033,30
109.7287179,22.8986405,30
110.5283083,22.89702353,30
109.8867315,22.89531673,30
109.8868214,22.89531673,30
110.5467238,22.89325061,30
110.5468136,22.89325061,30
110.5469034,22.89325061,30
108.5398874,22.89271162,30
108.4775444,22.89235229,30
110.5908311,22.89217263,30
109.8918519,22.8918133,30
109.8919418,22.8918133,30
109.5121341,22.89073532,30
109.9184421,22.88983701,30
108.0839026,22.88965734,30
109.5212071,22.88920819,30
109.5209376,22.88884886,30
109.5210274,22.88875903,30
109.5203986,22.8886692,30
109.887001,22.88822004,30
108.551296,22.88759122,30
109.6848801,22.88732172,30
108.4806885,22.88624375,30
109.8884383,22.88615391,30
109.8883485,22.88579459,30
109.5022526,22.88534543,30
109.8896061,22.88516577,30
108.5591114,22.88480644,30
110.5118691,22.88480644,30
109.1988017,22.88462678,30
109.4478147,22.88417762,30
108.5574944,22.88408779,30
109.1992509,22.88336914,30
109.8881688,22.88327931,30
108.5451875,22.88112335,30
109.4369451,22.87887756,30
109.4369451,22.87878773,30
109.67428,22.8786979,30
110.0317196,22.8786979,30
109.4497012,22.87806908,30
109.4493418,22.87797925,30
109.4494317,22.87797925,30
109.4494317,22.87788941,30
109.449791,22.87788941,30
109.4498808,22.87788941,30
109.8866417,22.87770975,30
109.4489825,22.87753009,30
109.150113,22.87744026,30
109.1500232,22.87735042,30
109.1931423,22.8769911,30
109.6807478,22.87681144,30
109.6808377,22.87681144,30
109.6810173,22.87681144,30
109.6811072,22.87681144,30
109.9310185,22.87681144,30
109.8867315,22.87636228,30
109.448174,22.87600295,30
109.8918519,22.87510464,30
109.1537063,22.87483514,30
109.9167353,22.87483514,30
110.5134861,22.87420632,30
109.9301202,22.87303851,30
109.93021,22.87303851,30
110.5073776,22.87267919,30
110.5075572,22.87258935,30
109.4595826,22.87097239,30
109.4597623,22.87097239,30
109.4575165,22.87088255,30
109.4576063,22.87088255,30
109.4574267,22.87061306,30
109.6917971,22.87034357,30
108.528389,22.86917576,30
108.5282992,22.86908592,30
108.5192262,22.8684571,30
109.9265269,22.86818761,30
109.9266167,22.86818761,30
108.5362043,22.86809778,30
110.5158217,22.86809778,30
109.4574267,22.86800795,30
110.6483232,22.86800795,30
109.4576063,22.86773845,30
109.4576063,22.86764862,30
110.5223794,22.86764862,30
108.5352162,22.86567233,30
108.1445389,22.86522317,30
108.9628143,22.86522317,30
109.3044436,22.86486384,30
109.5131222,22.86468418,30
109.513212,22.86459435,30
109.5117747,22.86450452,30
109.5131222,22.86450452,30
110.5239964,22.86450452,30
109.5131222,22.86441468,30
109.5131222,22.86423502,30
109.513212,22.86423502,30
109.6889225,22.86351637,30
109.8863722,22.86351637,30
109.6867666,22.86261805,30
109.4616487,22.86082142,30
109.8210647,22.86037227,30
109.8207054,22.86028243,30
110.5158217,22.85956378,30
109.5086306,22.85911462,30
109.4887779,22.85830614,30
108.5081769,22.85812648,30
109.4929101,22.85785698,30
110.5169895,22.85659934,30
109.4249077,22.8553417,30
108.51186,22.85399423,30
109.7995051,22.8539044,30
109.7995051,22.85381456,30
109.8062425,22.85327558,30
109.8062425,22.85318574,30
109.8062425,22.85309591,30
109.8198071,22.85201793,30
109.8198071,22.8519281,30
109.8309462,22.85156878,30
109.848643,22.85156878,30
109.8488226,22.85156878,30
109.4686556,22.85138911,30
109.6785021,22.85138911,30
109.8675076,22.85138911,30
108.5243466,22.85129928,30
109.8673279,22.85120945,30
110.584453,22.85076029,30
110.1160714,22.85067046,30
109.8095663,22.85031113,30
108.8224076,22.8502213,30
108.9970401,22.85013147,30
108.8185448,22.85004164,30
108.9971299,22.85004164,30
108.8177364,22.84986198,30
108.8178262,22.84986198,30
108.8176465,22.84977215,30
109.8722687,22.84977215,30
109.573489,22.84941282,30
109.8666093,22.84941282,30
109.4830287,22.848784,30
109.8093866,22.84815518,30
109.4205059,22.84716703,30
109.4203262,22.8470772,30
109.8194477,22.8470772,30
109.8433429,22.84608905,30
109.7661776,22.84599922,30
109.8435226,22.84572973,30
109.5717822,22.84555006,30
109.7682438,22.84474158,30
109.7123685,22.84438225,30
109.8453192,22.84438225,30
109.6265794,22.84321444,30
109.2123663,22.84276529,30
109.782527,22.84204663,30
109.4887779,22.84159748,30
109.791061,22.84096866,30
109.5199494,22.84087882,30
109.5195901,22.84042967,30
109.5194104,22.84025,30
108.7211675,22.84016017,30
109.8563685,22.83917203,30
108.9804213,22.8388127,30
108.9805111,22.8388127,30
109.45563,22.8388127,30
109.7340179,22.83863304,30
109.8004034,22.8385432,30
110.0502249,22.83827371,30
108.9868891,22.83809405,30
109.7877372,22.83773472,30
109.5042289,22.83665674,30
109.8080391,22.83647708,30
109.7445282,22.83620758,30
109.4605708,22.83593809,30
109.4603911,22.83584826,30
109.4603911,22.83575843,30
108.5080871,22.83557876,30
109.7920491,22.83512961,30
107.7961722,22.83486011,30
108.505482,22.83486011,30
109.8318445,22.83432112,30
110.0371994,22.8336923,30
108.8406434,22.83288382,30
108.8427993,22.83279399,30
108.8427993,22.83270416,30
108.5120397,22.83243466,30
109.5097086,22.83171601,30
109.5096188,22.83162618,30
109.5097086,22.83162618,30
108.9556277,22.83135668,30
109.4552707,22.83081769,30
109.4552707,22.83072786,30
108.5081769,22.83000921,30
108.5008107,22.82982955,30
109.7427316,22.82920073,30
110.0466317,22.82920073,30
109.7434503,22.82902106,30
109.7306043,22.8285719,30
109.4676675,22.82848207,30
109.7304247,22.82848207,30
109.7631234,22.82848207,30
109.4671285,22.82830241,30
109.4251771,22.82785325,30
109.4700031,22.82776342,30
108.8479197,22.82767359,30
109.8080391,22.82704477,30
110.0227365,22.82704477,30
108.8489977,22.82686511,30
109.7438096,22.82668544,30
109.4655115,22.82641595,30
109.4656912,22.82641595,30
109.4653318,22.82632612,30
109.4654217,22.82632612,30
109.4655115,22.82632612,30
109.4654217,22.82623629,30
110.5696308,22.82623629,30
109.4656013,22.82605662,30
109.4656013,22.82596679,30
109.7428214,22.82596679,30
109.4625471,22.82560746,30
109.7501876,22.82560746,30
110.5717868,22.82560746,30
108.8405536,22.82506848,30
110.5720563,22.82479898,30
110.5717868,22.82461932,30
110.5718766,22.82461932,30
110.5716969,22.82452949,30
110.5717868,22.82452949,30
109.7359942,22.82390067,30
109.7359942,22.82381083,30
110.5730444,22.82318201,30
108.4567933,22.82309218,30
110.5730444,22.82309218,30
109.1579284,22.8222837,30
109.1580182,22.8222837,30
109.1578385,22.82219387,30
109.1580182,22.82219387,30
109.1599046,22.82003791,30
109.4270636,22.81976842,30
110.0087228,22.81967858,30
109.159186,22.81958875,30
110.6671879,22.81931926,30
110.0229161,22.81869044,30
110.0229161,22.81860061,30
110.0230958,22.81860061,30
110.0178856,22.81815145,30
109.7834253,22.81797178,30
109.7835151,22.81797178,30
109.8586143,22.81797178,30
109.4441316,22.81698364,30
109.4437723,22.81671414,30
108.5373722,22.81644465,30
110.0143821,22.81563616,30
110.0702574,22.81509718,30
110.0089923,22.81464802,30
110.0217483,22.8140192,30
109.1800269,22.81348021,30
110.0568725,22.81348021,30
109.4547317,22.81339038,30
109.8915824,22.81321071,30
109.8915824,22.81312088,30
109.8915824,22.81303105,30
108.1281895,22.81276156,30
109.1812845,22.81168358,30
108.1243268,22.81114459,30
110.0236348,22.81069543,30
109.6603561,22.8103361,30
109.4329925,22.80925813,30
110.0151906,22.80925813,30
110.0152805,22.80925813,30
110.0093516,22.80916829,30
110.012855,22.80835981,30
109.7303348,22.80818015,30
108.0424004,22.80773099,30
108.0421309,22.80764116,30
108.0421309,22.80755133,30
110.5357643,22.80665301,30
109.803817,22.80611402,30
109.8006729,22.80602419,30
109.1910762,22.8037784,30
109.191166,22.8037784,30
109.1907169,22.80332925,30
109.1907169,22.80314958,30
109.7355451,22.80198177,30
109.886462,22.80099363,30
109.8865519,22.80099363,30
109.8866417,22.80099363,30
109.797978,22.80000548,30
109.7980678,22.80000548,30
109.7978882,22.79991565,30
109.797978,22.79991565,30
109.6562238,22.7972207,30
109.6563137,22.7972207,30
109.2017661,22.79713087,30
109.7510859,22.79686138,30
109.7971695,22.79623255,30
109.9934514,22.79452576,30
109.9930921,22.79443592,30
109.9931819,22.79443592,30
108.5456367,22.79389694,30
108.7036503,22.7938071,30
110.0456435,22.79281896,30
110.3117245,22.79263929,30
109.1594555,22.7923698,30
109.159186,22.79227997,30
109.1592758,22.79227997,30
109.1450824,22.79147148,30
108.6401394,22.79120199,30
109.1556826,22.79003418,30
109.4625471,22.78958502,30
109.1565809,22.78886637,30
109.6651172,22.78868671,30
109.1078922,22.78850704,30
110.525793,22.78814772,30
108.0349444,22.78778839,30
109.6215489,22.78689008,30
110.06882,22.78680024,30
110.3004956,22.78644092,30
110.2999566,22.78635109,30
110.3004956,22.78635109,30
110.3005854,22.78635109,30
109.1448129,22.78599176,30
109.1449028,22.78599176,30
109.1449028,22.78590193,30
108.6566684,22.7855426,30
108.6564888,22.78536294,30
109.1414892,22.78419513,30
109.7277297,22.78275783,30
109.7278196,22.78275783,30
109.2204511,22.7823985,30
109.1439146,22.78096119,30
108.7380558,22.77952389,30
109.206617,22.7792544,30
109.1684386,22.77907473,30
108.5240771,22.77871541,30
110.5853513,22.77871541,30
110.5854412,22.77871541,30
109.2053594,22.77862558,30
110.5853513,22.77862558,30
110.5854412,22.77862558,30
110.5852615,22.77853574,30
109.7293467,22.77799675,30
109.7292569,22.77602046,30
109.7290772,22.77593063,30
109.6351134,22.77467299,30
109.6350236,22.77458316,30
109.2127256,22.77422383,30
109.2128154,22.77422383,30
108.628641,22.774134,30
110.5223794,22.77368484,30
109.6273879,22.77350518,30
108.5218313,22.77332552,30
110.4718043,22.77090006,30
110.2291693,22.77081023,30
109.1052871,22.77045091,30
109.1053769,22.77045091,30
110.4700077,22.76982209,30
110.454377,22.76946276,30
108.107708,22.76874411,30
108.1076181,22.76865428,30
110.1814688,22.76703731,30
110.1815586,22.76703731,30
109.2249427,22.76577967,30
109.7552182,22.76479152,30
108.7196403,22.76452203,30
108.7223353,22.76425253,30
108.7225149,22.76425253,30
108.7226946,22.76425253,30
108.7224251,22.7641627,30
108.7226048,22.7641627,30
109.6493068,22.76407287,30
110.4567126,22.76380337,30
110.4565329,22.76371354,30
110.1806603,22.76290506,30
110.1414039,22.76191691,30
110.179223,22.76182708,30
110.4484481,22.76182708,30
109.750008,22.76146775,30
110.5171692,22.76137792,30
109.226919,22.76083893,30
108.5441095,22.76065927,30
108.5441993,22.76065927,30
109.2174867,22.76047961,30
108.1097741,22.76038977,30
108.1098639,22.76038977,30
109.6575713,22.76003045,30
108.5532723,22.75949146,30
108.0371004,22.7593118,30
108.5425824,22.75886264,30
108.5426722,22.75886264,30
109.2214392,22.75751517,30
109.8519667,22.75634736,30
109.8520566,22.75634736,30
109.6515526,22.75535921,30
108.0231765,22.75473039,30
108.5724064,22.75473039,30
108.2088583,22.75464056,30
109.0044961,22.75437106,30
110.16485,22.75437106,30
109.0044063,22.75428123,30
108.2085888,22.7541914,30
110.5902921,22.75329308,30
109.2155104,22.75266426,30
110.1519142,22.75086763,30
110.1518244,22.75059814,30
110.0174364,22.75050831,30
110.1660178,22.75041848,30
110.1553278,22.75014898,30
110.1516447,22.74978965,30
108.2240398,22.74835235,30
109.621459,22.74799302,30
110.0161788,22.74790319,30
109.7583623,22.74637606,30
108.1229793,22.7459269,30
108.1229793,22.74583707,30
108.1517254,22.7456574,30
108.1351066,22.74538791,30
108.1349269,22.74529808,30
108.1350167,22.74529808,30
110.1261326,22.74529808,30
108.1974496,22.74475909,30
108.1531627,22.74359128,30
108.1532525,22.74359128,30
109.0405185,22.74296246,30
109.0404287,22.7427828,30
110.1420327,22.7427828,30
110.1571244,22.7427828,30
108.1659188,22.74224381,30
108.165829,22.74206414,30
108.1447185,22.74143532,30
110.9434198,22.74125566,30
108.1528034,22.741076,30
109.847026,22.74098616,30
108.0450055,22.74071667,30
110.1318818,22.74053701,30
110.1318818,22.74044718,30
108.0393462,22.74026751,30
109.5520193,22.74017768,30
109.6620629,22.73990819,30
109.6696986,22.73883021,30
109.6602663,22.73874038,30
109.6600866,22.73856071,30
108.2108345,22.73847088,30
108.0701584,22.73784206,30
108.1263031,22.73775223,30
108.1262132,22.7376624,30
108.1263031,22.7376624,30
108.1262132,22.73757257,30
109.606008,22.73748274,30
108.1202844,22.73676408,30
108.1374422,22.73658442,30
108.0393462,22.73604543,30
108.039436,22.73604543,30
110.13817,22.73541661,30
108.1223505,22.73496745,30
108.1452575,22.73442846,30
108.0412326,22.73433863,30
108.1434609,22.73415897,30
108.1433711,22.73406914,30
109.8914926,22.73326065,30
108.1457067,22.73299116,30
108.1537017,22.73263183,30
108.1537915,22.73263183,30
108.1249556,22.73155385,30
110.0193229,22.73119453,30
108.1442694,22.7311047,30
108.1443592,22.7311047,30
108.1394185,22.73029621,30
108.1395083,22.73029621,30
108.1395083,22.73020638,30
108.1331303,22.72984706,30
108.1332201,22.72984706,30
108.1248658,22.72894874,30
108.0443767,22.72823009,30
109.0561492,22.72805042,30
109.9159268,22.7274216,30
110.1926977,22.72724194,30
110.4160189,22.72697245,30
109.1537961,22.72679278,30
109.1537063,22.72670295,30
108.1451677,22.72544531,30
109.7661776,22.72526565,30
108.5839947,22.72508598,30
110.1767975,22.72059441,30
109.0582154,22.72032491,30
109.0747444,22.72014525,30
108.260691,22.71906727,30
109.0713308,22.71897744,30
109.0714206,22.71897744,30
110.1179579,22.71888761,30
110.2666291,22.7177198,30
110.2666291,22.71762997,30
110.6542521,22.71709098,30
109.049322,22.71583334,30
110.6633251,22.71520452,30
108.181819,22.71421637,30
110.1871282,22.71295873,30
110.3899678,22.71224008,30
108.9487107,22.71161125,30
109.472698,22.71062311,30
110.2428237,22.70999429,30
109.4155652,22.70981462,30
109.0038673,22.70972479,30
109.416194,22.7094553,30
110.3133415,22.70927564,30
110.3133415,22.7091858,30
109.3656188,22.70909597,30
110.2419254,22.70900614,30
108.9659584,22.70882648,30
109.3653493,22.70873665,30
109.0820207,22.70810783,30
109.0815716,22.70792816,30
109.0816614,22.70792816,30
109.0816614,22.70783833,30
109.3647205,22.70783833,30
109.3654392,22.70756884,30
108.2226923,22.70694002,30
108.2226025,22.70685018,30
108.800848,22.70658069,30
108.8005785,22.70640103,30
108.1293573,22.70577221,30
108.129537,22.70577221,30
108.1296268,22.70577221,30
110.2472255,22.70478406,30
110.2473153,22.70478406,30
110.247495,22.70478406,30
110.2473153,22.7046044,30
110.2474051,22.7046044,30
109.1018735,22.70442473,30
109.1018735,22.7043349,30
109.7790235,22.7043349,30
109.7792032,22.7043349,30
109.7793829,22.7043349,30
109.058934,22.70424507,30
109.7795625,22.70424507,30
109.7796524,22.70424507,30
109.0587543,22.70415524,30
109.0588442,22.70415524,30
109.7797422,22.70415524,30
109.779832,22.70415524,30
109.7799219,22.70415524,30
109.1436451,22.70406541,30
109.7799219,22.70406541,30
108.1282794,22.70379591,30
109.0804936,22.70361625,30
108.758178,22.70334675,30
108.2890778,22.70325692,30
108.2851252,22.70316709,30
108.2890778,22.70307726,30
108.2903354,22.70307726,30
108.2902456,22.70298743,30
108.2901558,22.7028976,30
108.2614995,22.70208911,30
108.7467694,22.70155012,30
109.4207754,22.70101113,30
109.4039769,22.7009213,30
108.1837054,22.69993316,30
109.1445435,22.6992145,30
109.1446333,22.6992145,30
108.33058,22.69786703,30
109.1970051,22.69705855,30
109.4149364,22.69678905,30
108.6523565,22.6963399,30
108.331658,22.69616023,30
109.0165335,22.69571107,30
109.7744421,22.69562124,30
108.9645211,22.69526192,30
109.8576261,22.69517209,30
108.9755703,22.69508225,30
108.3485463,22.69409411,30
108.3325563,22.69382461,30
108.0390767,22.69283647,30
108.3074933,22.6926568,30
109.2058086,22.69202798,30
108.3401919,22.69175849,30
109.1210974,22.69103983,30
109.3693918,22.68870422,30
109.9242811,22.68861438,30
108.6601719,22.68798556,30
108.8933745,22.68690758,30
110.2342897,22.68690758,30
108.8933745,22.68681775,30
110.2341999,22.68681775,30
110.2341999,22.68672792,30
110.2341999,22.68663809,30
110.2340202,22.68645843,30
110.2341101,22.68645843,30
108.3179137,22.68591944,30
108.24524,22.68529062,30
108.2453299,22.68529062,30
110.5963108,22.68457196,30
109.3652595,22.68421264,30
110.0390858,22.68349399,30
110.0387265,22.68322449,30
108.2435332,22.68214651,30
110.0437571,22.68142786,30
109.3599595,22.68106854,30
109.008808,22.67972106,30
109.017342,22.67963123,30
109.5418683,22.67936174,30
108.7745274,22.67765494,30
108.7745274,22.67756511,30
109.0155454,22.67738544,30
109.0153657,22.67720578,30
109.0152759,22.67711595,30
108.7942005,22.67684645,30
108.7942005,22.67666679,30
109.3376812,22.67666679,30
109.0569577,22.6763973,30
108.7862953,22.67603797,30
110.014472,22.67603797,30
108.7901581,22.67594814,30
109.3873581,22.67558881,30
109.3854716,22.67513965,30
109.3852919,22.67504982,30
108.4509542,22.67433117,30
108.4491576,22.67415151,30
109.2077848,22.67361252,30
108.4042418,22.67352269,30
109.3370524,22.67262437,30
109.3527729,22.67235488,30
108.9271512,22.67226505,30
109.3499882,22.67226505,30
109.3526831,22.67226505,30
109.7635725,22.67226505,30
109.7636623,22.67226505,30
108.8084837,22.67208538,30
109.3793631,22.67190572,30
109.0143776,22.67154639,30
109.37568,22.67136673,30
109.0177912,22.6712769,30
109.0177013,22.67118707,30
109.0177912,22.67118707,30
108.4001096,22.67109724,30
108.9284986,22.67109724,30
109.0176115,22.67109724,30
108.3998401,22.6710074,30
109.1305297,22.67091757,30
109.0174318,22.67082774,30
109.0174318,22.67073791,30
108.8022853,22.67055825,30
108.803004,22.67037858,30
108.8030938,22.67019892,30
108.8030938,22.67010909,30
109.0935191,22.67010909,30
108.4001096,22.66983959,30
109.8071408,22.66983959,30
109.8072306,22.66983959,30
108.4007384,22.66912094,30
108.4008282,22.66903111,30
109.3389389,22.66894128,30
109.3386694,22.66885145,30
109.3387592,22.66885145,30
109.338849,22.66885145,30
109.3510661,22.6678633,30
109.3394779,22.66723448,30
109.3731647,22.66714465,30
109.1032209,22.66705482,30
109.9644358,22.66705482,30
109.3728054,22.66678532,30
109.3728952,22.66678532,30
109.3728952,22.66669549,30
108.1731053,22.66660566,30
109.3594205,22.66633616,30
109.3592408,22.66624633,30
109.4139482,22.6661565,30
109.1295416,22.66579718,30
108.1147148,22.66561751,30
108.114625,22.66552768,30
108.7977938,22.66462937,30
109.3462152,22.66400054,30
109.3467542,22.66391071,30
109.4346993,22.66364122,30
109.4346095,22.66346156,30
109.4344298,22.66337172,30
109.4338908,22.66319206,30
109.4339806,22.66319206,30
107.988232,22.66310223,30
108.2218838,22.66310223,30
108.2219737,22.66310223,30
107.988232,22.6630124,30
108.9874281,22.6630124,30
109.5413293,22.66292257,30
109.5413293,22.66283274,30
108.3847484,22.66265307,30
109.3429813,22.66265307,30
109.3430711,22.66265307,30
108.4013672,22.66256324,30
109.7230585,22.66247341,30
108.7731799,22.66220391,30
108.950687,22.66202425,30
108.4010977,22.66184459,30
109.0647731,22.66184459,30
109.3454966,22.66184459,30
110.0154601,22.66166493,30
109.8332818,22.66139543,30
108.1688832,22.65995813,30
108.9361343,22.65995813,30
108.7406609,22.6595988,30
108.3911264,22.65950897,30
108.7406609,22.65950897,30
108.7407507,22.65950897,30
108.3911264,22.65941914,30
108.7404812,22.65932931,30
108.8364213,22.65888015,30
109.3145047,22.65879032,30
109.314325,22.65870048,30
109.3144149,22.65870048,30
109.3145047,22.65861065,30
109.7678844,22.65834116,30
108.4012774,22.65825133,30
109.7676149,22.65798183,30
109.7578233,22.65780217,30
109.7677048,22.65735301,30
109.0004537,22.65708352,30
109.6978158,22.65681402,30
109.757464,22.65681402,30
109.6976362,22.65672419,30
108.7827021,22.65636487,30
108.171129,22.65627503,30
108.1712188,22.65627503,30
108.1844241,22.65582588,30
109.6949412,22.65564621,30
109.6950311,22.65564621,30
109.6949412,22.65555638,30
109.6951209,22.65555638,30
108.9973994,22.65501739,30
109.9564408,22.65465807,30
109.9565306,22.65465807,30
109.956351,22.65456823,30
109.7874677,22.65438857,30
108.4003791,22.65429874,30
109.6826343,22.65331059,30
108.1335794,22.65232245,30
108.39454,22.65214278,30
110.3012142,22.65214278,30
109.0482441,22.65169363,30
109.049861,22.65169363,30
109.0499509,22.65169363,30
108.1712188,22.65124447,30
108.4129555,22.65088514,30
108.4130453,22.65088514,30
108.1649306,22.65034615,30
109.0177013,22.64944784,30
109.020037,22.64944784,30
109.0199471,22.64935801,30
108.1755308,22.64908851,30
109.5607329,22.64908851,30
109.0192285,22.6481902,30
109.3862801,22.64801053,30
108.3813348,22.6479207,30
109.367146,22.64684272,30
109.3755901,22.64657323,30
108.1443592,22.64603424,30
108.1433711,22.64549525,30
108.1597204,22.64513592,30
109.0550713,22.64486643,30
109.0549814,22.64468677,30
109.1518198,22.64441727,30
109.7680641,22.64432744,30
108.1590916,22.64423761,30
108.1591814,22.64423761,30
109.1512808,22.64414778,30
109.7327603,22.64324946,30
108.1263929,22.64315963,30
108.9015492,22.64271047,30
108.9015492,22.64262064,30
108.1489406,22.64208165,30
108.148761,22.64199182,30
108.1488508,22.64199182,30
109.1977237,22.64199182,30
108.1484016,22.64190199,30
108.1484915,22.64190199,30
108.1485813,22.64190199,30
108.1486711,22.64190199,30
108.1123792,22.64172233,30
108.3515107,22.64172233,30
108.5920796,22.64163249,30
108.5921694,22.64163249,30
109.0448305,22.64163249,30
109.5565108,22.64163249,30
109.9545543,22.64154266,30
109.9546442,22.64154266,30
109.8918519,22.64127317,30
108.3286935,22.64109351,30
108.1104927,22.64091384,30
108.1491203,22.64064435,30
108.1490305,22.64055452,30
108.7705748,22.64037485,30
108.9141256,22.64019519,30
108.9142154,22.64019519,30
110.0031532,22.64010536,30
109.1221754,22.64001553,30
109.2193731,22.63938671,30
108.7791986,22.63902738,30
110.2615087,22.63884772,30
109.8887078,22.63875789,30
108.919246,22.63830873,30
108.919246,22.63812906,30
109.0415965,22.63812906,30
108.3931925,22.63767991,30
108.3932824,22.63767991,30
109.6021453,22.63750024,30
109.6021453,22.63741041,30
109.6019656,22.63732058,30
108.9130476,22.63714092,30
108.3942705,22.6362426,30
108.3942705,22.63615277,30
109.0491424,22.63570361,30
108.9538311,22.63471547,30
108.9537413,22.63462564,30
109.5868739,22.63408665,30
108.9615566,22.63381715,30
109.5336038,22.63336799,30
107.933345,22.63237985,30
107.9327161,22.63229002,30
107.932806,22.63229002,30
107.9896693,22.63148153,30
107.9897592,22.63148153,30
108.5696217,22.6313917,30
109.996865,22.63067305,30
109.3353456,22.63058322,30
109.996865,22.63058322,30
109.9969548,22.63058322,30
108.411608,22.62959507,30
109.1017836,22.62950524,30
109.9829411,22.62896625,30
109.0341405,22.62887642,30
109.0212946,22.62779844,30
109.9811445,22.62779844,30
107.9602046,22.62770861,30
109.0212946,22.62770861,30
109.0852546,22.62761878,30
108.57052,22.62725945,30
109.1977237,22.62698996,30
108.577437,22.62645097,30
108.2780285,22.62564248,30
108.2781184,22.62564248,30
109.1104973,22.62447467,30
109.0828292,22.62384585,30
109.0763613,22.62348653,30
110.7789383,22.62303737,30
108.3462107,22.62267804,30
109.0276726,22.62195939,30
109.0134793,22.62186956,30
108.1546898,22.62177973,30
109.3238472,22.62177973,30
108.2891676,22.62106107,30
109.0687256,22.62043225,30
109.10906,22.62043225,30
109.0910937,22.62007293,30
108.1490305,22.6199831,30
109.3253743,22.61953394,30
108.1429219,22.61845596,30
108.148222,22.6182763,30
108.3667821,22.6182763,30
109.0416864,22.6182763,30
108.1315133,22.6180068,30
108.1420236,22.61791697,30
109.6934141,22.61791697,30
108.1316031,22.61782714,30
108.1502881,22.61773731,30
108.1503779,22.61773731,30
110.3126228,22.61773731,30
110.3126228,22.61764748,30
109.6691596,22.61746781,30
109.6692494,22.61746781,30
109.0869614,22.61665933,30
109.6934141,22.61665933,30
109.3052521,22.61647967,30
108.1316031,22.61621017,30
108.131693,22.61621017,30
108.3715432,22.61540169,30
108.2810828,22.61477287,30
108.280993,22.61468304,30
109.6807478,22.61468304,30
109.0512085,22.6145932,30
108.9282291,22.61396438,30
109.6671833,22.61387455,30
109.0646832,22.61378472,30
109.0887581,22.61378472,30
109.6672731,22.61378472,30
109.0646832,22.61369489,30
109.0646832,22.61360506,30
109.3424423,22.61351523,30
108.3809755,22.61261691,30
109.0907344,22.61261691,30
108.3808856,22.61252708,30
108.1161521,22.61216775,30
109.2244935,22.61180843,30
109.2504548,22.61153893,30
107.9001971,22.61135927,30
108.4273285,22.61108977,30
108.4858089,22.61108977,30
108.1118402,22.61099994,30
108.4858089,22.61099994,30
108.4858987,22.61099994,30
108.9833857,22.61073045,30
108.3418089,22.60983213,30
109.3009401,22.60839483,30
109.0980107,22.60776601,30
109.0622578,22.60731685,30
109.0623476,22.60731685,30
109.0622578,22.60722702,30
109.0623476,22.60722702,30
109.0624374,22.60713719,30
110.3302298,22.60704736,30
109.091453,22.60686769,30
109.0916327,22.60686769,30
109.0623476,22.60677786,30
109.0575865,22.60641854,30
109.0139284,22.60552022,30
108.8953508,22.60480157,30
109.1246009,22.60435241,30
107.8972327,22.60426258,30
107.9461909,22.60390325,30
109.0110538,22.60381342,30
109.0111436,22.60372359,30
109.0151861,22.60363376,30
109.0151861,22.60354393,30
109.0151861,22.60345409,30
108.3143205,22.60291511,30
109.3454966,22.60282527,30
109.3455864,22.60282527,30
108.1082469,22.60093881,30
108.1083368,22.60093881,30
109.633766,22.60084898,30
107.941879,22.60057949,30
109.0944175,22.60057949,30
109.0944175,22.60048965,30
107.9438552,22.59986083,30
107.9456519,22.59986083,30
107.9457417,22.59986083,30
107.9458315,22.59986083,30
107.9459214,22.59986083,30
108.0227273,22.59941168,30
108.102857,22.59905235,30
108.3178239,22.59869302,30
108.3179137,22.59869302,30
109.2943824,22.59860319,30
109.2944723,22.59851336,30
109.1947593,22.59788454,30
109.6930548,22.59743538,30
109.0920818,22.59689639,30
109.1105871,22.5966269,30
109.0812122,22.59626757,30
108.0424004,22.59590825,30
108.0424903,22.59590825,30
109.0921717,22.59545909,30
109.1263975,22.59527943,30
108.0992638,22.59500993,30
110.2187489,22.59474044,30
109.1208279,22.59456077,30
108.4854495,22.59429128,30
108.0977367,22.59402178,30
108.0978265,22.59393195,30
109.184249,22.59393195,30
108.1152538,22.5932133,30
108.1152538,22.59312347,30
110.2082386,22.59312347,30
107.9362196,22.59285397,30
108.771024,22.59276414,30
108.1165114,22.59240482,30
108.5455468,22.59240482,30
108.5456367,22.59240482,30
108.1162419,22.59231499,30
108.1163318,22.59231499,30
108.1165114,22.59231499,30
108.0909095,22.59159633,30
108.0909095,22.5915065,30
108.0907298,22.59141667,30
109.1694268,22.59141667,30
108.0905501,22.59105734,30
109.0391711,22.59069802,30
108.0870467,22.59060819,30
108.4248132,22.59042852,30
108.4247234,22.59033869,30
108.8512435,22.59015903,30
109.1359196,22.58988953,30
108.0921671,22.58944038,30
108.0921671,22.58935054,30
108.0921671,22.58926071,30
108.8639098,22.58863189,30
109.964885,22.58863189,30
109.9649748,22.58863189,30
108.9548193,22.58854206,30
109.964885,22.58854206,30
109.9647053,22.58845223,30
109.9647951,22.58845223,30
108.0905501,22.58827257,30
109.1599945,22.58746408,30
109.1600843,22.58746408,30
109.1565809,22.58710476,30
109.1566707,22.58710476,30
108.0750991,22.58701493,30
108.2640148,22.58701493,30
108.2641046,22.58701493,30
109.1193906,22.5866556,30
108.9514057,22.58656577,30
108.0770754,22.58647594,30
109.1193008,22.58629627,30
109.7156923,22.58629627,30
108.4049605,22.58611661,30
107.9617317,22.58503863,30
108.2520672,22.5849488,30
109.1129228,22.58458947,30
109.1100481,22.583242,30
109.1146296,22.58261318,30
109.1147194,22.58261318,30
109.708416,22.58234369,30
109.1834405,22.58225385,30
109.7270111,22.58162503,30
109.7271009,22.58144537,30
109.7272806,22.58117588,30
108.0509344,22.58045722,30
109.947817,22.58027756,30
108.0206612,22.58018773,30
109.1359196,22.57794194,30
109.1360095,22.57794194,30
108.3631888,22.57704363,30
109.1438248,22.57569615,30
108.3074034,22.57398935,30
108.3156679,22.57309104,30
109.4644335,22.57282154,30
108.9504175,22.57237239,30
108.9504175,22.57228255,30
109.0950463,22.57228255,30
109.0950463,22.57219272,30
108.2638351,22.57201306,30
108.2634758,22.5718334,30
108.2636555,22.5718334,30
108.2636555,22.57174357,30
108.0123967,22.57075542,30
108.012217,22.57057576,30
108.3141408,22.56994693,30
108.0130255,22.56958761,30
109.266894,22.56788081,30
109.9636273,22.56743165,30
108.7305099,22.56554519,30
108.9691025,22.56455704,30
109.110677,22.56374856,30
107.9793387,22.5635689,30
109.0684561,22.5635689,30
108.2555706,22.56231125,30
108.9993757,22.56231125,30
108.553991,22.5615926,30
108.918707,22.5615926,30
108.9185273,22.56150277,30
108.5538113,22.56141294,30
110.2776784,22.56078412,30
109.1451723,22.55997564,30
109.1452621,22.55997564,30
109.770759,22.55997564,30
109.7708489,22.55997564,30
109.17302,22.5598858,30
109.1793981,22.55871799,30
109.1794879,22.55871799,30
108.2899761,22.55781968,30
109.1453519,22.55728069,30
109.7740828,22.55692136,30
109.4539232,22.55377726,30
109.4539232,22.55368743,30
108.219099,22.55305861,30
109.1737387,22.55305861,30
108.2191889,22.55296878,30
108.2190092,22.55287894,30
108.9692821,22.55278911,30
108.219099,22.55269928,30
108.9690126,22.55260945,30
109.7843236,22.5518908,30
108.3921146,22.55117215,30
109.9617409,22.55099248,30
109.961651,22.55090265,30
109.9617409,22.55090265,30
109.9619205,22.55081282,30
108.2366162,22.55036366,30
108.2125413,22.55027383,30
108.2122719,22.55009417,30
108.2123617,22.55009417,30
109.6100504,22.54973484,30
109.6099606,22.54955518,30
108.7005062,22.54937551,30
108.684067,22.54910602,30
108.6820907,22.54874669,30
108.6817314,22.54856703,30
108.6818212,22.54856703,30
109.6089725,22.5484772,30
108.6815518,22.54838737,30
110.2358169,22.54748905,30
108.3912163,22.54739922,30
110.2353677,22.54730939,30
110.0895711,22.54659074,30
108.8730726,22.54596192,30
109.1344823,22.54551276,30
109.1345722,22.54551276,30
108.2273635,22.54542293,30
109.1344823,22.54542293,30
109.1345722,22.54542293,30
109.057317,22.54389579,30
108.3045288,22.54290764,30
108.3043492,22.54281781,30
108.304439,22.54281781,30
108.304439,22.54272798,30
108.3045288,22.54272798,30
108.8601368,22.54227882,30
109.1078922,22.54209916,30
109.0950463,22.54165,30
109.2942926,22.54138051,30
110.2512679,22.54057202,30
108.7062554,22.54030253,30
108.7063453,22.54030253,30
109.21039,22.53976354,30
110.1909011,22.53967371,30
109.2101205,22.53958388,30
108.7054469,22.53949405,30
109.2689601,22.53940422,30
109.1644861,22.53922455,30
109.7829761,22.53886523,30
109.783066,22.53877539,30
109.7831558,22.53877539,30
108.8524113,22.53868556,30
109.1930525,22.5385059,30
108.8522317,22.53814657,30
108.925624,22.53742792,30
109.1769726,22.53733809,30
108.257008,22.53697876,30
109.2010475,22.53661944,30
109.2010475,22.53652961,30
109.2010475,22.53643977,30
108.3018339,22.53527196,30
109.1951186,22.53527196,30
108.3017441,22.5350923,30
108.2508096,22.53491264,30
108.2506299,22.53482281,30
108.2505401,22.53473298,30
108.3020135,22.53464314,30
108.6965536,22.53455331,30
108.312973,22.53428382,30
108.4179861,22.53419399,30
108.4180759,22.53419399,30
108.8639098,22.53383466,30
108.5181482,22.53329567,30
110.0612742,22.53284651,30
109.9468288,22.53230752,30
108.9196951,22.5319482,30
110.2862123,22.53176854,30
110.2863022,22.53176854,30
109.4996475,23.83378671,40
109.4997373,23.83378671,40
109.3686731,23.74871625,40
109.3687629,23.74871625,40
109.3712782,23.74197889,40
109.3746918,23.7414399,40
109.3734342,23.73928394,40
109.373524,23.73919411,40
109.662512,23.63436071,40
109.6626019,23.63436071,40
109.6626019,23.63427088,40
109.6581103,23.63094712,40
109.6582001,23.63094712,40
108.7199996,23.43646186,40
108.2714708,23.39172576,40
108.2715607,23.39172576,40
108.2716505,23.39172576,40
108.2714708,23.39163593,40
108.2715607,23.39163593,40
108.2716505,23.39154609,40
108.2715607,23.39082744,40
108.27192,23.39082744,40
108.2731776,23.39073761,40
108.2733573,23.39073761,40
108.2726386,23.39064778,40
108.2729081,23.39064778,40
108.2734471,23.39064778,40
108.273537,23.39064778,40
108.273537,23.39055795,40
108.2737166,23.39055795,40
108.2728183,23.39046812,40
108.2731776,23.39046812,40
108.2741658,23.39028845,40
108.2727285,23.39019862,40
108.2742556,23.39001896,40
108.2743454,23.39001896,40
108.2742556,23.38992913,40
108.1765189,23.37268147,40
108.1765189,23.37250181,40
108.3271664,23.37214248,40
108.3274359,23.37160349,40
108.121003,23.36899838,40
108.1190267,23.36881872,40
108.1191166,23.36881872,40
108.1192064,23.36872889,40
108.1189369,23.36863905,40
108.1223505,23.36863905,40
108.1176793,23.36845939,40
108.1228895,23.36845939,40
108.1229793,23.36845939,40
108.1176793,23.36827973,40
108.1241471,23.36801023,40
108.119925,23.36774074,40
108.1243268,23.36756108,40
108.124237,23.36738141,40
108.1208234,23.36702209,40
108.1210928,23.36693225,40
108.3142306,23.36513562,40
108.3138713,23.36288984,40
108.3141408,23.36288984,40
108.1264827,23.36235085,40
108.1264827,23.36217118,40
108.3250104,23.35866775,40
108.3233935,23.35839826,40
108.3232138,23.35767961,40
108.3239324,23.35507449,40
108.3240223,23.35498466,40
108.3241121,23.35498466,40
108.3239324,23.35489483,40
108.3240223,23.35471517,40
108.3240223,23.35462534,40
108.8505249,23.33665903,40
108.8505249,23.3365692,40
108.8503452,23.33594038,40
108.8508842,23.33414375,40
108.2527859,23.3300115,40
108.8354332,23.3300115,40
108.835523,23.3300115,40
108.8357027,23.3300115,40
108.2528757,23.32992167,40
108.2529655,23.32992167,40
108.2530554,23.32983183,40
108.2530554,23.329742,40
108.2546723,23.32902335,40
108.2545825,23.32893352,40
108.2546723,23.32893352,40
108.2492824,23.32875386,40
108.2493723,23.32875386,40
108.2494621,23.32875386,40
108.2492824,23.32866402,40
108.2491926,23.32857419,40
108.2492824,23.32857419,40
108.2493723,23.32857419,40
108.2492824,23.32848436,40
108.2495519,23.32848436,40
108.2494621,23.32839453,40
108.2494621,23.3283047,40
108.2533249,23.3283047,40
108.4119673,23.31653677,40
108.2301483,23.31617744,40
108.2305975,23.31536896,40
108.4177166,23.31312317,40
108.3504327,23.30342136,40
108.3500734,23.30297221,40
108.4071164,23.30036709,40
108.3484564,23.29866029,40
108.3485463,23.29866029,40
108.3467496,23.29542636,40
108.1234285,23.29120428,40
108.9314631,23.27656174,40
108.3029119,23.27584308,40
108.6806534,23.2733278,40
108.6804738,23.27323797,40
108.6820907,23.27207016,40
108.6821806,23.27207016,40
108.6822704,23.27207016,40
108.6818212,23.27090235,40
108.6817314,23.27072269,40
108.6818212,23.27072269,40
108.6820907,23.27072269,40
108.6825399,23.27072269,40
108.6826297,23.27072269,40
108.6817314,23.27063286,40
108.6825399,23.27063286,40
108.0877654,23.2701837,40
108.0874959,23.27009387,40
108.0880348,23.26865656,40
109.036027,23.26865656,40
108.0878552,23.26856673,40
108.0881247,23.26856673,40
109.0359371,23.26856673,40
109.0455491,23.2633565,40
109.0455491,23.26326667,40
109.0455491,23.26317684,40
108.404691,23.26227852,40
109.174637,23.2616497,40
109.1750862,23.26147004,40
109.175176,23.26147004,40
108.4043317,23.25868526,40
108.4170877,23.25473268,40
108.4176267,23.25473268,40
108.4170877,23.25464284,40
108.4171776,23.25464284,40
108.4195132,23.25410386,40
109.0807631,23.25356487,40
109.0811224,23.25302588,40
109.1077125,23.25293605,40
109.0809427,23.25266655,40
109.1076227,23.25221739,40
109.0817512,23.25176824,40
109.0822004,23.25176824,40
109.0809427,23.25158857,40
109.0810326,23.25149874,40
109.0804936,23.25140891,40
109.0795953,23.25131908,40
109.0814817,23.25086992,40
109.0813919,23.25078009,40
109.0839072,23.25033093,40
109.0840868,23.25015127,40
109.0841767,23.25006144,40
109.0831885,23.24970211,40
109.0832784,23.24970211,40
108.2959948,23.24961228,40
109.083458,23.24943262,40
109.0812122,23.24898346,40
109.081841,23.24889363,40
109.0825597,23.24880379,40
109.0827394,23.24880379,40
109.0899259,23.23820367,40
109.0900157,23.23820367,40
108.0802195,23.23667654,40
108.119925,23.23317311,40
108.122081,23.22158484,40
108.3007559,23.22014754,40
108.3008457,23.22014754,40
108.2878202,23.21673394,40
108.2902456,23.21080506,40
108.2903354,23.21080506,40
108.2906948,23.21026607,40
109.0843563,23.20981691,40
109.0836377,23.20918809,40
109.0842665,23.2089186,40
109.0840868,23.20882876,40
109.0841767,23.20873893,40
109.0844462,23.20873893,40
108.8701081,23.20298972,40
108.8742404,23.20289988,40
109.058395,23.17478262,40
109.0581255,23.17415379,40
109.06109,23.17415379,40
109.0611798,23.17415379,40
109.0610001,23.17406396,40
109.0611798,23.17406396,40
109.049861,23.17361481,40
109.0560594,23.17361481,40
109.0564187,23.17343514,40
109.0565086,23.17343514,40
109.0565984,23.17343514,40
109.0560594,23.17334531,40
109.0564187,23.17334531,40
109.0565086,23.17334531,40
109.0540831,23.17316565,40
109.0535441,23.17298598,40
109.0535441,23.17280632,40
109.0536339,23.17280632,40
109.0535441,23.17271649,40
109.0536339,23.17271649,40
109.0577662,23.17199784,40
109.0177912,23.17190801,40
109.017881,23.17190801,40
109.0535441,23.17136902,40
109.0535441,23.17127919,40
109.0538136,23.17118935,40
109.0607306,23.17109952,40
109.0607306,23.17100969,40
109.0538136,23.17091986,40
109.052017,23.17083003,40
109.0521068,23.17083003,40
109.052017,23.1707402,40
109.0527356,23.17065037,40
109.0526458,23.17056053,40
109.0554306,23.16975205,40
109.0562391,23.16975205,40
109.0549814,23.16777576,40
109.0548916,23.16768592,40
108.1668171,23.16436216,40
108.1656493,23.16427233,40
108.1646611,23.1641825,40
108.164751,23.1641825,40
108.16529,23.1641825,40
108.1653798,23.1641825,40
108.1655595,23.1641825,40
108.1654696,23.16409266,40
108.1655595,23.16409266,40
108.1596306,23.16373334,40
108.1596306,23.16355367,40
108.163134,23.16355367,40
108.1641222,23.16346384,40
108.1640323,23.16337401,40
108.1641222,23.16337401,40
108.1604391,23.16328418,40
108.1606187,23.16328418,40
108.1627747,23.16310452,40
108.161517,23.16274519,40
108.164212,23.1622062,40
108.1643018,23.1622062,40
108.1645713,23.1622062,40
108.179124,23.1573553,40
108.1648408,23.15681631,40
108.1708595,23.15654682,40
108.1708595,23.15645698,40
108.1839749,23.15591799,40
108.1838851,23.15582816,40
108.1839749,23.15582816,40
108.1839749,23.15573833,40
108.1839749,23.1556485,40
108.1840648,23.1556485,40
108.1840648,23.15501968,40
108.1799325,23.15475018,40
108.1799325,23.15466035,40
108.1793935,23.15457052,40
108.1794833,23.15457052,40
108.1795732,23.15457052,40
108.1798427,23.15457052,40
108.1793935,23.15448069,40
108.1794833,23.15448069,40
108.1797528,23.15448069,40
108.1795732,23.15439086,40
108.1799325,23.15439086,40
108.1792138,23.15367221,40
108.1459762,23.15313322,40
108.154061,23.15295355,40
108.1541509,23.15295355,40
108.1702307,23.1507976,40
108.1480423,23.13849068,40
108.1241471,23.13435843,40
108.1853224,23.12807022,40
108.1468745,23.12564477,40
108.1469643,23.12564477,40
108.2526062,23.12501595,40
108.2525164,23.12492612,40
108.2021209,23.12330915,40
108.2018514,23.12294982,40
108.3805263,23.1208837,40
108.3804365,23.12079387,40
108.3804365,23.12070404,40
108.3804365,23.1206142,40
108.3804365,23.12052437,40
108.1991564,23.11989555,40
108.1992463,23.11989555,40
108.1992463,23.11971589,40
108.1992463,23.11962606,40
108.1995158,23.11962606,40
108.1984378,23.11872774,40
108.2539537,23.11001408,40
108.2540435,23.11001408,40
109.0290201,23.1043547,40
108.1676256,23.10201908,40
108.1677154,23.10201908,40
108.1676256,23.10192925,40
108.1677154,23.10192925,40
108.2750641,23.10183941,40
108.2773997,23.10121059,40
108.2774895,23.10112076,40
108.2756031,23.10103093,40
108.2756929,23.10103093,40
108.2754234,23.10085127,40
108.2756031,23.10085127,40
108.2756929,23.10085127,40
108.2758726,23.10085127,40
108.2759624,23.10085127,40
108.2779387,23.10085127,40
108.2755132,23.10076144,40
108.2756031,23.10076144,40
108.2756929,23.10076144,40
108.2758726,23.10076144,40
108.2759624,23.10076144,40
108.2991389,23.09635969,40
109.0047656,23.08674772,40
107.8491728,23.08288496,40
108.2349094,23.06671529,40
108.2350891,23.06653562,40
108.2351789,23.06653562,40
108.2352687,23.06653562,40
108.2354484,23.0613254,40
108.2130803,23.06069657,40
108.2358077,23.06033725,40
108.2358975,23.06033725,40
108.2358077,23.06024742,40
108.2358975,23.06024742,40
108.2360772,23.0593491,40
108.2358975,23.05925927,40
108.1820885,23.05916944,40
108.2354484,23.05916944,40
108.2355382,23.05916944,40
108.2355382,23.05907961,40
108.2357179,23.05907961,40
108.2358077,23.05907961,40
108.2354484,23.05898978,40
108.2355382,23.05898978,40
108.2354484,23.05889994,40
108.2355382,23.05889994,40
108.2354484,23.05881011,40
108.2355382,23.05881011,40
107.8555509,23.05512702,40
108.2206262,23.05072527,40
107.8334523,23.0413828,40
108.2351789,23.04120313,40
108.0847111,23.02449447,40
108.0848009,23.02449447,40
108.0847111,23.02440464,40
108.0848009,23.02440464,40
109.5174341,23.02341649,40
109.517524,23.02341649,40
108.2417366,23.01622997,40
108.2433536,23.01596047,40
107.7433513,23.01488249,40
107.7437106,23.01416384,40
107.8691154,23.01128923,40
107.8691154,23.0111994,40
107.8674984,23.0097621,40
107.8675883,23.0097621,40
107.8676781,23.0097621,40
107.8674984,23.00967227,40
107.8675883,23.00967227,40
107.8676781,23.00967227,40
108.0824653,23.00967227,40
107.8677679,23.0094926,40
107.8678578,23.0094926,40
107.8675883,23.00940277,40
107.8676781,23.00940277,40
107.8677679,23.00940277,40
107.8679476,23.00940277,40
107.8677679,23.00931294,40
107.8678578,23.00931294,40
107.8679476,23.00931294,40
107.8680374,23.00931294,40
107.8677679,23.00922311,40
107.8678578,23.00922311,40
107.8680374,23.00922311,40
107.8679476,23.00913328,40
107.8680374,23.00913328,40
107.8683069,23.00913328,40
107.8683968,23.00913328,40
108.0859687,23.00913328,40
108.0860586,23.00913328,40
108.0865975,23.00913328,40
108.0866874,23.00913328,40
107.8676781,23.00904345,40
107.8678578,23.00904345,40
107.8679476,23.00904345,40
108.0860586,23.00904345,40
107.8679476,23.00895361,40
107.8680374,23.00895361,40
108.086328,23.00895361,40
107.7629345,23.00518069,40
107.7625752,23.00446204,40
107.7626651,23.00446204,40
107.7631142,23.00428237,40
107.763204,23.00428237,40
107.7633837,23.00257558,40
108.1518152,22.99098731,40
108.1680747,22.97751258,40
108.1662781,22.97454814,40
108.1661883,22.97445831,40
108.1661883,22.97436848,40
108.1661883,22.97427864,40
108.1714883,22.97427864,40
108.1715782,22.97418881,40
108.1715782,22.97400915,40
108.1713087,22.97364982,40
109.3982277,22.96843959,40
109.399126,22.96745145,40
109.3972395,22.96682263,40
108.1091453,22.96592431,40
109.1209178,22.96143274,40
109.1209178,22.9613429,40
108.1139962,22.96098358,40
109.1129228,22.96053442,40
109.1125634,22.96044459,40
108.0186849,22.9550547,40
108.0187747,22.9550547,40
108.0186849,22.95496487,40
109.1557724,22.95496487,40
107.8984005,22.94193929,40
109.0794156,22.9331358,40
109.0795054,22.9331358,40
107.854383,22.93259681,40
109.2960892,22.92603911,40
108.0194934,22.92469164,40
108.0194934,22.92460181,40
108.0222782,22.92460181,40
108.0196731,22.92451198,40
109.2677025,22.92433231,40
109.3233082,22.92433231,40
109.2677025,22.92424248,40
108.0185052,22.92145771,40
109.3363338,22.92100855,40
109.3363338,22.92091872,40
109.3455864,22.92046956,40
109.3455864,22.92037973,40
109.3454966,22.9202899,40
109.3442389,22.91939158,40
109.2597075,22.91921192,40
109.2597075,22.91912209,40
109.3874479,22.91849326,40
109.2620431,22.91804411,40
109.2622228,22.91804411,40
109.2622228,22.91795428,40
109.2612346,22.91768478,40
109.2682415,22.91768478,40
109.2683313,22.91768478,40
109.2684211,22.91768478,40
109.2622228,22.91759495,40
109.3890649,22.91750512,40
109.2637499,22.91651697,40
109.2662652,22.91651697,40
109.2664448,22.91651697,40
109.2667143,22.91651697,40
109.2664448,22.91642714,40
109.2665347,22.91642714,40
109.2666245,22.91642714,40
109.2667143,22.91642714,40
109.2662652,22.91624748,40
109.266355,22.91624748,40
109.2569227,22.91606781,40
109.2570125,22.91606781,40
109.2626719,22.91606781,40
109.2660855,22.91606781,40
109.266355,22.91606781,40
109.2624922,22.91597798,40
109.2625821,22.91597798,40
109.2626719,22.91588815,40
109.2571922,22.91570849,40
109.2569227,22.91561866,40
109.2570125,22.91561866,40
109.2571024,22.91561866,40
109.2571922,22.91561866,40
109.3181878,22.91543899,40
109.2521616,22.91507967,40
109.2539583,22.9149,40
109.2540481,22.9149,40
109.266355,22.9149,40
109.2540481,22.91481017,40
109.2525209,22.91472034,40
109.2526108,22.91472034,40
109.2447954,22.91436101,40
109.2522515,22.91436101,40
109.2523413,22.91436101,40
109.2603363,22.91427118,40
109.2600668,22.91418135,40
109.2602465,22.91418135,40
109.260516,22.91418135,40
109.259977,22.91409152,40
109.2600668,22.91409152,40
109.1771523,22.91400169,40
109.3081267,22.91400169,40
109.2541379,22.91364236,40
109.2618634,22.91328304,40
109.2619533,22.91328304,40
109.2619533,22.91301354,40
109.2689601,22.91247455,40
109.2692296,22.91238472,40
109.2868366,22.91220506,40
109.2868366,22.91211523,40
109.2869264,22.91211523,40
109.2867468,22.91202539,40
109.315403,22.91202539,40
107.8438728,22.9117559,40
109.29034,22.91058809,40
109.2899807,22.91022876,40
109.2900705,22.91022876,40
109.2633007,22.90977961,40
109.2633906,22.90977961,40
109.2635702,22.90977961,40
109.2462327,22.90968978,40
109.2628516,22.90959994,40
109.2626719,22.90942028,40
109.2626719,22.90933045,40
109.2898909,22.90924062,40
109.2899807,22.90924062,40
109.2629414,22.90915079,40
109.2884536,22.90915079,40
109.3529526,22.90915079,40
109.3533119,22.90915079,40
109.3534018,22.90915079,40
109.3529526,22.90897112,40
109.3530424,22.90897112,40
109.2437175,22.90888129,40
109.2625821,22.90888129,40
109.2437175,22.90879146,40
109.2624922,22.90879146,40
109.2626719,22.90879146,40
109.2437175,22.90870163,40
109.2627617,22.90870163,40
109.2628516,22.90870163,40
109.2629414,22.90870163,40
109.2897112,22.90870163,40
109.2437175,22.9086118,40
109.2438073,22.9086118,40
109.2615939,22.9086118,40
109.3540306,22.9086118,40
109.2626719,22.90852197,40
109.2627617,22.90852197,40
109.2628516,22.90852197,40
109.3540306,22.90852197,40
109.3542102,22.90852197,40
109.2625821,22.90843213,40
109.2620431,22.9083423,40
109.2623126,22.9083423,40
109.2630312,22.9083423,40
109.2631211,22.9083423,40
109.2631211,22.90825247,40
109.3094741,22.90807281,40
109.2628516,22.90798298,40
109.2929451,22.90789314,40
109.2650075,22.90762365,40
109.264199,22.90753382,40
109.265277,22.90753382,40
109.2849501,22.90735416,40
109.2646482,22.90717449,40
109.2650974,22.90717449,40
109.2648279,22.90708466,40
109.2649177,22.90708466,40
109.2651872,22.90708466,40
109.2648279,22.90699483,40
109.2650974,22.90699483,40
109.2651872,22.90699483,40
109.3548391,22.9066355,40
109.3153132,22.90636601,40
109.315403,22.90636601,40
107.8555509,22.90591685,40
109.2668042,22.90546769,40
109.3702003,22.90456938,40
109.3702901,22.90456938,40
109.3703799,22.90456938,40
109.3702901,22.90447955,40
109.3703799,22.90447955,40
109.266355,22.90412022,40
109.3656188,22.90403039,40
109.3657087,22.90403039,40
109.3656188,22.90394056,40
109.3710087,22.90394056,40
109.3714579,22.90394056,40
109.2636601,22.90385073,40
109.3715477,22.90385073,40
109.3716376,22.90385073,40
109.2635702,22.90376089,40
109.2636601,22.90376089,40
109.2637499,22.90376089,40
109.2636601,22.90367106,40
109.2637499,22.90367106,40
109.2638397,22.90367106,40
109.2639296,22.90367106,40
109.2640194,22.90367106,40
109.2643787,22.90358123,40
109.3904123,22.90286258,40
109.3905022,22.90286258,40
108.0197629,22.90277275,40
109.160803,22.90268292,40
108.4021757,22.90241342,40
109.307947,22.90232359,40
109.3080368,22.90232359,40
109.3092945,22.90196426,40
109.3917598,22.90196426,40
109.3920293,22.90196426,40
109.2691398,22.90187443,40
109.3918497,22.90187443,40
109.3919395,22.90187443,40
109.3920293,22.90187443,40
109.3921191,22.90187443,40
109.256204,22.90169477,40
109.3066894,22.90160494,40
109.2640194,22.90151511,40
108.4091826,22.90124561,40
108.4092724,22.90124561,40
109.2581803,22.90106595,40
109.2660855,22.90079645,40
109.2627617,22.90070662,40
109.2479395,22.90061679,40
109.2480294,22.90061679,40
109.2642889,22.90061679,40
109.2642889,22.90052696,40
109.3726257,22.90052696,40
109.3861903,22.90052696,40
109.2688703,22.90043713,40
109.2475802,22.9003473,40
109.2688703,22.9003473,40
109.3862801,22.9003473,40
109.3204336,22.90025746,40
109.3205234,22.90025746,40
109.2686906,22.89998797,40
109.2643787,22.89953881,40
109.3738833,22.89953881,40
109.3977785,22.89953881,40
109.2435378,22.89944898,40
109.3839445,22.89899982,40
109.3841241,22.89899982,40
109.384214,22.89899982,40
109.3843038,22.89899982,40
109.3843936,22.89899982,40
109.3832258,22.89890999,40
109.3834953,22.89890999,40
109.3843038,22.89890999,40
107.9536469,22.89882016,40
109.2430886,22.89882016,40
109.3832258,22.89882016,40
109.3834055,22.89882016,40
109.3834953,22.89882016,40
109.242909,22.89873033,40
109.2429988,22.89873033,40
109.3843936,22.89873033,40
109.3848428,22.89846083,40
109.3852021,22.89846083,40
109.3846631,22.898371,40
109.384753,22.898371,40
109.3852021,22.898371,40
109.3852919,22.898371,40
109.391131,22.89819134,40
109.3997548,22.89792184,40
109.3940954,22.89783201,40
109.2634804,22.89774218,40
109.3945446,22.89774218,40
109.2606956,22.89765235,40
109.2626719,22.89765235,40
109.3955327,22.89765235,40
109.2607855,22.89756252,40
109.2625821,22.89756252,40
109.2626719,22.89756252,40
109.2608753,22.89747269,40
109.2620431,22.89747269,40
109.2621329,22.89747269,40
109.2622228,22.89747269,40
109.3951734,22.89747269,40
109.3953531,22.89747269,40
109.2604261,22.89738286,40
109.2606058,22.89738286,40
109.2620431,22.89738286,40
109.2635702,22.89738286,40
109.3951734,22.89738286,40
109.3953531,22.89738286,40
109.2620431,22.89729302,40
109.2621329,22.89729302,40
109.2632109,22.89729302,40
109.2621329,22.89720319,40
109.2634804,22.89720319,40
109.2621329,22.89702353,40
109.3867293,22.89702353,40
109.3827767,22.89684387,40
109.2633906,22.89639471,40
109.2683313,22.89630488,40
109.2683313,22.89621505,40
109.3833157,22.89612521,40
109.3921191,22.89612521,40
109.3919395,22.89603538,40
109.3921191,22.89603538,40
109.3917598,22.89594555,40
109.3918497,22.89594555,40
109.2342851,22.89585572,40
109.3917598,22.89585572,40
109.2341953,22.89549639,40
109.2342851,22.89549639,40
109.2670737,22.89540656,40
109.2671635,22.89531673,40
109.2672533,22.89531673,40
109.2673432,22.89531673,40
109.2675228,22.89531673,40
109.2671635,22.8952269,40
109.2671635,22.89513707,40
109.2672533,22.89513707,40
109.2676126,22.89513707,40
109.2015865,22.89486757,40
109.2576413,22.89477774,40
109.2573719,22.89468791,40
109.2574617,22.89468791,40
109.2575515,22.89468791,40
109.2574617,22.89459808,40
109.2560244,22.89432858,40
109.3913107,22.89432858,40
109.3914005,22.89423875,40
109.2497362,22.89414892,40
109.249826,22.89414892,40
109.2499158,22.89414892,40
109.2500057,22.89414892,40
109.2500955,22.89414892,40
109.2562939,22.89414892,40
109.3463949,22.89414892,40
109.2500057,22.89405909,40
109.2500955,22.89405909,40
109.2502752,22.89405909,40
109.2010475,22.89396926,40
109.2499158,22.89396926,40
109.2502752,22.89396926,40
109.250365,22.89396926,40
107.9374772,22.89387943,40
109.2500955,22.89387943,40
109.2502752,22.89387943,40
109.2011373,22.89378959,40
109.2010475,22.89369976,40
109.257282,22.89369976,40
109.3866394,22.89369976,40
109.3867293,22.89369976,40
109.3865496,22.8935201,40
109.2559345,22.89325061,40
109.3753206,22.89325061,40
109.3754105,22.89325061,40
109.3755003,22.89325061,40
109.3755901,22.89325061,40
109.3755003,22.89316077,40
109.3755901,22.89316077,40
109.2558447,22.89307094,40
109.2559345,22.89307094,40
109.3752308,22.89307094,40
109.3753206,22.89307094,40
109.3755003,22.89307094,40
109.3755901,22.89307094,40
109.2558447,22.89298111,40
109.2559345,22.89298111,40
109.375141,22.89298111,40
109.3752308,22.89298111,40
109.3755003,22.89298111,40
109.3755901,22.89298111,40
109.2558447,22.89289128,40
109.3755901,22.89289128,40
109.2558447,22.89280145,40
109.3755003,22.89280145,40
109.2552159,22.89271162,40
109.2553057,22.89271162,40
109.2558447,22.89271162,40
109.2559345,22.89271162,40
109.2552159,22.89262178,40
109.2553057,22.89262178,40
109.2558447,22.89262178,40
109.2559345,22.89262178,40
109.2552159,22.89253195,40
109.2559345,22.89253195,40
109.2649177,22.89253195,40
109.3230387,22.89253195,40
109.2558447,22.89244212,40
109.2308716,22.89235229,40
109.2548566,22.89235229,40
109.2549464,22.89235229,40
109.2551261,22.89235229,40
109.2558447,22.89235229,40
109.2559345,22.89235229,40
109.3948141,22.89217263,40
109.3949039,22.89217263,40
109.3865496,22.89190313,40
109.3864598,22.8918133,40
109.3865496,22.8918133,40
109.3361541,22.89172347,40
109.2489277,22.89154381,40
109.2628516,22.89154381,40
109.2629414,22.89145397,40
109.2489277,22.89136414,40
109.3829563,22.89127431,40
109.3827767,22.89118448,40
109.3828665,22.89118448,40
109.2630312,22.89100482,40
109.3826868,22.89100482,40
109.3826868,22.89091499,40
109.3826868,22.89082515,40
109.382597,22.89073532,40
109.3826868,22.89073532,40
109.3899632,22.890376,40
109.390053,22.890376,40
109.3901429,22.890376,40
109.3898734,22.8901065,40
109.3898734,22.89001667,40
109.3868191,22.88947768,40
109.3866394,22.88938785,40
109.2457836,22.88920819,40
109.2458734,22.88920819,40
109.3868191,22.88920819,40
109.2457836,22.88911836,40
109.2457836,22.88902852,40
109.2458734,22.88902852,40
109.2459632,22.88902852,40
109.2460531,22.88902852,40
109.2457836,22.88893869,40
109.2458734,22.88893869,40
109.2460531,22.88893869,40
109.2461429,22.88893869,40
109.2460531,22.88884886,40
109.3861004,22.88875903,40
107.847466,22.88848953,40
109.2455141,22.88848953,40
109.2456039,22.88848953,40
109.3859208,22.88848953,40
107.8477355,22.8883997,40
109.2456039,22.8883997,40
109.3993057,22.88768105,40
109.2463226,22.88750139,40
109.2463226,22.88741156,40
109.2436276,22.88687257,40
109.2437175,22.88687257,40
109.3874479,22.88687257,40
109.3875377,22.88687257,40
109.3874479,22.88678274,40
109.3875377,22.88678274,40
109.3876276,22.88678274,40
109.3870886,22.88624375,40
109.3873581,22.88615391,40
109.3939158,22.88606408,40
109.3878072,22.88597425,40
109.3877174,22.88588442,40
109.3940056,22.88588442,40
109.2500057,22.88579459,40
109.2497362,22.88570476,40
109.249826,22.88570476,40
109.3878971,22.88570476,40
109.3940056,22.88534543,40
109.3877174,22.88471661,40
109.3946344,22.88462678,40
109.3879869,22.88444712,40
109.3943649,22.88426745,40
109.3944548,22.88417762,40
109.1776913,22.88390813,40
109.393287,22.88390813,40
109.3908615,22.88381829,40
109.3909513,22.88381829,40
109.391131,22.88381829,40
109.393287,22.88381829,40
109.3948141,22.88381829,40
109.3909513,22.88372846,40
109.3936463,22.88363863,40
109.4253568,22.88229116,40
109.285579,22.88175217,40
109.3848428,22.88175217,40
109.2857586,22.88157251,40
109.2858484,22.88157251,40
107.948796,22.88058436,40
109.3843038,22.8801352,40
109.3843936,22.8801352,40
109.3873581,22.87923689,40
109.2609651,22.87914706,40
109.3156725,22.87905722,40
109.3155827,22.87896739,40
109.3870886,22.87896739,40
109.3179183,22.87878773,40
109.3861903,22.8786979,40
109.3863699,22.8786979,40
109.2237749,22.87770975,40
109.3150437,22.87761992,40
109.3151335,22.87761992,40
109.2248528,22.87726059,40
109.388975,22.87600295,40
109.2579108,22.87537413,40
109.2579108,22.8752843,40
109.2261105,22.87429615,40
109.2262003,22.87429615,40
109.2573719,22.87411649,40
109.2262901,22.87402666,40
109.2431785,22.87402666,40
109.2432683,22.87402666,40
109.257282,22.87402666,40
109.2974367,22.873847,40
109.2975265,22.873847,40
109.2264698,22.87366733,40
109.2265596,22.87366733,40
109.2265596,22.8735775,40
109.058934,22.87312834,40
107.8648035,22.87303851,40
107.8652527,22.87303851,40
109.2568329,22.87303851,40
109.2569227,22.87303851,40
109.257282,22.87294868,40
109.2566532,22.87285885,40
109.256743,22.87285885,40
109.2568329,22.87285885,40
109.2356326,22.87276902,40
109.2564735,22.87267919,40
109.2565634,22.87267919,40
109.3869089,22.87115205,40
109.3871784,22.87115205,40
109.2202714,22.87106222,40
109.2203613,22.87106222,40
109.3869987,22.87106222,40
109.3882564,22.87106222,40
109.4042464,22.87088255,40
109.4069413,22.87070289,40
109.4068515,22.87052323,40
109.2184748,22.87025373,40
109.4045159,22.87025373,40
109.2182951,22.87007407,40
109.2292546,22.87007407,40
109.2295241,22.87007407,40
109.4050549,22.87007407,40
109.226919,22.86998424,40
109.2184748,22.86989441,40
109.2186545,22.86989441,40
109.2288054,22.86989441,40
109.2295241,22.86989441,40
109.2185646,22.86980458,40
109.2186545,22.86980458,40
109.2266495,22.86980458,40
109.2268291,22.86980458,40
109.2268291,22.86971474,40
109.4052345,22.86962491,40
109.2265596,22.86953508,40
109.2266495,22.86953508,40
109.2267393,22.86953508,40
109.4053244,22.86953508,40
109.2265596,22.86944525,40
109.2266495,22.86944525,40
109.4046956,22.86935542,40
109.4047854,22.86935542,40
109.2586295,22.86926559,40
109.4047854,22.86926559,40
109.2290749,22.86917576,40
109.2293444,22.86917576,40
109.2286258,22.86908592,40
109.2291648,22.86908592,40
109.2294342,22.86908592,40
109.2295241,22.86908592,40
109.2491972,22.86908592,40
109.3713681,22.86908592,40
109.2288054,22.86899609,40
109.2288953,22.86899609,40
109.2289851,22.86899609,40
109.2290749,22.86899609,40
109.2291648,22.86899609,40
109.2292546,22.86899609,40
109.2293444,22.86899609,40
109.2286258,22.86890626,40
109.2288054,22.86890626,40
109.2288953,22.86890626,40
109.2289851,22.86890626,40
109.2290749,22.86890626,40
109.2291648,22.86890626,40
109.2292546,22.86890626,40
109.2293444,22.86890626,40
109.2295241,22.86890626,40
109.2287156,22.86881643,40
109.2288054,22.86881643,40
109.2288953,22.86881643,40
109.2287156,22.86863677,40
109.2288054,22.86863677,40
109.2288054,22.86854694,40
109.2300631,22.86854694,40
109.2224274,22.8684571,40
109.2290749,22.8684571,40
109.2299732,22.8684571,40
109.2224274,22.86836727,40
109.2278173,22.86827744,40
109.2302427,22.86827744,40
109.2303326,22.86827744,40
109.2518023,22.86827744,40
109.2518921,22.86827744,40
109.251982,22.86827744,40
109.2303326,22.86818761,40
109.2516226,22.86818761,40
109.2517125,22.86818761,40
109.2518921,22.86818761,40
109.2521616,22.86818761,40
109.2294342,22.86809778,40
109.2513531,22.86809778,40
109.251443,22.86809778,40
109.2520718,22.86809778,40
109.2512633,22.86800795,40
109.2513531,22.86800795,40
109.2518921,22.86800795,40
109.2520718,22.86800795,40
109.2521616,22.86800795,40
109.2306919,22.86791811,40
109.2307817,22.86791811,40
109.2308716,22.86791811,40
109.2512633,22.86791811,40
109.2515328,22.86791811,40
109.2518921,22.86791811,40
109.2307817,22.86782828,40
109.2308716,22.86782828,40
109.2309614,22.86782828,40
109.248748,22.86782828,40
109.2510836,22.86782828,40
109.2511735,22.86782828,40
109.2513531,22.86782828,40
109.251443,22.86782828,40
109.2515328,22.86782828,40
109.2516226,22.86782828,40
109.2517125,22.86782828,40
109.2518921,22.86782828,40
109.2521616,22.86782828,40
109.2304224,22.86773845,40
109.2305122,22.86773845,40
109.2306021,22.86773845,40
109.2307817,22.86773845,40
109.2308716,22.86773845,40
109.2510836,22.86773845,40
109.2511735,22.86773845,40
109.2512633,22.86773845,40
109.2522515,22.86773845,40
109.2305122,22.86764862,40
109.2307817,22.86764862,40
109.2308716,22.86764862,40
109.2309614,22.86764862,40
109.2510836,22.86764862,40
109.2522515,22.86764862,40
109.2531498,22.86764862,40
109.2302427,22.86755879,40
109.2303326,22.86755879,40
109.2304224,22.86755879,40
109.2305122,22.86755879,40
109.2306021,22.86755879,40
109.2306919,22.86755879,40
109.2307817,22.86755879,40
109.2526108,22.86755879,40
109.2530599,22.86755879,40
109.2531498,22.86755879,40
109.4054142,22.86755879,40
109.2303326,22.86746896,40
109.2304224,22.86746896,40
109.2305122,22.86746896,40
109.2306919,22.86746896,40
109.2307817,22.86746896,40
109.2308716,22.86746896,40
109.2309614,22.86746896,40
109.2524311,22.86746896,40
109.2530599,22.86746896,40
109.2531498,22.86746896,40
109.2310512,22.86737913,40
109.231141,22.86737913,40
109.2520718,22.86737913,40
109.2522515,22.86737913,40
109.2526108,22.86737913,40
109.2531498,22.86737913,40
109.231141,22.86728929,40
109.2520718,22.86728929,40
109.2522515,22.86728929,40
109.2526108,22.86728929,40
109.2527006,22.86728929,40
109.2527904,22.86728929,40
109.2525209,22.86710963,40
109.2437175,22.8670198,40
109.4025396,22.86684014,40
109.405504,22.86684014,40
109.4025396,22.8667503,40
109.4061329,22.8667503,40
109.4062227,22.8667503,40
109.405504,22.86666047,40
109.405504,22.86657064,40
109.4055939,22.86657064,40
109.232758,22.86648081,40
109.2330275,22.86648081,40
109.2331173,22.86648081,40
109.4055939,22.86648081,40
109.232758,22.86639098,40
109.2328478,22.86639098,40
109.2330275,22.86639098,40
109.2331173,22.86639098,40
109.4021803,22.86639098,40
109.2604261,22.86621132,40
109.2604261,22.86612148,40
109.4062227,22.86594182,40
109.4064024,22.86594182,40
109.4064922,22.86594182,40
109.406582,22.86594182,40
109.2515328,22.86576216,40
109.4044261,22.86576216,40
109.4061329,22.86576216,40
109.2516226,22.86567233,40
109.4061329,22.86567233,40
109.4043362,22.86558249,40
109.4046956,22.86558249,40
109.4048752,22.86558249,40
109.4049651,22.86558249,40
109.2510836,22.86549266,40
109.2511735,22.86549266,40
109.3787342,22.86549266,40
109.2509938,22.86540283,40
109.2510836,22.86540283,40
109.2511735,22.86540283,40
109.2508142,22.865313,40
109.250904,22.865313,40
109.2510836,22.865313,40
109.2512633,22.865313,40
109.4041566,22.865313,40
109.4042464,22.865313,40
109.2510836,22.86522317,40
109.2511735,22.86522317,40
109.2512633,22.86522317,40
109.2510836,22.86513334,40
109.2511735,22.86513334,40
109.2512633,22.86513334,40
109.2308716,22.86468418,40
109.2245833,22.86441468,40
109.4096363,22.86441468,40
109.224763,22.86432485,40
109.2252122,22.86423502,40
109.225302,22.86423502,40
109.4099956,22.86423502,40
109.225302,22.86414519,40
109.2504548,22.86405536,40
109.2560244,22.86405536,40
109.2502752,22.86396553,40
109.250365,22.86396553,40
109.2558447,22.86396553,40
109.2559345,22.86396553,40
109.2502752,22.8638757,40
109.2504548,22.8638757,40
109.2505447,22.8638757,40
109.2506345,22.8638757,40
109.2559345,22.8638757,40
109.2560244,22.8638757,40
109.250365,22.86378586,40
109.2507243,22.86378586,40
109.2560244,22.86378586,40
109.2501853,22.86369603,40
109.4028091,22.8636062,40
109.4025396,22.86351637,40
109.4026294,22.86351637,40
109.4028989,22.86351637,40
109.2307817,22.86333671,40
109.3979582,22.86333671,40
109.2310512,22.86306721,40
109.2317699,22.86306721,40
109.2259308,22.86297738,40
109.2259308,22.86288755,40
109.3993955,22.86279772,40
109.3988565,22.86270789,40
109.3994853,22.86261805,40
109.3995752,22.86261805,40
109.3802614,22.86252822,40
109.3995752,22.86252822,40
109.2480294,22.86243839,40
109.2481192,22.86243839,40
109.2482989,22.86243839,40
109.3994853,22.86243839,40
109.248209,22.86234856,40
109.2482989,22.86234856,40
109.2483887,22.86234856,40
109.2484785,22.86234856,40
109.2485684,22.86234856,40
109.3993057,22.86234856,40
109.3993955,22.86234856,40
109.3994853,22.86234856,40
109.248209,22.86225873,40
109.3801716,22.86225873,40
109.399126,22.86225873,40
109.3993955,22.86225873,40
109.3994853,22.86225873,40
109.3995752,22.86225873,40
109.399126,22.8621689,40
109.3992158,22.8621689,40
109.3993955,22.8621689,40
109.3994853,22.8621689,40
109.3995752,22.8621689,40
109.2465921,22.86207907,40
109.3992158,22.86207907,40
109.3997548,22.86207907,40
109.2483887,22.86198923,40
109.2484785,22.86198923,40
109.2485684,22.86198923,40
109.3992158,22.86198923,40
109.3994853,22.86198923,40
109.3998447,22.86198923,40
109.2465022,22.8618994,40
109.2472209,22.8618994,40
109.2473107,22.8618994,40
109.2355428,22.86180957,40
109.2356326,22.86180957,40
109.2472209,22.86180957,40
109.2473107,22.86180957,40
109.3977785,22.86180957,40
109.3978684,22.86180957,40
109.2355428,22.86171974,40
109.2356326,22.86171974,40
109.2357225,22.86171974,40
109.2358123,22.86171974,40
109.4005633,22.86171974,40
109.4004735,22.86162991,40
109.4005633,22.86162991,40
109.4006531,22.86162991,40
109.4002938,22.86154008,40
109.4003836,22.86154008,40
109.4002938,22.86145024,40
109.4003836,22.86145024,40
107.1591768,22.86082142,40
107.1592667,22.86082142,40
109.2359021,22.86037227,40
109.2359919,22.86037227,40
109.2359021,22.86028243,40
109.2359919,22.86028243,40
109.4162838,22.86028243,40
109.4164635,22.86028243,40
109.4169126,22.86028243,40
109.2359021,22.8601926,40
109.4163737,22.8601926,40
109.4164635,22.8601926,40
109.4166432,22.8601926,40
109.2246732,22.86010277,40
109.224763,22.86010277,40
109.2249427,22.86010277,40
109.2358123,22.86010277,40
109.2359021,22.86010277,40
109.4006531,22.86010277,40
109.4002938,22.86001294,40
109.4006531,22.86001294,40
109.400743,22.86001294,40
109.4016413,22.85992311,40
109.4159245,22.85992311,40
109.2248528,22.85983328,40
109.4005633,22.85983328,40
109.400743,22.85983328,40
109.4016413,22.85983328,40
109.4146669,22.85983328,40
109.4147567,22.85983328,40
109.4148465,22.85983328,40
109.4157448,22.85983328,40
109.4159245,22.85983328,40
109.4160143,22.85983328,40
109.4001142,22.85965361,40
109.413499,22.85965361,40
109.4135889,22.85965361,40
109.4136787,22.85965361,40
109.4138584,22.85965361,40
109.414038,22.85956378,40
109.2368903,22.85947395,40
109.2481192,22.85947395,40
109.4139482,22.85947395,40
109.414038,22.85947395,40
109.4142177,22.85947395,40
109.2364411,22.85938412,40
109.4141279,22.85938412,40
109.4142177,22.85938412,40
109.414577,22.85893496,40
109.4146669,22.85893496,40
109.4086481,22.85839597,40
109.4112533,22.85839597,40
109.4126007,22.85812648,40
109.4136787,22.85812648,40
109.4126906,22.85803665,40
109.2301529,22.85794681,40
109.4135889,22.85794681,40
109.4120617,22.85785698,40
109.4121516,22.85785698,40
109.4122414,22.85785698,40
109.4133194,22.85785698,40
109.413499,22.85785698,40
109.4128702,22.85776715,40
109.4130499,22.85776715,40
109.4132296,22.85776715,40
109.4134092,22.85776715,40
109.4131397,22.85767732,40
109.4132296,22.85767732,40
109.4133194,22.85767732,40
109.4133194,22.85758749,40
109.4131397,22.85740783,40
109.4132296,22.85731799,40
109.4133194,22.85731799,40
109.4128702,22.85722816,40
109.4130499,22.85722816,40
109.4132296,22.85722816,40
109.4133194,22.85722816,40
109.4055939,22.85713833,40
109.4056837,22.85713833,40
109.4130499,22.85713833,40
109.399126,22.8570485,40
109.4056837,22.8570485,40
109.2289851,22.85650951,40
109.4055939,22.85624002,40
109.4055939,22.85615018,40
109.406582,22.85606035,40
109.4118821,22.85453322,40
109.4126007,22.85453322,40
109.4126906,22.85453322,40
109.2483887,22.85318574,40
109.4128702,22.85300608,40
109.4132296,22.85300608,40
109.4132296,22.85291625,40
109.4133194,22.85291625,40
109.413499,22.85291625,40
109.4129601,22.85282642,40
109.2315902,22.85273659,40
109.2314105,22.85255692,40
109.2315004,22.85255692,40
109.2315004,22.85246709,40
109.2312309,22.85228743,40
109.2313207,22.85228743,40
109.2314105,22.85228743,40
109.2326682,22.8521976,40
109.2326682,22.85210777,40
109.2326682,22.85201793,40
109.2326682,22.8519281,40
109.2438073,22.8519281,40
109.4164635,22.85165861,40
109.4165533,22.85165861,40
109.2429988,22.85138911,40
109.2430886,22.85138911,40
109.2431785,22.85138911,40
109.2424598,22.85120945,40
109.2425497,22.85120945,40
109.232219,22.85111962,40
109.2427293,22.85111962,40
109.242909,22.85111962,40
109.2321292,22.85093996,40
109.2321292,22.85085012,40
109.3547492,22.85085012,40
109.3700206,22.85031113,40
109.241831,22.8502213,40
109.3723562,22.85004164,40
109.3725359,22.85004164,40
109.4137685,22.85004164,40
109.3726257,22.84995181,40
109.3703799,22.84977215,40
109.3704697,22.84977215,40
109.3726257,22.84977215,40
109.3702003,22.84968231,40
109.3700206,22.84959248,40
109.3701104,22.84959248,40
109.3723562,22.84959248,40
109.372446,22.84959248,40
109.3725359,22.84959248,40
109.3726257,22.84959248,40
109.3720867,22.84950265,40
109.3723562,22.84950265,40
109.3720867,22.84941282,40
109.3480119,22.84923316,40
109.2397649,22.84824501,40
109.2403039,22.84815518,40
109.2401242,22.84797552,40
109.2403039,22.84797552,40
109.2273681,22.84743653,40
109.3383999,22.84716703,40
109.3383999,22.8470772,40
109.2262901,22.84689754,40
109.2260206,22.84671787,40
109.3379507,22.84626872,40
109.3378609,22.84617888,40
109.3379507,22.84617888,40
109.2325784,22.84599922,40
109.2355428,22.84599922,40
109.2323089,22.84590939,40
109.2323987,22.84590939,40
109.2324885,22.84590939,40
109.2326682,22.84590939,40
109.2328478,22.84590939,40
109.2329377,22.84590939,40
109.2323089,22.84581956,40
109.2324885,22.84581956,40
109.2325784,22.84581956,40
109.2326682,22.84581956,40
109.232758,22.84581956,40
109.2321292,22.84572973,40
109.232219,22.84572973,40
109.2326682,22.84572973,40
109.232758,22.84572973,40
109.2329377,22.84572973,40
109.2321292,22.8456399,40
109.232219,22.8456399,40
109.2323987,22.8456399,40
109.2350038,22.8456399,40
109.3385796,22.8456399,40
109.2319495,22.84546023,40
109.2320394,22.84546023,40
109.2350038,22.84519074,40
109.2351835,22.84519074,40
109.2352733,22.84519074,40
109.2347343,22.84510091,40
109.2348241,22.84510091,40
109.2352733,22.84510091,40
109.2353631,22.84510091,40
109.235453,22.84510091,40
109.2348241,22.84501107,40
109.249287,22.84501107,40
109.2494667,22.84501107,40
109.2495565,22.84501107,40
109.2357225,22.84492124,40
109.2494667,22.84492124,40
109.2318597,22.84465175,40
109.2318597,22.84456192,40
109.2399445,22.8439331,40
109.2400344,22.8439331,40
109.2306919,22.84375343,40
109.2307817,22.84375343,40
109.2149714,22.8436636,40
109.2150612,22.8436636,40
109.2152409,22.84357377,40
109.234914,22.84357377,40
109.2356326,22.84330428,40
109.2317699,22.84294495,40
109.23168,22.84285512,40
109.2393157,22.84276529,40
109.2395852,22.84258562,40
109.2398547,22.84258562,40
109.2163188,22.84249579,40
109.2329377,22.84249579,40
109.2346445,22.84249579,40
109.2348241,22.84249579,40
109.234914,22.84249579,40
109.232219,22.84240596,40
109.2329377,22.84240596,40
109.2347343,22.84240596,40
109.234914,22.84240596,40
109.2159595,22.8422263,40
109.2161392,22.8422263,40
109.2345546,22.8422263,40
109.2194629,22.84204663,40
109.2195528,22.84204663,40
109.2416513,22.84186697,40
109.2417412,22.84186697,40
109.2421903,22.84186697,40
109.2416513,22.84177714,40
109.2421005,22.84168731,40
109.2421903,22.84168731,40
109.2415615,22.84159748,40
109.2421005,22.84159748,40
109.2421903,22.84159748,40
109.2421005,22.84150765,40
109.2422802,22.84150765,40
109.2323089,22.84141781,40
109.2388666,22.84141781,40
109.2397649,22.84141781,40
109.2399445,22.84141781,40
109.2421005,22.84141781,40
109.2421903,22.84141781,40
109.2386869,22.84132798,40
109.2388666,22.84132798,40
109.2398547,22.84132798,40
109.2386869,22.84123815,40
109.2397649,22.84123815,40
109.2398547,22.84123815,40
109.2400344,22.84123815,40
109.2387767,22.84114832,40
109.2388666,22.84114832,40
109.2398547,22.84114832,40
109.2399445,22.84114832,40
109.2401242,22.84114832,40
109.2387767,22.84096866,40
109.2398547,22.84087882,40
109.2394055,22.84069916,40
109.2394954,22.84069916,40
109.2403937,22.84069916,40
109.2410225,22.84069916,40
109.2393157,22.84060933,40
109.2399445,22.84060933,40
109.2403039,22.84060933,40
109.2394055,22.8405195,40
109.2394055,22.84033984,40
109.2394954,22.84025,40
109.2394954,22.84016017,40
109.2391361,22.84007034,40
109.2392259,22.84007034,40
109.2393157,22.84007034,40
109.2394055,22.84007034,40
109.2131747,22.83998051,40
109.2394954,22.83998051,40
109.2130849,22.83989068,40
109.2131747,22.83989068,40
109.2131747,22.83980085,40
109.2393157,22.83980085,40
109.2394055,22.83980085,40
109.2393157,22.83971101,40
109.2394055,22.83971101,40
109.2394954,22.83971101,40
109.2378784,22.83962118,40
109.2375191,22.83944152,40
109.2376987,22.83944152,40
109.2374293,22.83935169,40
109.2375191,22.83935169,40
109.251443,22.83908219,40
109.4094566,22.83899236,40
109.2419208,22.8385432,40
109.2421005,22.8385432,40
109.2411123,22.83845337,40
109.2421005,22.83845337,40
109.2404835,22.83836354,40
109.2412022,22.83836354,40
109.2413818,22.83836354,40
109.2414717,22.83836354,40
109.2416513,22.83836354,40
109.2417412,22.83836354,40
109.2403937,22.83827371,40
109.2412022,22.83827371,40
109.2413818,22.83827371,40
109.2414717,22.83827371,40
109.2415615,22.83827371,40
109.2416513,22.83827371,40
109.241831,22.83827371,40
109.2403937,22.83818388,40
109.2404835,22.83818388,40
109.2413818,22.83818388,40
109.2414717,22.83818388,40
109.2415615,22.83818388,40
109.2416513,22.83818388,40
109.241831,22.83818388,40
109.2473107,22.83818388,40
109.2159595,22.83809405,40
109.2160493,22.83809405,40
109.2161392,22.83809405,40
109.2404835,22.83809405,40
109.241292,22.83809405,40
109.2413818,22.83809405,40
109.2414717,22.83809405,40
109.2415615,22.83809405,40
109.2417412,22.83809405,40
109.241831,22.83809405,40
109.2419208,22.83809405,40
109.2447954,22.83809405,40
109.2449751,22.83809405,40
109.2159595,22.83800422,40
109.2160493,22.83800422,40
109.2161392,22.83800422,40
109.241292,22.83800422,40
109.2413818,22.83800422,40
109.2416513,22.83800422,40
109.2417412,22.83800422,40
109.2422802,22.83800422,40
109.2449751,22.83800422,40
109.2450649,22.83800422,40
109.2157799,22.83791438,40
109.2158697,22.83791438,40
109.2159595,22.83791438,40
109.2160493,22.83791438,40
109.2161392,22.83791438,40
109.241292,22.83791438,40
109.2413818,22.83791438,40
109.2415615,22.83791438,40
109.2422802,22.83791438,40
109.24237,22.83791438,40
109.2424598,22.83791438,40
109.2425497,22.83791438,40
109.2428191,22.83791438,40
109.2444361,22.83791438,40
109.2445259,22.83791438,40
109.2447056,22.83791438,40
109.2159595,22.83782455,40
109.2160493,22.83782455,40
109.2161392,22.83782455,40
109.2416513,22.83782455,40
109.2422802,22.83782455,40
109.24237,22.83782455,40
109.2428191,22.83782455,40
109.242909,22.83782455,40
109.2429988,22.83782455,40
109.2447056,22.83782455,40
109.2447954,22.83782455,40
109.2448853,22.83782455,40
109.2416513,22.83773472,40
109.2422802,22.83773472,40
109.24237,22.83773472,40
109.2426395,22.83773472,40
109.2428191,22.83773472,40
109.242909,22.83773472,40
109.2429988,22.83773472,40
109.2420107,22.83764489,40
109.242909,22.83764489,40
109.2441666,22.83764489,40
109.2417412,22.83755506,40
109.2158697,22.83746523,40
109.2159595,22.83746523,40
109.242909,22.83746523,40
109.242909,22.83737539,40
109.2157799,22.83728556,40
109.2229664,22.83728556,40
109.2426395,22.83728556,40
109.242909,22.83728556,40
109.2131747,22.83719573,40
109.2533294,22.83719573,40
109.2426395,22.8371059,40
109.2425497,22.83701607,40
109.2426395,22.83692624,40
109.2428191,22.83692624,40
109.2427293,22.83683641,40
109.2421903,22.83674657,40
109.2523413,22.83674657,40
109.2553057,22.83665674,40
109.2447056,22.83656691,40
109.2447954,22.83656691,40
109.2553956,22.83656691,40
109.3429813,22.83647708,40
109.3430711,22.83647708,40
109.2438073,22.83638725,40
109.2517125,22.83638725,40
109.2552159,22.83638725,40
109.2553956,22.83638725,40
109.2161392,22.83629742,40
109.2438073,22.83629742,40
109.2445259,22.83629742,40
109.2446158,22.83629742,40
109.2552159,22.83629742,40
109.2444361,22.83620758,40
109.3430711,22.83620758,40
109.2500955,22.83611775,40
109.2501853,22.83611775,40
109.2512633,22.83611775,40
109.2515328,22.83611775,40
109.2237749,22.83602792,40
109.2238647,22.83602792,40
109.2241342,22.83602792,40
109.2253918,22.83602792,40
109.2515328,22.83602792,40
109.2516226,22.83602792,40
109.3430711,22.83602792,40
109.343161,22.83602792,40
109.2239545,22.83593809,40
109.2240444,22.83593809,40
109.224224,22.83593809,40
109.2253918,22.83593809,40
109.2500955,22.83593809,40
109.2501853,22.83593809,40
109.2502752,22.83593809,40
109.250365,22.83593809,40
109.343161,22.83593809,40
109.2246732,22.83584826,40
109.2248528,22.83584826,40
109.2249427,22.83584826,40
109.2250325,22.83584826,40
109.2251223,22.83584826,40
109.2252122,22.83584826,40
109.225302,22.83584826,40
109.250365,22.83584826,40
109.2504548,22.83584826,40
109.2245833,22.83575843,40
109.2246732,22.83575843,40
109.2249427,22.83575843,40
109.2252122,22.83575843,40
109.2253918,22.83575843,40
109.2254817,22.83575843,40
109.2481192,22.83575843,40
109.250365,22.83575843,40
109.2504548,22.83575843,40
109.2244935,22.8356686,40
109.2245833,22.8356686,40
109.2246732,22.8356686,40
109.250365,22.8356686,40
109.2504548,22.8356686,40
109.2507243,22.8356686,40
109.2245833,22.83557876,40
109.2244037,22.83548893,40
109.2244935,22.83548893,40
109.2245833,22.83548893,40
109.2246732,22.83548893,40
109.2267393,22.83548893,40
109.2268291,22.83548893,40
109.226919,22.83548893,40
109.2270088,22.83548893,40
109.2244935,22.8353991,40
109.2245833,22.8353991,40
109.2246732,22.8353991,40
109.2268291,22.8353991,40
109.226919,22.8353991,40
109.2270088,22.8353991,40
109.2270986,22.8353991,40
109.2271885,22.8353991,40
109.2508142,22.8353991,40
109.250904,22.8353991,40
109.2245833,22.83530927,40
109.2246732,22.83530927,40
109.224763,22.83530927,40
109.2248528,22.83530927,40
109.2249427,22.83530927,40
109.2265596,22.83530927,40
109.2266495,22.83530927,40
109.2267393,22.83530927,40
109.226919,22.83530927,40
109.2270088,22.83530927,40
109.250904,22.83530927,40
109.2246732,22.83521944,40
109.2270088,22.83521944,40
109.250904,22.83521944,40
109.2125459,22.83512961,40
109.2245833,22.83512961,40
109.2246732,22.83512961,40
109.224763,22.83512961,40
109.2248528,22.83512961,40
109.2249427,22.83512961,40
109.225302,22.83512961,40
109.2253918,22.83512961,40
109.2479395,22.83512961,40
109.2509938,22.83512961,40
109.2245833,22.83503978,40
109.2246732,22.83503978,40
109.224763,22.83503978,40
109.2248528,22.83503978,40
109.2250325,22.83503978,40
109.2254817,22.83503978,40
109.2270088,22.83503978,40
109.2270986,22.83503978,40
109.2518023,22.83503978,40
109.2243138,22.83494994,40
109.2244935,22.83494994,40
109.2245833,22.83494994,40
109.2278173,22.83494994,40
109.2244037,22.83486011,40
109.2244935,22.83486011,40
109.2496463,22.83486011,40
109.249826,22.83486011,40
109.2496463,22.83477028,40
109.249826,22.83477028,40
109.2533294,22.83477028,40
109.2535091,22.83477028,40
109.2536888,22.83477028,40
109.2152409,22.83468045,40
109.2534193,22.83468045,40
109.2536888,22.83468045,40
109.2152409,22.83459062,40
109.2153307,22.83459062,40
109.2438073,22.83459062,40
109.2203613,22.83450079,40
109.2276376,22.83450079,40
109.2276376,22.83441095,40
109.2278173,22.83441095,40
109.2180256,22.83432112,40
109.2276376,22.83432112,40
109.2278173,22.83432112,40
109.2180256,22.83423129,40
109.2188341,22.83423129,40
109.218924,22.83423129,40
109.1371773,22.83414146,40
109.2175765,22.83414146,40
109.2175765,22.83405163,40
109.2227867,22.83378213,40
109.2173968,22.83360247,40
109.2173968,22.83342281,40
109.2177561,22.83342281,40
109.2305122,22.83342281,40
109.2576413,22.83342281,40
109.2173968,22.83333298,40
109.2302427,22.83333298,40
109.2303326,22.83333298,40
109.2571922,22.83333298,40
109.2173968,22.83324314,40
109.2570125,22.83324314,40
109.2571024,22.83324314,40
109.2174867,22.83315331,40
109.2571922,22.83315331,40
109.2226071,22.83297365,40
109.2223376,22.83288382,40
109.2226071,22.83288382,40
109.2218884,22.83279399,40
109.2223376,22.83279399,40
109.2226071,22.83279399,40
109.2226969,22.83279399,40
109.2219782,22.83270416,40
109.2224274,22.83270416,40
109.2225172,22.83270416,40
109.2226969,22.83270416,40
109.2219782,22.83261432,40
109.2227867,22.83261432,40
109.2232359,22.83261432,40
109.2233257,22.83261432,40
109.2238647,22.83261432,40
109.2550362,22.83261432,40
109.2227867,22.83252449,40
109.2234155,22.83252449,40
109.2238647,22.83252449,40
109.2226969,22.83243466,40
109.2227867,22.83243466,40
109.2228765,22.83243466,40
109.2230562,22.83243466,40
109.223146,22.83243466,40
109.2235952,22.83243466,40
109.2237749,22.83243466,40
109.2228765,22.83234483,40
109.2230562,22.83234483,40
109.2232359,22.83234483,40
109.2235952,22.83234483,40
109.2237749,22.83234483,40
109.2300631,22.83234483,40
109.2301529,22.83234483,40
109.2546769,22.83234483,40
109.2551261,22.83234483,40
109.2228765,22.832255,40
109.2282664,22.832255,40
109.2294342,22.832255,40
109.2302427,22.832255,40
109.2196426,22.83216517,40
109.2226969,22.83216517,40
109.2229664,22.83216517,40
109.2282664,22.83216517,40
109.2293444,22.83216517,40
109.2294342,22.83216517,40
109.2295241,22.83216517,40
109.2297037,22.83216517,40
109.2297936,22.83216517,40
109.2552159,22.83216517,40
109.2195528,22.83207533,40
109.2196426,22.83207533,40
109.2197324,22.83207533,40
109.2226969,22.83207533,40
109.2228765,22.83207533,40
109.2229664,22.83207533,40
109.2276376,22.83207533,40
109.2277274,22.83207533,40
109.2278173,22.83207533,40
109.2279071,22.83207533,40
109.2279969,22.83207533,40
109.2280868,22.83207533,40
109.2281766,22.83207533,40
109.2284461,22.83207533,40
109.2292546,22.83207533,40
109.2297037,22.83207533,40
109.2297936,22.83207533,40
109.2298834,22.83207533,40
109.2301529,22.83207533,40
109.2302427,22.83207533,40
109.2129052,22.8319855,40
109.2225172,22.8319855,40
109.2228765,22.8319855,40
109.2229664,22.8319855,40
109.2272783,22.8319855,40
109.2277274,22.8319855,40
109.2279071,22.8319855,40
109.2279969,22.8319855,40
109.2280868,22.8319855,40
109.2281766,22.8319855,40
109.2282664,22.8319855,40
109.2284461,22.8319855,40
109.2292546,22.8319855,40
109.2297037,22.8319855,40
109.2305122,22.8319855,40
109.2125459,22.83189567,40
109.2129951,22.83189567,40
109.2277274,22.83189567,40
109.2278173,22.83189567,40
109.2279071,22.83189567,40
109.2281766,22.83189567,40
109.2282664,22.83189567,40
109.2288953,22.83189567,40
109.2289851,22.83189567,40
109.2290749,22.83189567,40
109.2297037,22.83189567,40
109.2129951,22.83180584,40
109.2149714,22.83180584,40
109.2226969,22.83180584,40
109.2277274,22.83180584,40
109.2279071,22.83180584,40
109.2279969,22.83180584,40
109.2280868,22.83180584,40
109.2281766,22.83180584,40
109.2290749,22.83180584,40
109.2225172,22.83171601,40
109.2226071,22.83171601,40
109.2228765,22.83171601,40
109.2229664,22.83171601,40
109.223146,22.83171601,40
109.2232359,22.83171601,40
109.2270088,22.83171601,40
109.2272783,22.83171601,40
109.2275478,22.83171601,40
109.2277274,22.83171601,40
109.2278173,22.83171601,40
109.2280868,22.83171601,40
109.2288054,22.83171601,40
109.2288953,22.83171601,40
109.2293444,22.83171601,40
109.2294342,22.83171601,40
109.2295241,22.83171601,40
109.2296139,22.83171601,40
109.2414717,22.83171601,40
109.2415615,22.83171601,40
109.2153307,22.83162618,40
109.2225172,22.83162618,40
109.2226071,22.83162618,40
109.2226969,22.83162618,40
109.2227867,22.83162618,40
109.223146,22.83162618,40
109.2232359,22.83162618,40
109.2270986,22.83162618,40
109.2271885,22.83162618,40
109.2275478,22.83162618,40
109.2278173,22.83162618,40
109.2279969,22.83162618,40
109.2280868,22.83162618,40
109.2293444,22.83162618,40
109.2294342,22.83162618,40
109.2295241,22.83162618,40
109.2296139,22.83162618,40
109.2413818,22.83162618,40
109.2414717,22.83162618,40
109.2415615,22.83162618,40
109.241831,22.83162618,40
109.2419208,22.83162618,40
109.2153307,22.83153635,40
109.2154205,22.83153635,40
109.2226969,22.83153635,40
109.2230562,22.83153635,40
109.223146,22.83153635,40
109.2232359,22.83153635,40
109.2262901,22.83153635,40
109.2271885,22.83153635,40
109.2272783,22.83153635,40
109.2273681,22.83153635,40
109.2275478,22.83153635,40
109.2276376,22.83153635,40
109.2277274,22.83153635,40
109.2278173,22.83153635,40
109.2279071,22.83153635,40
109.2280868,22.83153635,40
109.2294342,22.83153635,40
109.2295241,22.83153635,40
109.2296139,22.83153635,40
109.2412022,22.83153635,40
109.241292,22.83153635,40
109.2415615,22.83153635,40
109.2136239,22.83144651,40
109.2166782,22.83144651,40
109.2169477,22.83144651,40
109.2225172,22.83144651,40
109.2230562,22.83144651,40
109.2232359,22.83144651,40
109.2270986,22.83144651,40
109.2271885,22.83144651,40
109.2272783,22.83144651,40
109.2273681,22.83144651,40
109.2279071,22.83144651,40
109.2279969,22.83144651,40
109.2280868,22.83144651,40
109.2295241,22.83144651,40
109.2412022,22.83144651,40
109.241292,22.83144651,40
109.2413818,22.83144651,40
109.2414717,22.83144651,40
109.2415615,22.83144651,40
109.2449751,22.83144651,40
109.2450649,22.83144651,40
109.216768,22.83135668,40
109.2230562,22.83135668,40
109.223146,22.83135668,40
109.2232359,22.83135668,40
109.2273681,22.83135668,40
109.227458,22.83135668,40
109.2275478,22.83135668,40
109.2276376,22.83135668,40
109.2277274,22.83135668,40
109.2278173,22.83135668,40
109.2279071,22.83135668,40
109.2281766,22.83135668,40
109.2292546,22.83135668,40
109.2295241,22.83135668,40
109.2297037,22.83135668,40
109.2412022,22.83135668,40
109.2413818,22.83135668,40
109.2415615,22.83135668,40
109.2440768,22.83135668,40
109.227458,22.83126685,40
109.2276376,22.83126685,40
109.2278173,22.83126685,40
109.2282664,22.83126685,40
109.2412022,22.83126685,40
109.241292,22.83126685,40
109.2152409,22.83117702,40
109.2282664,22.83117702,40
109.2287156,22.83117702,40
109.2288054,22.83117702,40
109.2410225,22.83117702,40
109.241292,22.83117702,40
109.2414717,22.83117702,40
109.2415615,22.83117702,40
109.2210799,22.83108719,40
109.2211697,22.83108719,40
109.2410225,22.83108719,40
109.2411123,22.83108719,40
109.2412022,22.83108719,40
109.241292,22.83108719,40
109.2413818,22.83108719,40
109.2414717,22.83108719,40
109.2209901,22.83099736,40
109.2213494,22.83099736,40
109.2214392,22.83099736,40
109.2229664,22.83099736,40
109.2230562,22.83099736,40
109.2411123,22.83099736,40
109.2171273,22.83090752,40
109.2228765,22.83090752,40
109.2229664,22.83090752,40
109.2230562,22.83090752,40
109.2306919,22.83090752,40
109.2410225,22.83090752,40
109.2411123,22.83090752,40
109.2412022,22.83090752,40
109.2559345,22.83090752,40
109.3954429,22.83090752,40
109.2292546,22.83081769,40
109.3952632,22.83081769,40
109.2304224,22.83072786,40
109.2305122,22.83072786,40
109.2306021,22.83072786,40
109.2306919,22.83072786,40
109.2308716,22.83072786,40
109.2309614,22.83072786,40
109.2310512,22.83072786,40
109.2273681,22.83063803,40
109.227458,22.83063803,40
109.2295241,22.83063803,40
109.2303326,22.83063803,40
109.2304224,22.83063803,40
109.2305122,22.83063803,40
109.2306021,22.83063803,40
109.2307817,22.83063803,40
109.2308716,22.83063803,40
109.2413818,22.83063803,40
109.2414717,22.83063803,40
109.241831,22.83063803,40
109.2419208,22.83063803,40
109.2421005,22.83063803,40
109.2421903,22.83063803,40
109.2555752,22.83063803,40
109.2295241,22.8305482,40
109.2296139,22.8305482,40
109.2304224,22.8305482,40
109.2305122,22.8305482,40
109.2306021,22.8305482,40
109.2306919,22.8305482,40
109.2308716,22.8305482,40
109.2309614,22.8305482,40
109.2406632,22.8305482,40
109.241831,22.8305482,40
109.2421903,22.8305482,40
109.2422802,22.8305482,40
109.2303326,22.83045837,40
109.2305122,22.83045837,40
109.2306021,22.83045837,40
109.2307817,22.83045837,40
109.2308716,22.83045837,40
109.2309614,22.83045837,40
109.2310512,22.83045837,40
109.2328478,22.83045837,40
109.241831,22.83045837,40
109.2419208,22.83045837,40
109.2550362,22.83045837,40
109.2551261,22.83045837,40
109.2552159,22.83045837,40
109.2303326,22.83036854,40
109.2305122,22.83036854,40
109.2306021,22.83036854,40
109.2306919,22.83036854,40
109.2310512,22.83036854,40
109.2320394,22.83036854,40
109.2325784,22.83036854,40
109.232758,22.83036854,40
109.241831,22.83036854,40
109.2419208,22.83036854,40
109.2551261,22.83036854,40
109.2552159,22.83036854,40
109.2556651,22.83036854,40
109.2309614,22.8302787,40
109.2310512,22.8302787,40
109.2420107,22.8302787,40
109.2550362,22.8302787,40
109.2224274,22.83018887,40
109.2225172,22.83018887,40
109.2421005,22.83018887,40
109.2552159,22.83018887,40
109.4038871,22.83018887,40
109.2225172,22.83009904,40
109.2305122,22.83009904,40
109.2551261,22.83009904,40
109.2306021,22.83000921,40
109.3949938,22.83000921,40
109.2412022,22.82991938,40
109.241292,22.82991938,40
109.2413818,22.82991938,40
109.2414717,22.82991938,40
109.2415615,22.82991938,40
109.2416513,22.82991938,40
109.2411123,22.82982955,40
109.2412022,22.82982955,40
109.241292,22.82982955,40
109.2413818,22.82982955,40
109.2414717,22.82982955,40
109.2415615,22.82982955,40
109.2416513,22.82982955,40
109.2410225,22.82973971,40
109.2411123,22.82973971,40
109.2412022,22.82973971,40
109.241292,22.82973971,40
109.2413818,22.82973971,40
109.2414717,22.82973971,40
109.2415615,22.82973971,40
109.241831,22.82973971,40
109.2411123,22.82964988,40
109.2412022,22.82964988,40
109.241292,22.82964988,40
109.2413818,22.82964988,40
109.2414717,22.82964988,40
109.2415615,22.82964988,40
109.2416513,22.82964988,40
109.2417412,22.82964988,40
109.241831,22.82964988,40
109.2419208,22.82964988,40
109.2561142,22.82964988,40
109.241292,22.82956005,40
109.2413818,22.82956005,40
109.2415615,22.82956005,40
109.2417412,22.82956005,40
109.2413818,22.82947022,40
109.2415615,22.82947022,40
109.2416513,22.82947022,40
109.2324885,22.82911089,40
109.23168,22.82893123,40
109.23168,22.8288414,40
109.2426395,22.82875157,40
109.2427293,22.82866174,40
109.232758,22.8285719,40
109.2325784,22.82839224,40
109.2326682,22.82839224,40
109.232758,22.82839224,40
109.2325784,22.82830241,40
109.2326682,22.82830241,40
109.232758,22.82830241,40
109.2323089,22.82794308,40
109.2323089,22.82785325,40
109.2323987,22.82785325,40
109.2323089,22.82776342,40
109.2324885,22.82776342,40
109.2429988,22.82776342,40
109.3987667,22.82776342,40
109.2323089,22.82767359,40
109.2323987,22.82767359,40
109.2429988,22.82767359,40
109.232219,22.82758376,40
109.2323089,22.82758376,40
109.2323987,22.82758376,40
109.2422802,22.82758376,40
109.24237,22.82758376,40
109.2424598,22.82758376,40
109.2425497,22.82758376,40
109.3913107,22.82758376,40
109.2422802,22.82749393,40
109.24237,22.82749393,40
109.2425497,22.82749393,40
109.3912208,22.82749393,40
109.2356326,22.8274041,40
109.2424598,22.8274041,40
109.391131,22.8274041,40
109.3912208,22.8274041,40
109.2356326,22.82731426,40
109.2350038,22.82722443,40
109.2350936,22.82722443,40
109.2351835,22.82722443,40
109.2356326,22.82722443,40
109.2357225,22.82722443,40
109.2358123,22.82722443,40
109.2339258,22.8271346,40
109.2340157,22.8271346,40
109.2341055,22.8271346,40
109.2341953,22.8271346,40
109.2342851,22.8271346,40
109.2350936,22.8271346,40
109.2351835,22.8271346,40
109.235453,22.8271346,40
109.2359021,22.8271346,40
109.2339258,22.82704477,40
109.2341055,22.82704477,40
109.234914,22.82704477,40
109.2352733,22.82704477,40
109.235453,22.82704477,40
109.2355428,22.82704477,40
109.2357225,22.82704477,40
109.2358123,22.82704477,40
109.2359021,22.82704477,40
109.2359919,22.82704477,40
109.2360818,22.82704477,40
109.2337462,22.82695494,40
109.233836,22.82695494,40
109.2339258,22.82695494,40
109.2340157,22.82695494,40
109.2341055,22.82695494,40
109.2341953,22.82695494,40
109.2353631,22.82695494,40
109.233836,22.82686511,40
109.2339258,22.82686511,40
109.2340157,22.82686511,40
109.2341953,22.82686511,40
109.2352733,22.82686511,40
109.2353631,22.82686511,40
109.233836,22.82677527,40
109.2339258,22.82677527,40
109.2341055,22.82677527,40
109.2353631,22.82677527,40
109.2361716,22.82677527,40
109.2362614,22.82677527,40
109.2341953,22.82668544,40
109.2353631,22.82668544,40
109.2360818,22.82668544,40
109.2361716,22.82659561,40
109.2356326,22.82650578,40
109.2358123,22.82650578,40
109.2359021,22.82650578,40
109.2356326,22.82641595,40
109.2357225,22.82641595,40
109.2357225,22.82632612,40
109.2359919,22.82623629,40
109.2360818,22.82623629,40
109.2361716,22.82623629,40
109.2359919,22.82614645,40
109.2360818,22.82614645,40
109.2361716,22.82614645,40
109.2394954,22.82614645,40
109.2395852,22.82614645,40
109.2359919,22.82605662,40
109.2360818,22.82605662,40
109.2361716,22.82605662,40
109.2360818,22.82596679,40
109.2361716,22.82596679,40
109.2362614,22.82587696,40
109.2363513,22.82587696,40
109.2364411,22.82587696,40
109.2365309,22.82587696,40
109.2363513,22.82578713,40
109.2364411,22.82578713,40
109.2391361,22.8256973,40
109.2347343,22.82551763,40
109.2391361,22.82551763,40
109.2392259,22.82551763,40
109.2393157,22.82551763,40
109.2347343,22.8254278,40
109.2392259,22.8254278,40
109.2394055,22.8254278,40
109.2394954,22.8254278,40
109.4159245,22.8254278,40
109.2315902,22.82533797,40
109.2363513,22.82533797,40
109.2391361,22.82533797,40
109.2392259,22.82533797,40
109.2363513,22.82524814,40
109.2389564,22.82524814,40
109.2390462,22.82524814,40
109.2393157,22.82524814,40
109.2362614,22.82515831,40
109.2363513,22.82515831,40
109.2365309,22.82515831,40
109.2389564,22.82515831,40
109.2390462,22.82515831,40
109.2391361,22.82515831,40
109.2392259,22.82515831,40
109.2362614,22.82506848,40
109.2364411,22.82506848,40
109.2387767,22.82506848,40
109.2388666,22.82506848,40
109.2389564,22.82506848,40
109.2387767,22.82497864,40
109.2388666,22.82497864,40
109.2389564,22.82497864,40
109.2390462,22.82497864,40
109.2391361,22.82497864,40
109.2392259,22.82497864,40
109.2362614,22.82488881,40
109.2387767,22.82488881,40
109.2389564,22.82488881,40
109.2392259,22.82488881,40
109.2361716,22.82479898,40
109.2365309,22.82479898,40
109.2388666,22.82479898,40
109.2389564,22.82479898,40
109.2390462,22.82479898,40
109.2391361,22.82479898,40
109.2392259,22.82479898,40
109.2394954,22.82479898,40
109.2361716,22.82470915,40
109.2387767,22.82470915,40
109.2388666,22.82470915,40
109.2389564,22.82470915,40
109.2391361,22.82470915,40
109.2392259,22.82470915,40
109.2334767,22.82461932,40
109.2335665,22.82461932,40
109.2386869,22.82461932,40
109.2388666,22.82461932,40
109.2334767,22.82452949,40
109.2335665,22.82452949,40
109.2336563,22.82452949,40
109.241292,22.82452949,40
109.2413818,22.82452949,40
109.2336563,22.82443965,40
109.2385971,22.82443965,40
109.2386869,22.82443965,40
109.2410225,22.82443965,40
109.2412022,22.82443965,40
109.241292,22.82443965,40
109.2413818,22.82443965,40
109.23168,22.82434982,40
109.2385971,22.82434982,40
109.2386869,22.82434982,40
109.2411123,22.82434982,40
109.2412022,22.82434982,40
109.241292,22.82434982,40
109.2413818,22.82434982,40
109.23168,22.82425999,40
109.2321292,22.82417016,40
109.2412022,22.82417016,40
109.2416513,22.82417016,40
109.241831,22.82417016,40
109.23168,22.82408033,40
109.2320394,22.82408033,40
109.2321292,22.82408033,40
109.232219,22.82408033,40
109.2325784,22.82408033,40
109.2386869,22.82408033,40
109.2412022,22.82408033,40
109.241292,22.82408033,40
109.2416513,22.82408033,40
109.2323089,22.8239905,40
109.2323987,22.8239905,40
109.2386869,22.8239905,40
109.2411123,22.8239905,40
109.2412022,22.8239905,40
109.241292,22.8239905,40
109.232219,22.82390067,40
109.2323089,22.82390067,40
109.2324885,22.82390067,40
109.2325784,22.82390067,40
109.2326682,22.82390067,40
109.2324885,22.82381083,40
109.2324885,22.823721,40
109.2401242,22.82354134,40
109.240753,22.82354134,40
109.2408429,22.82354134,40
109.2318597,22.82345151,40
109.240214,22.82345151,40
109.2403039,22.82345151,40
109.2408429,22.82345151,40
109.2372496,22.82336168,40
109.2395852,22.82336168,40
109.239675,22.82336168,40
109.2372496,22.82327184,40
109.2394055,22.82327184,40
109.2394954,22.82327184,40
109.239675,22.82327184,40
109.2347343,22.82318201,40
109.2394055,22.82318201,40
109.2394954,22.82318201,40
109.239675,22.82318201,40
109.240753,22.82318201,40
109.2408429,22.82318201,40
109.2411123,22.82318201,40
109.2412022,22.82318201,40
109.2393157,22.82309218,40
109.239675,22.82309218,40
109.240753,22.82309218,40
109.2408429,22.82309218,40
109.2412022,22.82309218,40
109.241292,22.82309218,40
109.2347343,22.82300235,40
109.2348241,22.82300235,40
109.2394055,22.82300235,40
109.2395852,22.82300235,40
109.2347343,22.82291252,40
109.2394954,22.82291252,40
109.2347343,22.82282269,40
109.2348241,22.82282269,40
109.234914,22.82282269,40
109.2347343,22.82273286,40
109.234914,22.82273286,40
109.2345546,22.82264302,40
109.2376089,22.82264302,40
109.2376987,22.82264302,40
109.2376089,22.82246336,40
109.2378784,22.82246336,40
109.234914,22.82219387,40
109.2347343,22.82210403,40
109.2369801,22.82012774,40
109.2644685,22.81994808,40
109.2643787,22.81976842,40
109.2643787,22.81967858,40
109.2644685,22.81967858,40
109.2448853,22.81949892,40
109.2449751,22.81949892,40
109.2448853,22.81940909,40
109.2448853,22.81931926,40
109.2450649,22.81931926,40
109.2451548,22.81931926,40
109.2452446,22.81931926,40
109.2453344,22.81931926,40
109.2447954,22.81922943,40
109.2452446,22.81922943,40
109.2450649,22.81913959,40
109.2452446,22.81913959,40
109.2453344,22.81913959,40
109.2454243,22.81913959,40
109.2456039,22.81913959,40
109.2421903,22.81904976,40
109.2451548,22.81904976,40
109.2452446,22.81904976,40
109.2453344,22.81904976,40
109.2454243,22.81904976,40
109.2421903,22.81895993,40
109.0746545,22.81878027,40
109.3204336,22.81878027,40
109.3206132,22.81878027,40
109.0746545,22.81869044,40
109.0747444,22.81869044,40
109.2489277,22.81788195,40
109.2490175,22.81770229,40
109.2491074,22.81770229,40
109.249287,22.81770229,40
109.248748,22.81761246,40
109.2490175,22.81761246,40
109.2491074,22.81761246,40
109.2491972,22.81761246,40
109.2490175,22.81752263,40
109.2491074,22.81752263,40
109.2491972,22.81752263,40
109.249287,22.81752263,40
109.4102651,22.81752263,40
109.2490175,22.8174328,40
109.2491074,22.8174328,40
109.249287,22.8174328,40
109.4126007,22.8174328,40
109.2491074,22.81734296,40
109.2491972,22.81734296,40
109.249287,22.81734296,40
109.4122414,22.81734296,40
109.4123312,22.81734296,40
109.4124211,22.81734296,40
109.4125109,22.81734296,40
109.4126007,22.81734296,40
109.4126906,22.81734296,40
109.2493768,22.81725313,40
109.4122414,22.81725313,40
109.4126007,22.81725313,40
109.4122414,22.8171633,40
109.2493768,22.81707347,40
109.2494667,22.81707347,40
109.2467717,22.81698364,40
109.4120617,22.81698364,40
109.2465022,22.81680397,40
109.2465921,22.81680397,40
109.2466819,22.81680397,40
109.2467717,22.81680397,40
109.2468616,22.81680397,40
109.2465022,22.81671414,40
109.2465921,22.81671414,40
109.2466819,22.81671414,40
109.2468616,22.81671414,40
109.2468616,22.81662431,40
109.2471311,22.81662431,40
109.2398547,22.81653448,40
109.2467717,22.81653448,40
109.2471311,22.81653448,40
109.2474006,22.81653448,40
109.4153855,22.81653448,40
109.2394055,22.81644465,40
109.2398547,22.81644465,40
109.2399445,22.81644465,40
109.4153855,22.81644465,40
109.2399445,22.81635482,40
109.3178285,22.81635482,40
109.3180081,22.81635482,40
109.4142177,22.81635482,40
109.4143974,22.81635482,40
109.4152058,22.81635482,40
108.6413971,22.81626499,40
109.2390462,22.81626499,40
109.2399445,22.81626499,40
109.4152957,22.81626499,40
109.4153855,22.81626499,40
108.6414869,22.81617515,40
109.4153855,22.81617515,40
109.2394954,22.81608532,40
109.2398547,22.81608532,40
109.2399445,22.81608532,40
109.3348965,22.81608532,40
109.3349863,22.81608532,40
109.4153855,22.81608532,40
109.4154753,22.81608532,40
109.2397649,22.81599549,40
109.2398547,22.81599549,40
109.240214,22.81599549,40
109.2403039,22.81599549,40
109.2403937,22.81599549,40
109.239675,22.81590566,40
109.2398547,22.81590566,40
109.2399445,22.81590566,40
109.2401242,22.81590566,40
109.2403039,22.81590566,40
109.2427293,22.81590566,40
109.2400344,22.81581583,40
109.2401242,22.81581583,40
109.2401242,22.815726,40
109.3349863,22.815726,40
109.4108041,22.81563616,40
109.4108939,22.81563616,40
109.4109838,22.81563616,40
109.4108041,22.81554633,40
109.1281043,22.8154565,40
109.1281941,22.8154565,40
109.1282839,22.8154565,40
109.1281043,22.81536667,40
109.1282839,22.81536667,40
109.2464124,22.81527684,40
109.2425497,22.81518701,40
109.2405734,22.81509718,40
109.2417412,22.81509718,40
109.2419208,22.81509718,40
109.2424598,22.81509718,40
109.2425497,22.81509718,40
109.2426395,22.81509718,40
109.2464124,22.81509718,40
109.2405734,22.81500734,40
109.2424598,22.81500734,40
109.2425497,22.81500734,40
109.2426395,22.81500734,40
109.24237,22.81491751,40
109.2424598,22.81491751,40
109.2425497,22.81491751,40
109.2427293,22.81491751,40
109.2425497,22.81482768,40
109.316481,22.81482768,40
109.3337287,22.81482768,40
109.3343575,22.81482768,40
109.4118821,22.81482768,40
109.2416513,22.81473785,40
109.2417412,22.81473785,40
109.2416513,22.81437852,40
109.4177211,22.81437852,40
109.4179008,22.81437852,40
109.2480294,22.81428869,40
109.3172895,22.81428869,40
109.3173793,22.81428869,40
109.4179008,22.81428869,40
109.3173793,22.81419886,40
109.3171997,22.81410903,40
109.3173793,22.81410903,40
109.4173618,22.81410903,40
109.3171997,22.8140192,40
109.3172895,22.8140192,40
109.3173793,22.8140192,40
109.4113431,22.8140192,40
109.4114329,22.8140192,40
109.4116126,22.8140192,40
109.2419208,22.81392937,40
109.4111634,22.81392937,40
109.4112533,22.81392937,40
109.4113431,22.81392937,40
109.4115228,22.81392937,40
109.4116126,22.81392937,40
109.1296314,22.81383953,40
109.2413818,22.81383953,40
109.2415615,22.81383953,40
109.4113431,22.81383953,40
109.4135889,22.81383953,40
109.1296314,22.8137497,40
109.1297213,22.8137497,40
109.3298659,22.8137497,40
109.4117024,22.8137497,40
109.413499,22.8137497,40
109.4135889,22.8137497,40
109.417811,22.8137497,40
109.4118821,22.81365987,40
109.4121516,22.81365987,40
109.2421005,22.81357004,40
109.4121516,22.81357004,40
109.1299009,22.81348021,40
109.2421005,22.81348021,40
109.4133194,22.81348021,40
109.413499,22.81348021,40
109.1299009,22.81339038,40
109.4134092,22.81339038,40
109.413499,22.81339038,40
109.4135889,22.81339038,40
109.2420107,22.81330055,40
109.3377711,22.81330055,40
109.4133194,22.81330055,40
109.4134092,22.81330055,40
109.241831,22.81321071,40
109.2420107,22.81321071,40
109.4124211,22.81321071,40
109.4131397,22.81321071,40
109.4134092,22.81321071,40
109.413499,22.81321071,40
109.1316077,22.81312088,40
109.241831,22.81312088,40
109.2420107,22.81312088,40
109.4131397,22.81312088,40
109.1329552,22.81303105,40
109.4131397,22.81303105,40
109.4133194,22.81303105,40
109.4135889,22.81303105,40
109.417811,22.81303105,40
109.241831,22.81294122,40
109.2424598,22.81294122,40
109.4128702,22.81294122,40
109.4129601,22.81294122,40
109.4138584,22.81294122,40
109.4146669,22.81294122,40
109.4147567,22.81294122,40
109.2420107,22.81285139,40
109.2424598,22.81285139,40
109.4126906,22.81285139,40
109.4128702,22.81285139,40
109.4129601,22.81285139,40
109.2424598,22.81276156,40
109.2425497,22.81276156,40
109.4129601,22.81276156,40
109.4130499,22.81276156,40
109.4146669,22.81276156,40
109.4147567,22.81276156,40
109.2420107,22.81267172,40
109.2422802,22.81267172,40
109.24237,22.81267172,40
109.2424598,22.81267172,40
109.2425497,22.81267172,40
109.2438073,22.81267172,40
109.4128702,22.81267172,40
109.4129601,22.81267172,40
109.4146669,22.81267172,40
109.4147567,22.81267172,40
109.2430886,22.81258189,40
109.4146669,22.81258189,40
109.2416513,22.81222257,40
109.4149364,22.81213274,40
109.242909,22.8120429,40
109.2430886,22.8120429,40
109.2421903,22.81195307,40
109.2430886,22.81186324,40
109.2431785,22.81186324,40
109.2432683,22.81186324,40
109.2429988,22.81177341,40
109.2432683,22.81177341,40
109.4141279,22.81105476,40
109.4142177,22.81105476,40
109.4141279,22.81096493,40
109.4142177,22.81096493,40
109.4143075,22.81096493,40
109.4147567,22.81096493,40
109.4141279,22.81087509,40
109.4142177,22.81087509,40
109.4143075,22.81087509,40
109.4142177,22.81078526,40
109.4143974,22.81078526,40
109.4143075,22.81069543,40
109.4143974,22.81069543,40
109.4146669,22.81069543,40
109.4149364,22.81069543,40
109.4150262,22.81069543,40
109.4143075,22.8106056,40
109.4143075,22.81051577,40
109.4144872,22.81051577,40
109.2579108,22.81042594,40
109.2580007,22.81042594,40
109.2587193,22.81042594,40
109.2577312,22.8103361,40
109.2585397,22.8103361,40
109.2586295,22.8103361,40
109.2587193,22.8103361,40
109.415116,22.8103361,40
109.2581803,22.81024627,40
109.2585397,22.81024627,40
109.4189788,22.81024627,40
109.4192483,22.81024627,40
109.257821,22.81015644,40
109.2579108,22.81015644,40
109.2584498,22.81015644,40
109.4154753,22.81015644,40
109.2584498,22.81006661,40
109.4142177,22.81006661,40
109.4170025,22.81006661,40
109.2575515,22.80997678,40
109.2577312,22.80997678,40
109.4142177,22.80997678,40
109.4173618,22.80997678,40
109.4153855,22.80988695,40
109.2534193,22.80961745,40
109.3931073,22.80925813,40
109.393287,22.80916829,40
109.3933768,22.80916829,40
109.2538684,22.80907846,40
109.4169126,22.80898863,40
109.4142177,22.80764116,40
109.4112533,22.80674284,40
109.4113431,22.80674284,40
109.4213144,22.80674284,40
109.4214042,22.80674284,40
109.4073007,22.80665301,40
109.4112533,22.80665301,40
109.4113431,22.80665301,40
109.4111634,22.80656318,40
109.4110736,22.80647335,40
109.4111634,22.80647335,40
109.4114329,22.80647335,40
109.406582,22.80593436,40
109.4130499,22.80593436,40
109.4131397,22.80593436,40
109.4066719,22.80584453,40
109.4066719,22.8057547,40
109.4110736,22.80566487,40
109.4110736,22.80557503,40
109.4112533,22.80521571,40
109.2455141,22.80503604,40
109.2455141,22.80494621,40
109.2597973,22.80485638,40
109.2596176,22.80476655,40
109.2597075,22.80476655,40
109.2597973,22.80476655,40
109.2522515,22.80467672,40
109.2597075,22.80467672,40
109.2522515,22.80458689,40
109.2597075,22.80458689,40
109.2832433,22.80458689,40
109.3201641,22.80458689,40
109.2522515,22.80449706,40
109.3813394,22.80440722,40
109.25836,22.8040479,40
109.2589888,22.8040479,40
109.2518921,22.80395807,40
109.251982,22.80395807,40
109.2581803,22.80395807,40
109.25836,22.80395807,40
109.2517125,22.80386823,40
109.25836,22.80386823,40
109.2584498,22.80386823,40
109.2585397,22.80386823,40
109.2586295,22.80386823,40
109.2590787,22.80386823,40
109.2592583,22.80386823,40
109.2593481,22.80386823,40
109.259438,22.80386823,40
109.2600668,22.80386823,40
109.2606058,22.80386823,40
109.25836,22.8037784,40
109.2585397,22.8037784,40
109.2591685,22.8037784,40
109.2592583,22.8037784,40
109.2593481,22.8037784,40
109.2596176,22.8037784,40
109.2601566,22.8037784,40
109.2588092,22.80368857,40
109.259438,22.80368857,40
109.2587193,22.80359874,40
109.2588092,22.80359874,40
109.2593481,22.80359874,40
109.259438,22.80359874,40
109.2600668,22.80350891,40
109.2499158,22.80323941,40
109.2500057,22.80323941,40
109.2864773,22.80296992,40
109.2494667,22.80288009,40
109.249287,22.80279026,40
109.2493768,22.80279026,40
109.249287,22.80270042,40
109.2494667,22.80270042,40
109.2491972,22.80261059,40
109.2493768,22.80261059,40
109.2494667,22.80261059,40
109.2493768,22.80252076,40
109.2494667,22.80252076,40
109.2491972,22.80243093,40
109.2491972,22.8023411,40
109.249287,22.8023411,40
109.2493768,22.8023411,40
109.2494667,22.8023411,40
109.249287,22.80225127,40
109.2495565,22.80225127,40
109.2442564,22.80216144,40
109.2446158,22.80216144,40
109.2447056,22.80216144,40
109.249287,22.80216144,40
109.2493768,22.80216144,40
109.2494667,22.80216144,40
109.2445259,22.8020716,40
109.2446158,22.8020716,40
109.2447056,22.8020716,40
109.2447954,22.8020716,40
109.249287,22.8020716,40
109.3791834,22.8020716,40
109.2486582,22.80198177,40
109.2447954,22.80189194,40
109.2483887,22.80189194,40
109.2484785,22.80189194,40
109.2537786,22.80189194,40
109.2536888,22.80180211,40
109.2537786,22.80180211,40
109.2762365,22.80153261,40
109.2763263,22.80153261,40
109.2764161,22.80144278,40
109.2760568,22.80135295,40
109.2767755,22.80135295,40
109.2760568,22.80126312,40
109.2761466,22.80126312,40
109.2762365,22.80126312,40
109.2763263,22.80126312,40
109.2758771,22.80117329,40
109.2421903,22.80108346,40
109.2422802,22.80108346,40
109.2420107,22.80099363,40
109.242909,22.80099363,40
109.2792009,22.80099363,40
109.2413818,22.80090379,40
109.2415615,22.80090379,40
109.241831,22.80090379,40
109.2421005,22.80090379,40
109.2425497,22.80090379,40
109.2426395,22.80090379,40
109.2427293,22.80090379,40
109.2430886,22.80090379,40
109.2774043,22.80090379,40
109.241292,22.80081396,40
109.3799021,22.80081396,40
109.3799919,22.80081396,40
109.3944548,22.80081396,40
109.2427293,22.80072413,40
109.3943649,22.80072413,40
109.2410225,22.8006343,40
109.2411123,22.8006343,40
109.2412022,22.8006343,40
109.3585222,22.8006343,40
109.3587018,22.8006343,40
109.2410225,22.80054447,40
109.3585222,22.80054447,40
109.3587018,22.80054447,40
109.3879869,22.80054447,40
109.2411123,22.80045464,40
109.2753382,22.80045464,40
109.3587018,22.80045464,40
109.3587916,22.80045464,40
109.3879869,22.80045464,40
109.3882564,22.80045464,40
109.2410225,22.80036481,40
109.3583425,22.80036481,40
109.3585222,22.80036481,40
109.3587018,22.80036481,40
109.3587916,22.80036481,40
109.3879869,22.80036481,40
109.4148465,22.80036481,40
109.4150262,22.80036481,40
109.2411123,22.80027497,40
109.2412022,22.80027497,40
109.2752483,22.80027497,40
109.3587018,22.80027497,40
109.3587916,22.80027497,40
109.2424598,22.80018514,40
109.2425497,22.80018514,40
109.2751585,22.80018514,40
109.3587916,22.80018514,40
109.24237,22.80009531,40
109.2424598,22.80009531,40
109.2425497,22.80009531,40
109.2739009,22.80009531,40
109.2424598,22.80000548,40
109.2428191,22.80000548,40
109.242909,22.80000548,40
109.273811,22.80000548,40
109.2739009,22.80000548,40
109.2739907,22.80000548,40
109.2414717,22.79991565,40
109.2415615,22.79991565,40
109.2424598,22.79991565,40
109.2426395,22.79991565,40
109.2428191,22.79991565,40
109.242909,22.79991565,40
109.38098,22.79991565,40
109.4161042,22.79991565,40
109.2414717,22.79982582,40
109.2424598,22.79982582,40
109.2425497,22.79982582,40
109.2426395,22.79982582,40
109.2427293,22.79982582,40
109.242909,22.79982582,40
109.2430886,22.79982582,40
109.2485684,22.79982582,40
109.3543899,22.79982582,40
109.3544797,22.79982582,40
109.3545696,22.79982582,40
109.3546594,22.79982582,40
109.3808902,22.79982582,40
109.2414717,22.79973598,40
109.2426395,22.79973598,40
109.2427293,22.79973598,40
109.2428191,22.79973598,40
109.2429988,22.79973598,40
109.3543899,22.79973598,40
109.3544797,22.79973598,40
109.3545696,22.79973598,40
109.2426395,22.79964615,40
109.2427293,22.79964615,40
109.2428191,22.79964615,40
109.2429988,22.79964615,40
109.2430886,22.79964615,40
109.2429988,22.79955632,40
109.2539583,22.79955632,40
109.2540481,22.79955632,40
109.4170923,22.79955632,40
109.2429988,22.79946649,40
109.2430886,22.79946649,40
109.4184398,22.79928683,40
109.2415615,22.799197,40
109.41835,22.799197,40
109.4170923,22.79901733,40
109.3843038,22.7989275,40
109.240753,22.79883767,40
109.384214,22.79883767,40
109.3843038,22.79883767,40
109.3840343,22.79874784,40
109.3841241,22.79874784,40
109.4179008,22.79874784,40
109.4179906,22.79874784,40
109.3550187,22.79865801,40
109.3840343,22.79865801,40
109.3841241,22.79865801,40
109.417811,22.79865801,40
109.4179906,22.79865801,40
109.4180805,22.79865801,40
109.2426395,22.79856817,40
109.3550187,22.79856817,40
109.382058,22.79856817,40
109.3838546,22.79856817,40
109.3840343,22.79856817,40
109.417811,22.79856817,40
109.4179008,22.79856817,40
109.4180805,22.79856817,40
109.2430886,22.79847834,40
109.3818784,22.79847834,40
109.3838546,22.79847834,40
109.3839445,22.79847834,40
109.3840343,22.79847834,40
109.4177211,22.79847834,40
109.4179906,22.79847834,40
109.2419208,22.79838851,40
109.3838546,22.79838851,40
109.3839445,22.79838851,40
109.3840343,22.79838851,40
109.4179008,22.79838851,40
109.3838546,22.79829868,40
109.3845733,22.79829868,40
109.3845733,22.79820885,40
109.3845733,22.79811902,40
109.3851123,22.79793935,40
109.3852919,22.79793935,40
109.2505447,22.79677154,40
109.2506345,22.79677154,40
109.2507243,22.79677154,40
109.2508142,22.79677154,40
109.2515328,22.79641222,40
109.2507243,22.79623255,40
109.2431785,22.79614272,40
109.2506345,22.79605289,40
109.250904,22.79605289,40
109.2510836,22.79605289,40
109.2511735,22.79605289,40
109.2435378,22.79596306,40
109.2506345,22.79596306,40
109.250904,22.79596306,40
109.2509938,22.79596306,40
109.2660855,22.7957834,40
109.2661753,22.7957834,40
109.266355,22.79569357,40
109.2664448,22.79569357,40
109.2842315,22.79569357,40
109.2843213,22.79569357,40
109.2844111,22.79569357,40
109.2518921,22.79560373,40
109.2636601,22.79560373,40
109.2419208,22.79542407,40
109.2550362,22.79542407,40
109.2644685,22.79524441,40
109.2646482,22.79515458,40
109.264738,22.79515458,40
109.2645584,22.79506474,40
109.2646482,22.79506474,40
109.2645584,22.79497491,40
109.2548566,22.79479525,40
109.2644685,22.79479525,40
109.2849501,22.79479525,40
109.28504,22.79479525,40
109.2858484,22.79479525,40
109.2849501,22.79470542,40
109.2857586,22.79470542,40
111.2628607,26.22519183,50
111.2385164,26.20381192,50
111.214711,26.08801908,50
111.2156093,26.08801908,50
110.8163082,25.99791806,50
110.8128946,25.99737907,50
110.8145116,25.99692991,50
110.8121759,25.99675025,50
110.8221472,25.99549261,50
110.8154997,25.99531294,50
110.8194523,25.9943248,50
110.8263693,25.99207901,50
110.8239439,25.99028238,50
110.8257405,25.99010272,50
110.8269083,25.99001288,50
111.0780773,25.94204285,50
111.0952351,25.94015639,50
111.0337903,25.86559622,50
110.6942271,25.80612775,50
109.6103199,25.80567859,50
110.6952153,25.80567859,50
110.6954848,25.80495994,50
109.6093318,25.8048701,50
110.6994374,25.80154634,50
110.6978204,25.80100735,50
110.6984492,25.80091752,50
110.7022222,25.80010903,50
110.7009645,25.79813274,50
109.5617211,25.78852077,50
109.566572,25.77306974,50
109.4955152,25.74450332,50
109.5176138,25.74396433,50
108.9947045,25.74378467,50
110.4887824,25.72923196,50
110.4947113,25.72815398,50
110.4928249,25.72483021,50
110.493813,25.72375223,50
110.494352,25.72375223,50
108.9667669,25.72303358,50
110.4947113,25.72285392,50
110.4917469,25.72150645,50
110.4925554,25.72105729,50
110.4888723,25.72060813,50
110.4906689,25.71988948,50
110.4841112,25.71449959,50
110.4844705,25.71423009,50
110.4860875,25.71423009,50
110.4744094,25.71234363,50
108.9717974,25.71180464,50
110.4744992,25.71171481,50
110.4758467,25.71144531,50
110.4741399,25.71135548,50
110.4817756,25.70982835,50
109.3929276,25.70632492,50
109.4877897,25.70605542,50
110.4771043,25.70362997,50
109.4269738,25.70066553,50
109.4294891,25.70066553,50
109.4311959,25.70030621,50
110.4727026,25.70021637,50
109.4290399,25.70012654,50
109.4264348,25.69967738,50
109.4293094,25.69949772,50
109.4309264,25.69931806,50
110.4734213,25.69662311,50
109.4431435,25.69509598,50
110.4765654,25.69123322,50
110.7580075,25.68997558,50
109.4469164,25.68593316,50
110.478901,25.6857535,50
110.4769247,25.68512468,50
109.4464672,25.68449586,50
109.4466469,25.68422636,50
109.4484435,25.67955512,50
110.438387,25.67703984,50
110.4166477,25.67668051,50
109.447635,25.67587203,50
110.419163,25.67542287,50
110.4223071,25.67497371,50
109.4471859,25.67434489,50
110.4199715,25.67344658,50
110.4373988,25.67317708,50
110.4264394,25.67227877,50
110.4381175,25.67218894,50
110.4210495,25.67200927,50
110.4281462,25.67111096,50
109.458325,25.66266679,50
109.4647929,25.66185831,50
109.467937,25.66024134,50
109.4684759,25.65889387,50
109.4686556,25.65799556,50
109.4643437,25.65709724,50
109.464703,25.65655825,50
109.4684759,25.65440229,50
109.4644335,25.64470049,50
109.4611996,25.63958009,50
109.459403,25.63499868,50
109.4688353,25.62179345,50
109.4695539,25.62161379,50
109.4664098,25.62152395,50
109.464164,25.62098497,50
109.4625471,25.6208053,50
109.4638945,25.62053581,50
109.4752133,25.62035614,50
109.4768303,25.61981716,50
109.4779083,25.61846968,50
109.4749438,25.61829002,50
109.4773693,25.61793069,50
109.4771896,25.61694255,50
109.4791659,25.61622389,50
110.361042,25.61622389,50
109.4797947,25.61577474,50
109.4785371,25.61523575,50
109.4797947,25.61505608,50
109.4798845,25.61505608,50
109.4803337,25.6145171,50
110.3603234,25.61415777,50
109.4815913,25.61209164,50
109.4799744,25.61128316,50
109.4834778,25.60984586,50
109.4829388,25.60921704,50
109.4847355,25.60724074,50
109.4827592,25.60652209,50
109.4851846,25.60319832,50
109.4868016,25.60319832,50
109.4846456,25.60292883,50
110.369576,25.60247967,50
110.3696658,25.60158136,50
109.4861728,25.6011322,50
109.4868016,25.60059321,50
109.4867117,25.59951523,50
110.370115,25.5991559,50
110.3721811,25.59798809,50
109.4870711,25.59744911,50
110.3733489,25.59726944,50
110.8486475,25.59017275,50
110.8399339,25.58819646,50
110.7612415,25.58639983,50
110.8418204,25.58639983,50
110.7634873,25.58505235,50
110.8407424,25.5843337,50
110.7651941,25.58415404,50
109.4829388,25.58352522,50
110.770045,25.58325572,50
109.4842863,25.58307606,50
110.7640262,25.58307606,50
109.484466,25.58074044,50
110.7717518,25.58056078,50
109.4825795,25.57912347,50
110.7722907,25.57840482,50
109.4832083,25.5780455,50
109.4835676,25.57750651,50
109.4832083,25.57705735,50
110.2296185,25.57058948,50
110.2165031,25.57023015,50
110.2324931,25.56978099,50
109.4836575,25.56969116,50
110.2283608,25.56969116,50
110.2322236,25.56960133,50
110.2324033,25.56924201,50
110.2276422,25.56897251,50
110.2255761,25.56717588,50
110.2233303,25.56672672,50
110.2257557,25.56627756,50
110.2221625,25.56600807,50
110.2289897,25.56582841,50
110.2248574,25.56493009,50
110.2256659,25.56457077,50
110.222432,25.56412161,50
110.2247676,25.56358262,50
109.4822202,25.56286397,50
110.2237794,25.56259447,50
110.2245879,25.56259447,50
110.2214438,25.56250464,50
110.2251269,25.56169616,50
109.4798845,25.56151649,50
110.2223421,25.56115717,50
110.2244083,25.55989953,50
110.2231506,25.55918087,50
110.2259354,25.55828256,50
110.2259354,25.55819273,50
110.2245879,25.55765374,50
109.4779083,25.55720458,50
110.2243184,25.55657576,50
109.4777286,25.5544198,50
109.4754828,25.55100621,50
110.221354,25.54965873,50
109.4741353,25.54885025,50
109.4735065,25.54750278,50
109.4735065,25.54723328,50
109.4729675,25.54714345,50
109.4718895,25.54660446,50
109.472159,25.54579598,50
109.4694641,25.54256204,50
110.7767823,25.54148406,50
109.4684759,25.54040608,50
110.7788484,25.54004676,50
109.4670386,25.53995693,50
110.7767823,25.53977726,50
109.4674878,25.53887895,50
110.7759738,25.53780097,50
109.4655115,25.53582468,50
109.465781,25.53510602,50
110.775345,25.53465687,50
110.2262947,25.5344772,50
110.4892316,25.53429754,50
110.7727399,25.53402805,50
109.4645234,25.53312973,50
110.7725602,25.53312973,50
109.4653318,25.53295007,50
109.4647929,25.53286024,50
110.4860875,25.53250091,50
109.4640742,25.53205175,50
109.4644335,25.53124327,50
109.4638945,25.53106361,50
109.4625471,25.52980596,50
110.7699551,25.52845849,50
109.4619182,25.52657203,50
110.1947639,25.5264822,50
109.4613793,25.52630253,50
110.1961113,25.52630253,50
110.1944944,25.5262127,50
110.1961113,25.5262127,50
109.4612894,25.52612287,50
110.7688771,25.52576355,50
110.7697755,25.52504489,50
110.7686077,25.52441607,50
110.1940452,25.52432624,50
109.4604809,25.52405675,50
110.1931469,25.52378725,50
109.4609301,25.52369742,50
110.1933265,25.52324826,50
110.194674,25.5230686,50
109.4586843,25.52199062,50
109.4594928,25.52145163,50
110.1955723,25.5213618,50
110.1949435,25.52028382,50
110.1945842,25.52019399,50
110.1933265,25.51974483,50
109.4703624,25.51812787,50
109.4555402,25.51615157,50
109.4550012,25.51525326,50
109.4548216,25.51282781,50
109.4542826,25.51183966,50
109.45563,25.51183966,50
109.4552707,25.51049219,50
109.4536537,25.51004303,50
109.4530249,25.5065396,50
109.4495215,25.49899375,50
109.4488927,25.49522083,50
109.4473655,25.4931547,50
109.4489825,25.49019026,50
109.4471859,25.48929195,50
109.4470062,25.48893262,50
109.447096,25.48884279,50
110.4205105,25.48767498,50
110.4206003,25.48758515,50
109.4459282,25.48668683,50
109.4458384,25.48399188,50
109.4449401,25.48246475,50
109.4451197,25.4817461,50
109.4435028,25.47725452,50
109.4420655,25.47644604,50
109.442335,25.47375109,50
109.4400892,25.4732121,50
109.4408977,25.47231379,50
109.4378434,25.46907985,50
109.4395502,25.46818154,50
109.4388315,25.46710356,50
109.4347891,25.4652171,50
109.4368552,25.46431878,50
109.4347891,25.46063569,50
109.4345196,25.4600967,50
109.433801,25.45919838,50
109.4298484,25.45084405,50
109.4301179,25.44850843,50
109.4293094,25.44778978,50
109.4328128,25.42344543,50
110.4913876,25.39119592,50
110.4918367,25.39020777,50
110.4922859,25.39020777,50
110.4944418,25.38948912,50
110.4941723,25.38930945,50
110.4940825,25.38895013,50
110.493813,25.3888603,50
110.4934537,25.38877046,50
110.6679963,25.38535687,50
110.667098,25.38499754,50
110.6711404,25.38113478,50
110.6727574,25.38095512,50
110.6714998,25.38077546,50
110.670871,25.38068563,50
110.6747337,25.37987714,50
109.4433231,25.37897883,50
109.4448503,25.37224146,50
109.4369451,25.36173117,50
109.4358671,25.36101252,50
110.3331044,25.35939555,50
109.4336213,25.35714977,50
109.4302077,25.35373617,50
109.4254466,25.35005308,50
109.4253568,25.34978358,50
109.4179906,25.34466318,50
109.4170025,25.34439369,50
109.4176313,25.34394453,50
109.4161042,25.33999194,50
109.415116,25.33487155,50
109.4010125,25.33136812,50
109.4152058,25.3256189,50
109.4150262,25.32229513,50
109.4144872,25.31924086,50
109.4139482,25.31690524,50
109.4139482,25.31636625,50
109.4159245,25.31573743,50
109.414577,25.31528827,50
109.4134092,25.31259333,50
109.4108939,25.30540681,50
109.4116126,25.30172371,50
109.4110736,25.29974742,50
109.4106244,25.29947793,50
109.4095465,25.29938809,50
109.4109838,25.29813045,50
109.4111634,25.29813045,50
109.4103549,25.29759146,50
109.4110736,25.29390837,50
109.4118821,25.29372871,50
109.4094566,25.29031511,50
109.4111634,25.28411673,50
109.4097261,25.28285909,50
109.4081092,25.27899634,50
109.4058634,25.27684038,50
109.4057735,25.27216914,50
109.4063125,25.27180981,50
109.4042464,25.26857588,50
109.4051447,25.26821655,50
109.4028989,25.26659959,50
109.4020006,25.2643538,50
109.4027193,25.26255717,50
109.4004735,25.26174868,50
109.4021803,25.26156902,50
109.399665,25.25914357,50
109.4002938,25.2577961,50
109.3990362,25.25555031,50
109.3966107,25.25375368,50
109.4004735,25.25168755,50
109.3961616,25.25060957,50
109.3993955,25.25060957,50
109.3993955,25.25025025,50
109.3945446,25.2495316,50
109.399126,25.24908244,50
109.3957124,25.24881294,50
109.400743,25.24881294,50
109.4008328,25.24827395,50
109.400204,25.24791463,50
109.4000243,25.2478248,50
109.4018209,25.2478248,50
109.400204,25.24665699,50
109.3934666,25.24629766,50
109.4021803,25.24566884,50
109.4267941,25.24521968,50
109.3992158,25.2409976,50
109.3907717,25.23884164,50
109.4009226,25.23794333,50
109.4011023,25.23345175,50
109.4008328,25.23246361,50
109.4004735,25.23156529,50
109.399126,25.229589,50
109.1963762,25.22141433,50
109.3878072,25.21117353,50
109.3881666,25.20991589,50
109.2041018,25.20784977,50
109.3879869,25.20784977,50
109.3839445,25.20740061,50
109.3854716,25.20686162,50
109.383675,25.20677179,50
109.3856513,25.20650229,50
109.38098,25.2062328,50
109.38098,25.20587347,50
109.3794529,25.20578364,50
109.382597,25.20389718,50
109.381519,25.20317853,50
109.3772071,25.20254971,50
110.3638268,25.20219038,50
109.3779258,25.20066324,50
109.3747817,25.19895645,50
109.3574442,25.19841746,50
109.363912,25.19823779,50
109.3715477,25.19814796,50
109.3610374,25.1979683,50
109.3709189,25.19760897,50
109.3624747,25.19742931,50
109.372985,25.19742931,50
109.3622052,25.19689032,50
109.3711884,25.19680049,50
109.3705596,25.19662083,50
109.3694816,25.19572251,50
109.3667867,25.19554285,50
109.3700206,25.19464453,50
109.364451,25.1945547,50
109.3657087,25.19446487,50
109.3677748,25.19365639,50
109.3656188,25.19257841,50
109.2196426,25.19239874,50
109.3642714,25.19185975,50
109.3622052,25.19123093,50
109.3595103,25.19033262,50
109.2168578,25.18691902,50
109.356456,25.18691902,50
109.217307,25.18638003,50
109.356456,25.18377492,50
109.2168578,25.18260711,50
109.2164087,25.18251728,50
109.3566357,25.18036132,50
109.3565459,25.17847486,50
109.3566357,25.17694772,50
109.3550187,25.17649856,50
109.2192833,25.17569008,50
109.3572645,25.17299513,50
109.2171273,25.17092901,50
109.2169477,25.16967137,50
109.2171273,25.16958154,50
109.3551086,25.16886288,50
109.3565459,25.16832389,50
109.3546594,25.16787474,50
109.357534,25.16787474,50
109.3569052,25.16733575,50
109.3598696,25.16697642,50
109.3541204,25.16607811,50
109.3569052,25.16598827,50
109.3594205,25.16562895,50
109.3698409,25.16517979,50
109.3590611,25.16482046,50
109.2161392,25.16455097,50
109.2166782,25.16365265,50
109.3615764,25.16365265,50
109.3612171,25.16302383,50
109.3585222,25.16266451,50
109.3538509,25.16239501,50
109.3590611,25.16167636,50
109.3581628,25.1614967,50
109.3585222,25.16113737,50
109.3640019,25.15907125,50
109.2133544,25.15862209,50
106.7164871,25.15853226,50
109.3534916,25.15826276,50
109.3612171,25.15691529,50
109.3534916,25.15682546,50
109.3604984,25.15574748,50
109.3527729,25.15475933,50
109.3598696,25.15422034,50
106.6408489,25.15260338,50
109.358073,25.15260338,50
110.4285953,25.15053725,50
109.3563662,25.14883045,50
109.356995,25.14838129,50
109.3560967,25.14739315,50
109.3552882,25.14712365,50
109.2205409,25.14658466,50
109.3546594,25.14649483,50
109.3550187,25.14550669,50
109.2218884,25.14523719,50
106.6404896,25.1449677,50
109.3543899,25.14388972,50
109.355378,25.14362022,50
109.3536713,25.14308123,50
109.3546594,25.14281174,50
107.0635063,25.14245241,50
109.3550187,25.14245241,50
109.3565459,25.14245241,50
109.2003288,25.14227275,50
109.2238647,25.14218292,50
109.2712059,25.14200326,50
109.3560967,25.1415541,50
109.2440768,25.14011679,50
109.3563662,25.1398473,50
109.2455141,25.13930831,50
109.3551984,25.13903882,50
109.2475802,25.13832016,50
109.2485684,25.13823033,50
106.6400404,25.1367032,50
109.3692121,25.13661336,50
107.062069,25.13616421,50
109.3542102,25.13167263,50
109.3529526,25.13095398,50
109.355917,25.13041499,50
109.3527729,25.12700139,50
106.6350099,25.12592341,50
106.6427354,25.12439628,50
109.3512458,25.12349796,50
109.3518746,25.12322847,50
109.347922,25.12035386,50
109.3465746,25.11828773,50
109.3438796,25.11756908,50
109.3452271,25.11747925,50
109.3401067,25.11667077,50
109.3434305,25.11613178,50
109.3405558,25.11604194,50
109.3419932,25.11568262,50
109.3410948,25.11532329,50
109.3385796,25.1147843,50
109.3375016,25.11460464,50
109.332471,25.11451481,50
109.3401965,25.11451481,50
109.3365134,25.11415548,50
109.3452271,25.11415548,50
109.3209726,25.11406565,50
109.3427118,25.11379616,50
109.3216912,25.11343683,50
109.325015,25.11316734,50
109.3402864,25.11271818,50
109.318098,25.11146054,50
109.3138759,25.11074188,50
109.314864,25.11011306,50
109.3144149,25.11002323,50
109.3040842,25.10858593,50
106.5970111,25.10831643,50
109.3018385,25.10768761,50
106.5936874,25.10723845,50
109.2984249,25.10373503,50
109.3007605,25.10355536,50
109.3001317,25.1033757,50
106.6284522,25.10247738,50
106.6297996,25.10041126,50
109.292496,25.09978244,50
109.2904299,25.0985248,50
109.2917773,25.09843496,50
106.6309675,25.0965485,50
109.2877349,25.09600951,50
109.2871061,25.09591968,50
109.2863874,25.09574002,50
109.2840518,25.0934044,50
109.2785721,25.08864333,50
109.2774941,25.08810434,50
107.0157159,25.08774501,50
109.2764161,25.08747552,50
109.2756077,25.08702636,50
109.275967,25.08594838,50
109.2689601,25.08298394,50
108.9355055,25.08289411,50
109.2689601,25.08280428,50
109.2721941,25.08235512,50
107.0222736,25.08046866,50
109.2694093,25.08037883,50
109.2646482,25.07786354,50
109.2638397,25.0766059,50
109.2640194,25.0766059,50
109.2601566,25.07355163,50
109.2518921,25.06322101,50
109.2521616,25.05872943,50
109.2518023,25.05819044,50
109.2712059,25.05738196,50
109.2686008,25.05729212,50
106.9467253,25.05720229,50
109.2723737,25.05657347,50
109.2540481,25.05648364,50
109.2721042,25.05648364,50
109.2728229,25.05648364,50
106.9462761,25.05639381,50
109.2630312,25.05621415,50
109.2695889,25.05621415,50
109.2620431,25.05540566,50
109.2799196,25.05513617,50
109.2830637,25.05486667,50
109.2571922,25.05459718,50
109.2827942,25.05459718,50
109.2558447,25.05441752,50
109.2615041,25.05423785,50
109.2633906,25.05414802,50
109.2824348,25.05360903,50
109.2824348,25.05055476,50
106.9611882,25.0501056,50
109.2831535,25.05001577,50
109.2818959,25.04812931,50
109.2826145,25.04768015,50
109.2814467,25.04705133,50
109.2833332,25.04687167,50
109.2830637,25.0452547,50
109.2809077,25.04417672,50
109.2796501,25.04318857,50
106.9460965,25.04166144,50
106.9443897,25.04157161,50
109.2800992,25.04112245,50
109.2780331,25.04076312,50
110.492735,25.04076312,50
109.2785721,25.03941565,50
109.2763263,25.03815801,50
109.2764161,25.03752919,50
109.276506,25.03600205,50
109.2761466,25.03582239,50
109.2747093,25.0355529,50
106.9506779,25.03546306,50
109.2747093,25.03420542,50
109.273272,25.03312744,50
106.9619068,25.03267829,50
109.2714754,25.02881553,50
109.2714754,25.02818671,50
109.2714754,25.02746806,50
109.2711161,25.02683924,50
109.2706669,25.02585109,50
106.9741239,25.02549176,50
106.9315438,25.02351547,50
109.2701279,25.02225783,50
109.2704873,25.01713743,50
109.2702178,25.01165771,50
106.9981089,25.01075939,50
109.2716551,25.01075939,50
109.2701279,25.0102204,50
106.3846494,25.00779495,50
106.9567864,25.00779495,50
109.2686906,25.00761529,50
106.3825833,25.0073458,50
109.2695889,25.00644748,50
109.2537786,25.00608815,50
109.2680618,25.00554916,50
109.2687805,25.0053695,50
109.2571922,25.00510001,50
109.2675228,25.00510001,50
106.3815053,25.00501018,50
109.251443,25.00456102,50
109.2666245,25.00420169,50
109.240214,25.00402203,50
109.2456039,25.00402203,50
109.2376987,25.00375253,50
109.2633906,25.00375253,50
109.2388666,25.00357287,50
106.9454676,25.00339321,50
109.2374293,25.00339321,50
109.2500057,25.00339321,50
109.260516,25.00330338,50
109.2585397,25.00303388,50
109.2590787,25.00303388,50
106.945288,25.00294405,50
106.9449286,25.00231523,50
109.2387767,25.0019559,50
109.2608753,25.00186607,50
106.9434015,25.00159658,50
109.232219,25.00150675,50
106.9256149,25.0002491,50
109.2315902,24.99971012,50
106.9262437,24.99827281,50
109.2320394,24.99746433,50
106.927681,24.99692534,50
106.9377421,24.99638635,50
106.9385506,24.99629652,50
109.2315902,24.99629652,50
106.92822,24.99602702,50
106.9411557,24.99593719,50
106.9275912,24.99432022,50
106.3471897,24.99162528,50
109.2348241,24.99117612,50
109.2370699,24.9905473,50
110.7395921,24.98946932,50
110.7466888,24.98893033,50
110.7405802,24.98839134,50
109.2379682,24.98785235,50
110.7402209,24.98785235,50
110.7408497,24.9874032,50
106.9416049,24.98722353,50
109.2385971,24.98650488,50
109.2425497,24.98533707,50
109.2465921,24.98470825,50
109.2460531,24.98452859,50
109.2483887,24.98407943,50
109.2473107,24.9837201,50
109.2507243,24.98345061,50
109.2524311,24.98318111,50
109.2544074,24.98264212,50
109.2497362,24.9822828,50
109.2548566,24.98183364,50
106.9285793,24.98156415,50
109.2468616,24.98156415,50
106.9379218,24.98147431,50
106.9275013,24.98138448,50
106.9280403,24.98084549,50
109.2484785,24.98075566,50
110.7608821,24.98048617,50
109.2632109,24.98021667,50
106.9380116,24.97958785,50
106.92822,24.97797089,50
109.2553956,24.97725223,50
109.2676126,24.97662341,50
110.7566601,24.97491661,50
110.7605228,24.9740183,50
109.2712059,24.97365897,50
109.2708466,24.97338948,50
109.2731822,24.97276066,50
109.2720144,24.97177251,50
109.9762936,24.97087419,50
109.2712957,24.9706047,50
106.901001,24.96862841,50
109.9759342,24.96835891,50
109.2736314,24.96773009,50
109.2709364,24.96701144,50
109.2713856,24.96692161,50
106.8986654,24.96656228,50
109.2741703,24.96656228,50
106.9002824,24.96638262,50
109.2708466,24.96584363,50
109.2706669,24.96449616,50
110.2481238,24.96332835,50
106.8974976,24.96314868,50
109.2495565,24.96314868,50
109.2689601,24.96287919,50
106.8836635,24.96260969,50
106.9439405,24.96225037,50
109.266894,24.96225037,50
109.2465022,24.9620707,50
109.2479395,24.9620707,50
109.2564735,24.9620707,50
109.2553057,24.96198087,50
109.2430886,24.96180121,50
109.2444361,24.96171138,50
109.2573719,24.96135205,50
106.8827652,24.96108256,50
108.2812625,24.96108256,50
109.2410225,24.96099273,50
109.2587193,24.96090289,50
108.2557503,24.96000458,50
106.9424134,24.95811812,50
110.0770845,24.95695031,50
110.0819355,24.95695031,50
110.2492916,24.95650115,50
107.1947501,24.95605199,50
106.9190572,24.95587233,50
110.078971,24.95587233,50
109.6356524,24.95560283,50
109.6339456,24.95524351,50
109.6364609,24.95524351,50
110.0812168,24.95461469,50
110.2494713,24.95452486,50
109.6355626,24.95416553,50
110.080049,24.95389604,50
107.1960078,24.9538062,50
110.0812168,24.9538062,50
109.2394954,24.95362654,50
109.2398547,24.95362654,50
110.078971,24.95362654,50
109.2401242,24.95245873,50
109.2400344,24.94877564,50
107.2008587,24.94814682,50
110.4665042,24.94796715,50
110.4668636,24.94787732,50
109.2400344,24.94760783,50
109.2404835,24.94733833,50
109.2401242,24.94536204,50
109.240214,24.94536204,50
109.2393157,24.94473322,50
107.2037333,24.94329592,50
107.2043621,24.94320608,50
109.2394954,24.94284676,50
109.239675,24.94248743,50
109.2384174,24.93682805,50
107.2068774,24.9358399,50
109.2375191,24.9307195,50
106.9336099,24.93000085,50
107.2130758,24.92748557,50
107.2155012,24.92694658,50
107.2549373,24.92002955,50
109.2346445,24.91778376,50
109.961651,24.9173346,50
109.9612019,24.91715494,50
106.9363947,24.9158973,50
109.2348241,24.91437016,50
106.937293,24.91365151,50
109.2350038,24.91329218,50
109.9425169,24.91221421,50
107.2608661,24.91212437,50
106.9359455,24.91185488,50
109.2341055,24.91140572,50
109.9419779,24.91140572,50
108.261769,24.91131589,50
108.26123,24.91041758,50
109.2323987,24.91032774,50
107.2638306,24.91014808,50
108.2487435,24.90942943,50
108.2924914,24.90942943,50
109.9414389,24.9093396,50
109.2323987,24.90889044,50
108.2603317,24.90853111,50
106.9295675,24.90817179,50
109.231141,24.90808196,50
108.2592537,24.90529718,50
109.2296139,24.90529718,50
108.2897965,24.9042192,50
109.2292546,24.90359038,50
106.1906133,24.90053611,50
109.1701454,24.90035644,50
109.166103,24.90026661,50
109.1724811,24.89990729,50
109.167181,24.89972762,50
109.1608928,24.89963779,50
109.1786794,24.89963779,50
109.1643064,24.89927847,50
109.1626894,24.89918863,50
109.1631386,24.89891914,50
109.1599046,24.89838015,50
109.1809252,24.89838015,50
109.1595453,24.89820049,50
107.2707476,24.89802083,50
109.1555927,24.89667335,50
109.184249,24.89496655,50
109.1850575,24.89487672,50
109.1513706,24.89415807,50
109.1861355,24.89361908,50
109.1888304,24.89236144,50
109.1915253,24.89218178,50
109.1899084,24.89173262,50
109.1961966,24.88966649,50
109.1990712,24.88903767,50
109.3871784,24.88643256,50
109.3833157,24.88616306,50
109.3830462,24.88463593,50
107.2806291,24.88436643,50
107.2819765,24.88265963,50
109.151191,24.8825698,50
107.282785,24.88247997,50
106.9137571,24.88212064,50
109.1516401,24.88122233,50
109.3869089,24.88041385,50
109.1527181,24.87951553,50
109.1519995,24.87933587,50
107.2887139,24.87897654,50
106.9117808,24.87870705,50
109.1538859,24.87789856,50
106.910074,24.87762907,50
106.9102537,24.87762907,50
110.4976758,24.8774494,50
109.3840343,24.87726974,50
109.3840343,24.87664092,50
107.2897021,24.87592227,50
109.1472384,24.87313749,50
109.3789139,24.87214934,50
107.656035,24.87196968,50
107.656035,24.87179002,50
107.2927563,24.87152052,50
105.0359188,24.87053238,50
105.0471478,24.86855608,50
106.9129486,24.86819676,50
110.5018978,24.86738827,50
108.5938762,24.86568147,50
110.6247874,24.8646035,50
110.6259552,24.8646035,50
107.2972479,24.86406451,50
108.5882168,24.86127973,50
110.6224518,24.8609204,50
108.585971,24.85786613,50
107.3092853,24.85544068,50
107.308387,24.85526102,50
109.1339433,24.8543627,50
107.3098243,24.85427287,50
106.9010909,24.85049995,50
106.9017197,24.85049995,50
106.9028875,24.85041011,50
109.1317874,24.84870332,50
109.1324162,24.84708635,50
109.1308891,24.84358292,50
109.1315179,24.84322359,50
109.1475977,24.84241511,50
109.1449028,24.84151679,50
109.1462503,24.84070831,50
109.1448129,24.83989983,50
109.1519096,24.83963033,50
109.1425672,24.8395405,50
109.1515503,24.8395405,50
107.3285093,24.83621673,50
107.3281499,24.83567774,50
107.3310246,24.83379128,50
110.0903796,24.83289297,50
110.0903796,24.83154549,50
106.8411732,24.831276,50
110.0937932,24.83073701,50
110.0892118,24.83001836,50
110.096578,24.82687425,50
110.1002611,24.82669459,50
110.0963983,24.82597594,50
110.1037645,24.82579628,50
110.1008899,24.82507762,50
110.0927152,24.82498779,50
110.0946017,24.82462847,50
110.0957695,24.82435897,50
110.0972068,24.82399965,50
110.0947814,24.82381998,50
110.1008001,24.82337082,50
110.094961,24.82283184,50
110.0968475,24.82076571,50
110.0966678,24.82004706,50
110.0983746,24.8198674,50
110.0970271,24.81932841,50
110.0963983,24.81914874,50
110.0999018,24.81914874,50
107.3304856,24.81905891,50
110.1064595,24.81860975,50
106.8429699,24.81843009,50
110.0977458,24.81726228,50
110.0985543,24.81717245,50
110.2894463,24.81672329,50
110.0983746,24.81600464,50
110.2993278,24.81573514,50
110.2951057,24.81519616,50
110.2969921,24.81510632,50
110.3007651,24.81492666,50
110.2947463,24.81483683,50
107.3259042,24.814747,50
110.296004,24.814747,50
110.2912429,24.81456734,50
110.2975311,24.81456734,50
107.3251855,24.81429784,50
110.7568397,24.81411818,50
107.3250058,24.8130402,50
107.3255448,24.81106391,50
107.3250957,24.81052492,50
107.3257245,24.80944694,50
107.325994,24.80881812,50
109.1491249,24.80872829,50
107.3256347,24.80827913,50
107.3264431,24.80199092,50
107.326533,24.80064345,50
107.3262635,24.80028412,50
110.6069109,24.79947564,50
105.0524478,24.79740951,50
107.3272516,24.79408575,50
105.0408596,24.79219928,50
105.0543343,24.79031282,50
107.3284194,24.78986366,50
107.3281499,24.78977383,50
107.3302161,24.78591108,50
105.0360087,24.78582125,50
109.8725382,24.78573141,50
109.8732568,24.78555175,50
107.3308449,24.78465344,50
107.3319229,24.78267714,50
105.0300798,24.78222798,50
110.7085104,24.7814195,50
107.3330009,24.78007203,50
107.3330009,24.7780059,50
110.5233676,24.77683809,50
108.8718149,24.77647877,50
108.8728031,24.77638894,50
105.0590055,24.77567028,50
105.0620598,24.77279567,50
104.9978303,24.77153803,50
110.73537,24.76920241,50
110.7563906,24.76677696,50
109.1433756,24.7665973,50
110.8101997,24.76551932,50
110.7483057,24.76542949,50
110.7363581,24.76515999,50
110.7653737,24.76399218,50
105.0617903,24.76390235,50
110.577536,24.7634532,50
110.7450718,24.7634532,50
109.149574,24.76291421,50
110.7386039,24.76291421,50
104.9371042,24.76264471,50
110.7396819,24.76246505,50
110.7425565,24.76246505,50
104.9484229,24.76219555,50
104.9481534,24.76138707,50
104.9467161,24.76120741,50
109.158647,24.76075825,50
104.9516569,24.76030909,50
104.9465365,24.76021926,50
104.9403381,24.75994977,50
104.9516569,24.7597701,50
104.9400686,24.75959044,50
104.9442907,24.75923111,50
109.1604436,24.75923111,50
107.3454874,24.75905145,50
104.9405178,24.75887179,50
104.9477941,24.75869212,50
109.1590962,24.7580633,50
104.9409669,24.75770398,50
104.9512077,24.75752431,50
109.1639471,24.75680566,50
109.1640369,24.756626,50
109.1643962,24.75644634,50
109.1652945,24.75572768,50
109.1689776,24.75563785,50
109.1683488,24.75554802,50
109.1679895,24.75500903,50
109.1796676,24.75447004,50
109.1758947,24.75393105,50
109.1793981,24.75393105,50
109.1768828,24.75330223,50
109.1805659,24.75303274,50
109.1768828,24.75231409,50
109.1788591,24.75195476,50
107.3475536,24.7517751,50
109.1816439,24.75132594,50
109.1848778,24.75096661,50
104.8952427,24.75087678,50
104.9244379,24.75087678,50
104.8931765,24.75069712,50
104.8935359,24.74934965,50
111.3088545,24.74916998,50
104.8933562,24.74791234,50
109.1855965,24.74791234,50
104.8808696,24.74692419,50
107.3500688,24.74692419,50
109.1863151,24.74674453,50
107.3498892,24.74620554,50
104.8943443,24.74593605,50
110.6689845,24.74548689,50
110.6684455,24.74539706,50
109.1856863,24.74404959,50
104.876378,24.74395975,50
107.3512367,24.7435106,50
109.1871236,24.74333093,50
109.1868541,24.74297161,50
107.3506977,24.7418038,50
110.5814886,24.73973767,50
104.8708085,24.73506643,50
104.5226215,24.73264098,50
104.8668559,24.73165283,50
111.3005001,24.7298562,50
111.2867559,24.72823924,50
109.1812845,24.72743075,50
109.1800269,24.72698159,50
111.2889119,24.72698159,50
109.1786794,24.72689176,50
109.1789489,24.72689176,50
111.7877463,24.72572395,50
109.1811049,24.72554429,50
109.1798472,24.72509513,50
111.2881932,24.72473581,50
111.2914272,24.72401715,50
111.2921458,24.72320867,50
111.2874746,24.72293918,50
109.1749065,24.7215917,50
110.5865191,24.7215917,50
109.1754455,24.7201544,50
104.860388,24.71952558,50
111.2791202,24.71817811,50
111.2793897,24.71817811,50
109.8349886,24.71763912,50
110.6742845,24.71763912,50
104.8616457,24.7170103,50
104.8601185,24.71692046,50
110.6743744,24.71638147,50
111.2800185,24.71611198,50
107.3231194,24.71575265,50
104.5825391,24.715034,50
109.1709539,24.71440518,50
111.2700472,24.71422552,50
111.2704964,24.71395602,50
111.2926848,24.7133272,50
104.8613762,24.71296788,50
111.2890017,24.71233906,50
107.3217719,24.71215939,50
111.2887322,24.71180007,50
111.283522,24.7116204,50
111.2825338,24.71135091,50
111.2890915,24.71108141,50
111.2879237,24.71054243,50
109.0648629,24.70982377,50
104.5114824,24.70856613,50
107.3219516,24.707039,50
111.2788507,24.707039,50
111.2806474,24.70694916,50
111.2765151,24.70578135,50
104.5110332,24.70551186,50
107.3218617,24.70524237,50
110.5979278,24.70515253,50
111.2734608,24.70416439,50
109.1636776,24.69967281,50
107.3241974,24.69715753,50
107.323838,24.69625921,50
109.165025,24.69616938,50
109.1653844,24.69572022,50
109.1651149,24.69500157,50
111.2898102,24.69482191,50
111.2900797,24.69446258,50
107.3263533,24.69320494,50
107.3273415,24.69320494,50
109.1656539,24.69185747,50
109.1662827,24.69104898,50
107.3277906,24.69086932,50
111.2868457,24.69006084,50
111.2848694,24.68970151,50
111.2843305,24.68907269,50
107.3294076,24.68898286,50
109.168259,24.68889303,50
107.3294076,24.6885337,50
109.1668217,24.68799471,50
107.3309347,24.68745572,50
110.5995447,24.68628791,50
109.168259,24.68610825,50
111.2844203,24.68592859,50
107.3304856,24.6853896,50
109.16772,24.68494044,50
107.3332703,24.68413196,50
109.167181,24.68350314,50
111.2873847,24.681976,50
109.1686183,24.68152684,50
111.2877441,24.68116752,50
109.1684386,24.68089802,50
109.1670912,24.68080819,50
109.1687081,24.68080819,50
109.210929,24.68017937,50
109.199161,24.67964038,50
107.3386602,24.67937088,50
109.1970051,24.67928105,50
109.2134442,24.67910139,50
111.2887322,24.67910139,50
109.1971847,24.6785624,50
109.2058086,24.67847257,50
109.2065272,24.67847257,50
109.1939508,24.67838274,50
109.214612,24.67838274,50
109.1977237,24.67802341,50
111.2870254,24.67802341,50
109.2006882,24.67793358,50
109.1923338,24.67784375,50
109.2024848,24.67784375,50
109.1681691,24.67766409,50
109.2004187,24.67748442,50
109.2181155,24.67748442,50
109.1982627,24.67739459,50
109.1964661,24.6771251,50
109.1947593,24.67658611,50
109.1979932,24.67658611,50
109.2201816,24.67658611,50
109.1697861,24.67586746,50
109.1892796,24.67523863,50
109.2206308,24.67523863,50
107.3395586,24.6751488,50
109.1937711,24.67505897,50
104.8452065,24.67487931,50
109.1704149,24.67460981,50
109.1894592,24.67460981,50
104.8451167,24.67407082,50
109.1683488,24.67398099,50
109.1838897,24.67398099,50
104.8417929,24.67389116,50
111.2866661,24.67362167,50
107.3393789,24.67290301,50
109.1722116,24.67272335,50
107.3400077,24.6717352,50
107.3402772,24.67146571,50
107.339828,24.67065723,50
109.2244935,24.66921992,50
110.6480537,24.66921992,50
110.6485927,24.66904026,50
107.3405467,24.66868093,50
104.6239514,24.66769279,50
107.3383009,24.66697413,50
107.3383907,24.66643514,50
109.2246732,24.66616565,50
107.3391094,24.6651775,50
104.6261972,24.66499784,50
104.6258379,24.66427919,50
110.4369497,24.66409953,50
111.2898102,24.66365037,50
104.6272752,24.6634707,50
109.2262003,24.66302155,50
109.2235054,24.66293172,50
104.6294312,24.6620334,50
104.6278142,24.66131475,50
109.2251223,24.65772149,50
104.4884855,24.65637401,50
104.4839041,24.65574519,50
107.3368636,24.6552062,50
109.2262901,24.65439772,50
109.223685,24.65367907,50
109.2237749,24.65367907,50
110.608438,24.65305025,50
104.472765,24.65287058,50
110.6082584,24.65278075,50
107.3364144,24.65224176,50
109.2254817,24.65224176,50
109.2270088,24.65152311,50
109.2328478,24.6506248,50
104.4715073,24.64990614,50
109.2335665,24.64963665,50
107.3349771,24.64837901,50
109.2360818,24.64658238,50
107.3348873,24.64631288,50
109.2350936,24.64631288,50
107.3354263,24.64622305,50
110.6070906,24.64514507,50
110.6078092,24.64487558,50
109.2395852,24.64370777,50
109.2438073,24.64137215,50
109.2421903,24.64020434,50
104.7513326,24.64002468,50
110.6073601,24.63975518,50
107.3365941,24.63903653,50
109.2426395,24.63822804,50
107.3371331,24.63795855,50
107.3373128,24.63786872,50
107.3383907,24.63759922,50
107.3384806,24.63661108,50
110.6208348,24.6352636,50
110.619128,24.63490428,50
108.2005039,24.63481445,50
110.6280213,24.63472462,50
107.3411755,24.63463478,50
110.6266738,24.6338263,50
110.6242484,24.63346697,50
110.6257755,24.63337714,50
107.3434213,24.63328731,50
110.616433,24.63292798,50
107.3470146,24.63256866,50
107.3462061,24.6321195,50
107.3496197,24.62996354,50
111.8853034,24.62789742,50
107.3524045,24.62663978,50
110.2737258,24.62637028,50
110.2803733,24.62592113,50
110.2779478,24.62421433,50
109.2444361,24.62268719,50
107.3596808,24.61639898,50
110.6635946,24.61639898,50
107.3621961,24.61478202,50
107.3632741,24.61352437,50
107.3639927,24.6124464,50
108.2355382,24.61064977,50
107.3660589,24.60993111,50
107.3664182,24.60993111,50
108.2401196,24.60939212,50
107.3666877,24.60930229,50
107.3673165,24.60921246,50
109.8046255,24.6087633,50
109.8013018,24.60849381,50
107.3458468,24.60759549,50
107.3680351,24.60741583,50
107.3685741,24.607326,50
107.3700114,24.60696667,50
108.2508096,24.60696667,50
107.3680351,24.60669718,50
108.2221533,24.60552937,50
108.2429942,24.60552937,50
109.7939356,24.60525987,50
110.6740151,24.60517004,50
108.2427247,24.60508021,50
108.2495519,24.60508021,50
108.2185601,24.60490055,50
108.2503604,24.60463105,50
108.2506299,24.60463105,50
108.253235,24.60454122,50
108.2418264,24.60427173,50
108.2182007,24.6041819,50
110.6741049,24.60382257,50
108.244162,24.60373274,50
108.247396,24.60337341,50
108.2478451,24.60337341,50
108.2531452,24.60310392,50
108.2509892,24.60274459,50
108.2536842,24.60256493,50
108.2517977,24.60193611,50
108.2499113,24.60184628,50
108.2397603,24.60175644,50
107.3729759,24.60166661,50
107.3736945,24.60103779,50
108.2515282,24.6007683,50
107.3749522,24.60067847,50
107.3788149,24.59816318,50
109.7992356,24.59816318,50
110.6738354,24.59762419,50
109.8015713,24.59717504,50
109.8053442,24.59528857,50
107.3832167,24.59358178,50
110.6751829,24.5925038,50
107.3818692,24.59214447,50
107.3826777,24.59124616,50
107.3859116,24.590797,50
110.678866,24.58783256,50
107.3867201,24.58666475,50
110.6966526,24.58666475,50
110.7018628,24.58612576,50
110.684166,24.58603593,50
110.6823694,24.58585626,50
109.2435378,24.58549694,50
110.7100375,24.58468845,50
107.3900439,24.58379014,50
107.389954,24.58262233,50
108.2711115,24.58244267,50
111.1074522,24.58244267,50
110.7125528,24.582263,50
107.393188,24.58154435,50
110.7088697,24.57965789,50
110.7094087,24.57857991,50
110.7049171,24.57849008,50
110.711385,24.57849008,50
110.7043781,24.57795109,50
107.3953439,24.57777143,50
110.7053663,24.57777143,50
110.7075222,24.57768159,50
110.7087799,24.57723244,50
110.7056358,24.57660362,50
107.4028898,24.57651378,50
109.2472209,24.57624429,50
107.4023508,24.57615446,50
107.4035186,24.5759748,50
110.701773,24.57552564,50
111.1117641,24.57552564,50
111.1126624,24.57363918,50
110.6963831,24.57274086,50
110.6976407,24.5722917,50
107.4089085,24.57184255,50
109.2847705,24.57175271,50
108.4813173,24.57139339,50
108.4727833,24.57130356,50
108.4719748,24.57094423,50
107.4115136,24.56986625,50
110.6891966,24.56959676,50
110.686322,24.56815945,50
107.4137594,24.56753063,50
111.1177828,24.56735097,50
110.6827287,24.56681198,50
110.6803931,24.56492552,50
107.4188798,24.5640272,50
107.4185205,24.56393737,50
111.1258676,24.56303906,50
107.41879,24.56285939,50
108.5097939,24.56285939,50
110.6813812,24.56196108,50
110.6803931,24.56169158,50
107.4195984,24.56133226,50
111.1270355,24.56115259,50
111.125149,24.5608831,50
109.2020356,24.56025428,50
109.8010323,24.56016445,50
109.1015142,24.55818815,50
110.667637,24.55755933,50
109.1979034,24.5574695,50
109.102143,24.55693051,50
107.4245392,24.55666102,50
110.6644929,24.55666102,50
107.4222934,24.55639152,50
109.7919593,24.55630169,50
109.1983525,24.55612203,50
109.798517,24.55495422,50
110.6588335,24.55369658,50
107.4260663,24.55360675,50
109.1988017,24.55360675,50
110.6599115,24.55360675,50
110.6600013,24.55360675,50
107.4276833,24.55306776,50
108.4689205,24.55127113,50
108.5287483,24.54974399,50
108.4687409,24.549205,50
110.6576657,24.54902534,50
108.4694595,24.54866601,50
108.4689205,24.54830668,50
110.6570369,24.54803719,50
108.2896168,24.5474982,50
107.4333427,24.54642022,50
107.4334325,24.5460609,50
110.6577555,24.5460609,50
108.6304376,24.5457914,50
110.6575759,24.5457914,50
109.2705771,24.54525241,50
109.2673432,24.54489309,50
109.2650075,24.54345578,50
107.433163,24.54309646,50
107.4334325,24.5426473,50
107.435858,24.54255747,50
108.4581407,24.5423778,50
110.6556894,24.54165915,50
107.4379241,24.53932353,50
107.4373851,24.5392337,50
109.2472209,24.53905404,50
107.4380139,24.53851505,50
107.4388224,24.53851505,50
109.2185646,24.53797606,50
107.4375647,24.53734724,50
109.251982,24.53635909,50
110.6547911,24.53635909,50
109.2505447,24.53348448,50
110.6563182,24.53339465,50
109.2501853,24.53330482,50
107.905048,24.53321499,50
109.2526108,24.53312516,50
110.6547013,24.53312516,50
108.8546571,24.53294549,50
107.4414275,24.53258617,50
110.6566776,24.5324065,50
108.8492672,24.53186752,50
108.3904078,24.53168785,50
107.9069345,24.53141836,50
109.2485684,24.53132853,50
108.5493197,24.52944206,50
108.3583379,24.52791493,50
108.4178064,24.52791493,50
108.3895993,24.52737594,50
108.4176267,24.52728611,50
108.4184352,24.52683695,50
107.4440326,24.52665729,50
108.4182555,24.5258488,50
109.248209,24.5258488,50
108.4181657,24.52521998,50
107.4455598,24.52504032,50
111.0981097,24.52405217,50
109.2465022,24.52324369,50
111.097391,24.52090807,50
107.4463682,24.51974026,50
109.2438971,24.51875211,50
109.2441666,24.51803346,50
108.7860258,24.51731481,50
108.7970751,24.51632666,50
107.4485242,24.51560801,50
109.2437175,24.51470969,50
109.2417412,24.5141707,50
107.4503208,24.51390121,50
107.4513988,24.51372155,50
107.4508598,24.51363171,50
109.2428191,24.51309273,50
109.2406632,24.51300289,50
109.2413818,24.51282323,50
107.4574175,24.5095893,50
107.4573277,24.50949946,50
107.4613701,24.50896048,50
107.4620888,24.50779267,50
107.4624481,24.507613,50
108.7741681,24.50518755,50
109.2380581,24.50303159,50
107.4721499,24.50123496,50
109.7185669,24.50042648,50
109.2385971,24.49943833,50
109.2377886,24.49782137,50
109.2388666,24.49746204,50
109.2394055,24.49710271,50
107.4754737,24.49638406,50
107.476372,24.49530608,50
107.7695821,24.49521625,50
107.4778093,24.49512642,50
107.4782584,24.49476709,50
109.2375191,24.4944976,50
108.7132623,24.49404844,50
109.2374293,24.49341962,50
107.7687736,24.49261114,50
107.4815822,24.49252131,50
109.2373394,24.49225181,50
107.4819415,24.4913535,50
108.6917925,24.49126366,50
107.4814025,24.491084,50
109.2381479,24.491084,50
109.2798297,24.49018569,50
109.2831535,24.48982636,50
109.285579,24.48973653,50
109.2792907,24.48928737,50
109.2813569,24.48928737,50
107.4846365,24.48919754,50
108.7237726,24.48910771,50
109.2851298,24.48892804,50
109.2880942,24.48874838,50
109.2863874,24.48865855,50
109.2866569,24.48776023,50
109.2872858,24.48776023,50
107.4837382,24.4876704,50
109.2884536,24.4876704,50
109.2860281,24.48749074,50
109.2853095,24.48722125,50
109.2864773,24.48695175,50
109.2891722,24.48659242,50
107.485445,24.48506529,50
107.484906,24.48425681,50
109.2383276,24.48425681,50
107.4847263,24.48380765,50
109.2391361,24.48380765,50
107.4859839,24.48362798,50
107.4845466,24.48335849,50
109.2951909,24.483089,50
107.4845466,24.48255001,50
109.2412022,24.48246017,50
109.2719246,24.48237034,50
107.4853551,24.48156186,50
109.2397649,24.48102287,50
110.91135,24.48084321,50
107.4847263,24.48066354,50
109.2971672,24.48066354,50
109.2422802,24.48057371,50
110.9096432,24.48057371,50
109.2408429,24.48048388,50
110.9147636,24.48030422,50
109.2976164,24.47985506,50
110.9043431,24.47958557,50
110.9082957,24.47949573,50
110.9061397,24.47886691,50
110.9084753,24.47868725,50
107.4858941,24.47850759,50
109.2417412,24.47814826,50
107.4865229,24.4779686,50
109.3023774,24.4779686,50
109.2435378,24.47778894,50
109.2991435,24.47778894,50
110.9029956,24.47778894,50
110.9025465,24.47751944,50
107.4861636,24.47733978,50
110.6993475,24.47716011,50
109.3008503,24.47671096,50
107.484906,24.47662113,50
109.0982802,24.47653129,50
110.9032651,24.47608214,50
107.4871518,24.4759923,50
109.3048029,24.47536348,50
109.3046232,24.47464483,50
110.9038041,24.47446517,50
109.2461429,24.47419567,50
109.3057012,24.47410584,50
107.4876009,24.47401601,50
110.9055109,24.47401601,50
109.2488379,24.47320753,50
109.250365,24.47302786,50
110.9068584,24.47159056,50
110.9076669,24.47123123,50
109.2518023,24.47105157,50
109.257282,24.47078208,50
109.2547667,24.47069224,50
110.9072177,24.47069224,50
110.9059601,24.46988376,50
109.3091148,24.46961427,50
109.2623126,24.46898545,50
109.3076775,24.46889561,50
109.2724635,24.46871595,50
109.2698584,24.46835662,50
109.2696788,24.4679973,50
109.2639296,24.46682949,50
109.2707567,24.46584134,50
109.3091148,24.46566168,50
109.2666245,24.46557185,50
109.3097436,24.46539218,50
109.3105521,24.46494303,50
109.3100131,24.46449387,50
110.7942096,24.46350572,50
107.4879602,24.4631464,50
107.5565915,24.46108027,50
109.3120793,24.46045145,50
107.5553339,24.45793617,50
109.3129776,24.45748701,50
109.3119894,24.45542088,50
109.3134267,24.45470223,50
107.4935298,24.45263611,50
109.3128877,24.45245644,50
108.6733771,24.4497615,50
107.5021536,24.44859369,50
110.6918017,24.44814453,50
110.691622,24.44787504,50
109.3136962,24.44688689,50
109.3152234,24.44670723,50
107.4983807,24.44607841,50
109.3131572,24.44553942,50
109.3142352,24.44509026,50
109.315942,24.44365295,50
107.5233539,24.44257498,50
109.3173793,24.44050885,50
109.3183675,24.44050885,50
107.5238928,24.44041902,50
110.6904542,24.44032919,50
109.3161217,24.43844273,50
109.3154929,24.4380834,50
109.3167505,24.43799357,50
109.3162115,24.43790374,50
109.3160318,24.43727492,50
107.5220962,24.43673593,50
109.3179183,24.4366461,50
107.5209284,24.43655626,50
107.5180538,24.4363766,50
107.5236234,24.43628677,50
107.526498,24.43610711,50
107.5220962,24.43592744,50
107.5261386,24.43592744,50
107.5266776,24.43565795,50
109.3189064,24.43484946,50
109.3184573,24.43413081,50
107.5193114,24.43404098,50
109.3184573,24.4332325,50
109.3187268,24.4332325,50
109.318098,24.432963,50
107.5210182,24.43215452,50
107.5193114,24.43197486,50
109.318098,24.43170536,50
107.516347,24.43134603,50
107.5154487,24.43107654,50
109.4995577,24.43107654,50
109.5091696,24.43080705,50
109.5089001,24.43062738,50
109.4929101,24.43008839,50
109.5129426,24.42999856,50
109.5159968,24.42963924,50
109.5140205,24.4295494,50
109.5155477,24.42945957,50
109.5156375,24.42945957,50
109.4914728,24.42936974,50
109.489227,24.42901042,50
109.4882389,24.42892058,50
109.5155477,24.42883075,50
109.490844,24.42856126,50
107.5141012,24.42820193,50
109.3207929,24.42820193,50
109.4876999,24.42820193,50
109.4877897,24.42802227,50
109.5136612,24.42793244,50
109.515907,24.42703412,50
109.316481,24.42694429,50
109.5159968,24.42676463,50
109.4855439,24.42631547,50
109.4856338,24.42586631,50
109.4863524,24.42568665,50
109.4859033,24.42550699,50
109.5170748,24.42505783,50
109.5157273,24.42451884,50
109.4825795,24.42406968,50
109.4860829,24.42397985,50
109.5162663,24.42353069,50
109.5184223,24.4232612,50
109.5195003,24.4232612,50
109.4824897,24.4229917,50
109.5165358,24.42245271,50
109.5177036,24.42236288,50
109.4832083,24.42083575,50
109.5168053,24.42065608,50
109.481771,24.42047642,50
109.4840168,24.42029676,50
109.5190511,24.41975777,50
109.4821303,24.4195781,50
109.5172545,24.41948827,50
109.3194454,24.41769164,50
109.4815913,24.41733232,50
109.481771,24.41724248,50
109.5195003,24.41634417,50
109.3184573,24.41607468,50
109.516446,24.41598484,50
109.5163561,24.41526619,50
109.3168403,24.41481703,50
109.5168053,24.41373906,50
109.5174341,24.41320007,50
109.4789862,24.41221192,50
109.4790761,24.41212209,50
109.5171646,24.41086445,50
109.3151335,24.41050512,50
109.4804235,24.41032546,50
109.5145595,24.41005596,50
109.5124934,24.40978647,50
109.5093493,24.40951697,50
109.4785371,24.40933731,50
109.5145595,24.40906782,50
109.5071035,24.40861866,50
109.5116849,24.408439,50
109.3163912,24.40834916,50
109.4786269,24.40825933,50
109.5072832,24.4081695,50
109.4787167,24.40807967,50
109.506295,24.40807967,50
109.5133917,24.40790001,50
109.5109663,24.40754068,50
109.5123137,24.40727119,50
109.3146844,24.40691186,50
109.4791659,24.40682203,50
109.5096188,24.40682203,50
109.4786269,24.40664236,50
109.4779083,24.4064627,50
109.5118646,24.40628304,50
110.6924305,24.40583388,50
109.3136962,24.40556439,50
109.476471,24.40556439,50
109.5048577,24.40556439,50
109.3144149,24.40520506,50
109.5062052,24.40493557,50
109.5047679,24.40484573,50
109.5094391,24.4047559,50
109.5053069,24.40457624,50
109.5050374,24.40412708,50
109.5029713,24.40358809,50
109.5066543,24.4030491,50
109.5055764,24.40259995,50
109.5030611,24.40233045,50
109.5029713,24.40188129,50
109.4760218,24.40125247,50
109.5043187,24.40107281,50
109.4997373,24.40044399,50
109.473237,24.40035416,50
110.9412639,24.40035416,50
109.5001865,24.39999483,50
109.3124386,24.39927618,50
109.5033306,24.39900668,50
109.4712607,24.39891685,50
110.7018628,24.39882702,50
110.7065341,24.3984677,50
109.4998271,24.3981982,50
110.7124629,24.39810837,50
109.4719794,24.39801854,50
109.4969525,24.39792871,50
109.3114504,24.39783887,50
110.9446775,24.39738972,50
110.9448571,24.39738972,50
109.4435926,24.39729989,50
109.4685658,24.39729989,50
110.7167749,24.39721005,50
109.4658708,24.39712022,50
109.4996475,24.39694056,50
110.9451266,24.3967609,50
109.4537436,24.3964914,50
109.467398,24.3964914,50
109.4491622,24.39640157,50
109.4541927,24.39640157,50
109.4981203,24.39640157,50
109.4354179,24.39622191,50
109.4387417,24.39622191,50
109.4387417,24.39604224,50
109.4546419,24.39604224,50
109.4580555,24.39604224,50
109.4974915,24.39604224,50
109.4984797,24.39559309,50
109.4386519,24.39550326,50
109.4404485,24.39550326,50
109.4689251,24.39550326,50
109.3083962,24.39523376,50
109.3100131,24.39523376,50
109.4685658,24.39523376,50
109.4317348,24.39514393,50
109.4302077,24.3947846,50
109.4468265,24.39451511,50
109.458864,24.39451511,50
109.4671285,24.39451511,50
109.4585046,24.39442528,50
109.4983,24.39442528,50
109.4592233,24.39433545,50
109.4502401,24.39415578,50
109.4512283,24.39406595,50
109.4526656,24.39397612,50
109.4953356,24.39352696,50
109.4956949,24.39325747,50
109.4576063,24.39289814,50
109.4587741,24.39262865,50
109.4936288,24.3916405,50
109.4973119,24.39128117,50
109.4932694,24.39101168,50
110.9416232,24.39092185,50
110.9424317,24.39083202,50
110.9385689,24.39011336,50
109.4961441,24.38975404,50
109.4974915,24.38966421,50
110.9372214,24.38957437,50
109.3042639,24.38813707,50
110.9362333,24.38813707,50
109.4938983,24.38777774,50
109.4938084,24.38750825,50
110.7242309,24.3867896,50
109.4936288,24.38643027,50
109.4956949,24.38607094,50
110.7245004,24.3850828,50
110.725219,24.3848133,50
109.3054317,24.38409465,50
109.3046232,24.38301667,50
109.4947068,24.37960307,50
109.3049826,24.37933358,50
107.5693476,24.37870476,50
109.4970424,24.37789628,50
109.4948864,24.37726745,50
109.3065995,24.37717762,50
109.4956949,24.37717762,50
109.4969525,24.37690813,50
109.3080368,24.37636914,50
109.496683,24.37502167,50
109.3092046,24.37493184,50
109.4965034,24.37457251,50
109.4948864,24.37448268,50
109.3123487,24.37394369,50
109.3127979,24.37385386,50
109.3135166,24.37385386,50
109.4973119,24.37367419,50
108.3099187,24.37304537,50
110.7380649,24.37250638,50
109.3194454,24.37241655,50
109.3132471,24.37223689,50
109.3137861,24.37223689,50
109.325554,24.37088942,50
109.3432508,24.37053009,50
109.4964135,24.37044026,50
109.3292371,24.37017076,50
109.3408253,24.36972161,50
109.3405558,24.36954194,50
109.3413643,24.36954194,50
109.3347168,24.36936228,50
109.4980305,24.36936228,50
109.3375914,24.36792498,50
109.4957847,24.36729616,50
109.3441491,24.36621818,50
107.5709646,24.36585885,50
110.7436345,24.36549952,50
109.4982102,24.36505037,50
109.3478322,24.36451138,50
109.4965034,24.36397239,50
109.349,24.36388256,50
109.3566357,24.36307407,50
109.3619358,24.36163677,50
109.3623849,24.36136727,50
109.3573543,24.36100795,50
109.3585222,24.36082829,50
109.3616663,24.36064862,50
109.3574442,24.3602893,50
109.3650799,24.35975031,50
109.3588815,24.35939098,50
109.3659782,24.35930115,50
109.4969525,24.35894182,50
109.4956949,24.35849267,50
109.4957847,24.35786384,50
109.366068,24.35741469,50
109.368224,24.35696553,50
109.4953356,24.35642654,50
109.3744223,24.35454008,50
109.3814292,24.35445025,50
109.3818784,24.35400109,50
109.4946169,24.35274345,50
107.6120176,24.35238412,50
109.3834055,24.35229429,50
108.65047,24.3517553,50
108.6482243,24.35094682,50
108.6438225,24.35076715,50
108.6498412,24.35049766,50
108.643014,24.350318,50
108.6419361,24.3500485,50
108.6404089,24.34995867,50
108.654243,24.34995867,50
108.6379835,24.34986884,50
108.6488531,24.34986884,50
108.6503802,24.34950951,50
107.6067175,24.34941968,50
108.6354682,24.34932985,50
108.6375343,24.34879086,50
108.6427445,24.34825187,50
108.6365462,24.34798238,50
108.6345699,24.34789255,50
108.6409479,24.34753322,50
108.6323241,24.34636541,50
108.6390614,24.34627558,50
108.6334919,24.34618575,50
107.6054599,24.34564676,50
107.605909,24.3451976,50
108.6374445,24.34465861,50
109.3929276,24.34447895,50
108.6376241,24.34438912,50
108.6288206,24.34367046,50
109.4889575,24.34358063,50
109.4889575,24.3434908,50
107.6067175,24.34304164,50
109.4891372,24.34250265,50
109.490844,24.34232299,50
107.6068073,24.34106535,50
109.4894965,24.34106535,50
107.6059989,24.34016703,50
107.6027649,24.33935855,50
107.6027649,24.33801108,50
109.4863524,24.33765175,50
109.4859033,24.33729242,50
109.4846456,24.33594495,50
109.5934316,24.33576529,50
107.6120176,24.3349568,50
107.6095023,24.33360933,50
107.6117481,24.3335195,50
109.4829388,24.3335195,50
109.4840168,24.33342967,50
109.4829388,24.33316017,50
107.6036632,24.33271102,50
107.6055497,24.33244152,50
109.484466,24.33199236,50
107.6029446,24.33154321,50
107.60537,24.33109405,50
109.4830287,24.32965674,50
109.4815913,24.32929742,50
109.4813219,24.32857877,50
107.6026751,24.32552449,50
107.6004293,24.32534483,50
107.6045616,24.32534483,50
107.5990818,24.32444652,50
107.6022259,24.32390753,50
107.6062684,24.32345837,50
107.6002496,24.32336854,50
107.6012378,24.32273972,50
107.6041124,24.32264989,50
109.4754828,24.3218414,50
109.4760218,24.32157191,50
107.6032141,24.32130241,50
107.6066277,24.32112275,50
109.4733268,24.31977528,50
109.1760743,24.31959561,50
109.1784998,24.31950578,50
110.7423768,24.31851764,50
109.4744947,24.3184278,50
107.6034836,24.31815831,50
109.4715302,24.31806848,50
109.4718895,24.31797865,50
110.7421972,24.31788881,50
109.1723912,24.31752949,50
109.4725184,24.31725999,50
107.6041124,24.3169905,50
109.1743675,24.31681084,50
107.6056395,24.31663117,50
109.1754455,24.31663117,50
109.1738285,24.31654134,50
107.6033938,24.31645151,50
107.6074362,24.31636168,50
107.60537,24.31618202,50
109.1670013,24.31537353,50
109.1754455,24.31537353,50
109.1700556,24.31483454,50
111.2226162,24.31474471,50
107.6042022,24.31456505,50
109.1667318,24.31429555,50
109.1652945,24.31411589,50
109.1696064,24.31393623,50
109.166103,24.31267859,50
109.167181,24.31258875,50
109.4692844,24.31222943,50
109.4686556,24.3121396,50
109.4673081,24.31195993,50
107.6065379,24.31160061,50
110.741748,24.31151078,50
109.1636776,24.31133111,50
107.6047412,24.31034297,50
107.6059989,24.31034297,50
107.6082447,24.3101633,50
109.1612521,24.30998364,50
109.1616114,24.30899549,50
109.1656539,24.30881583,50
109.1625098,24.30854634,50
107.6114786,24.30836667,50
107.6108498,24.30818701,50
107.609143,24.30755819,50
107.6108498,24.30719886,50
109.1608928,24.30692937,50
107.6066277,24.30683954,50
107.6121074,24.30549206,50
111.7019572,24.30549206,50
107.6088735,24.30522257,50
110.7418379,24.30495307,50
107.6107599,24.30441409,50
107.6079752,24.30333611,50
107.6110294,24.30315644,50
107.6121074,24.30162931,50
109.4590436,24.30144964,50
107.6109396,24.30037167,50
107.6107599,24.29992251,50
111.7085149,24.29938352,50
109.4579657,24.29902419,50
110.7463294,24.29884453,50
107.6123769,24.29821571,50
109.4576962,24.29677841,50
107.6117481,24.29489194,50
109.4582351,24.29264616,50
109.4585945,24.29264616,50
107.6125566,24.29228683,50
107.6100413,24.2919275,50
109.4584148,24.29058003,50
110.7560312,24.29058003,50
110.7575584,24.28995121,50
111.7135455,24.28932239,50
107.614443,24.28833424,50
107.6131854,24.28770542,50
109.45563,24.28608845,50
107.6117481,24.28492064,50
107.6120176,24.28474098,50
109.631071,24.28447149,50
109.4569775,24.28429182,50
107.6121972,24.28420199,50
107.6143532,24.28420199,50
107.6125566,24.28330368,50
107.6121972,24.28321384,50
109.4564385,24.28312401,50
107.6146227,24.28285452,50
109.4563487,24.28213587,50
107.6129159,24.28204603,50
107.6101311,24.28150705,50
108.9025373,24.28114772,50
109.4536537,24.28096806,50
108.8999322,24.28078839,50
107.6119277,24.28006974,50
109.4544622,24.27997991,50
109.4533842,24.27971041,50
110.7640262,24.27917143,50
107.6095023,24.27827311,50
111.4176404,24.27683581,50
111.417371,24.27656631,50
107.6116583,24.27593749,50
111.4172811,24.27441035,50
110.770045,24.27387137,50
109.4536537,24.27342221,50
110.7699551,24.27297305,50
109.4528453,24.27279339,50
109.4530249,24.2722544,50
109.1848778,24.26794248,50
110.7654636,24.2674035,50
111.7107607,24.26722383,50
109.1837998,24.26695434,50
110.7640262,24.26282209,50
109.4808727,24.26273226,50
109.6702376,24.26264242,50
109.4538334,24.26246276,50
109.6648477,24.26246276,50
109.6659256,24.26237293,50
109.4799744,24.26174411,50
109.6665545,24.26156445,50
109.67428,24.26129495,50
109.6623324,24.26111529,50
109.4651522,24.26102546,50
109.613464,24.26093563,50
109.6632307,24.26084579,50
109.4720692,24.26066613,50
109.6779631,24.25994748,50
110.7630381,24.25985765,50
109.4557199,24.25958815,50
109.4578758,24.25931866,50
109.6794902,24.25895933,50
109.4824897,24.2588695,50
109.6152607,24.2588695,50
109.6272083,24.2588695,50
109.6791309,24.25860001,50
109.6152607,24.25851017,50
109.4834778,24.25815085,50
109.4835676,24.25806102,50
109.6115776,24.25779152,50
109.6836225,24.25770169,50
109.4617386,24.25752203,50
109.4857236,24.25752203,50
109.6124759,24.25752203,50
109.6229862,24.25752203,50
109.6810173,24.25725253,50
110.7648347,24.25707287,50
109.6821852,24.25662371,50
110.7659127,24.25662371,50
109.4854541,24.25635422,50
109.6256811,24.25590506,50
109.6563137,24.25563557,50
109.6084335,24.2554559,50
110.7642059,24.25518641,50
110.7681585,24.25509658,50
110.7651042,24.25491691,50
109.6552357,24.25455759,50
110.7677992,24.25455759,50
110.5273202,24.25446776,50
109.687575,24.25428809,50
109.605469,24.25419826,50
109.6557747,24.25365927,50
109.6892818,24.25356944,50
109.6531696,24.25329995,50
109.6482288,24.25321011,50
110.7681585,24.25321011,50
109.6431983,24.25312028,50
110.7596245,24.25303045,50
110.7695958,24.25285079,50
109.6074453,24.25276096,50
109.6067267,24.25258129,50
109.6456237,24.25258129,50
110.7712128,24.2523118,50
109.6888327,24.25195247,50
110.7699551,24.25177281,50
109.6922463,24.25141348,50
105.8763826,24.25087449,50
109.7008701,24.25033551,50
109.6981752,24.25006601,50
109.7002413,24.25006601,50
110.7744467,24.24988635,50
109.7064397,24.24979652,50
109.7183873,24.24979652,50
110.7756145,24.24979652,50
109.7100329,24.24952702,50
109.697187,24.24943719,50
111.1675495,24.24943719,50
109.7045532,24.24934736,50
109.7110211,24.24934736,50
109.715333,24.24925753,50
109.4777286,24.24907786,50
109.7180279,24.24907786,50
109.6454441,24.24898803,50
110.5260625,24.24898803,50
110.5270507,24.24898803,50
110.7761535,24.24898803,50
110.5270507,24.2488982,50
109.722789,24.24880837,50
109.7034752,24.24853887,50
109.6060978,24.24835921,50
109.6062775,24.24835921,50
109.7133567,24.24826938,50
109.6052894,24.24799989,50
110.5322609,24.24791005,50
110.7847773,24.24782022,50
105.8774606,24.24764056,50
109.7145245,24.24764056,50
109.6066368,24.24737106,50
105.8783589,24.2471914,50
109.4765608,24.24674224,50
110.7925927,24.24656258,50
110.5313626,24.24629309,50
110.7796569,24.24620325,50
109.5845383,24.24611342,50
110.7819027,24.24602359,50
109.607086,24.24584393,50
109.4772794,24.24557443,50
110.7948385,24.24557443,50
108.5005412,24.2454846,50
110.9492589,24.24539477,50
109.7328501,24.24503544,50
110.7942995,24.24503544,50
109.5852569,24.24458629,50
110.7920537,24.24458629,50
110.7926825,24.24449646,50
109.5873231,24.24440662,50
110.7946588,24.24431679,50
110.7947486,24.24413713,50
110.5296558,24.24386764,50
109.4766506,24.2437778,50
109.733479,24.2437778,50
109.7346468,24.2437778,50
110.5292066,24.2437778,50
109.4741353,24.24341848,50
109.4770998,24.24341848,50
109.5877722,24.24341848,50
109.5803162,24.24287949,50
109.584179,24.24287949,50
109.5848078,24.24287949,50
110.7944791,24.24278966,50
109.5822027,24.24260999,50
110.7951978,24.24252016,50
109.5914553,24.2423405,50
109.7374315,24.24216084,50
109.5819332,24.24180151,50
109.7345569,24.24171168,50
110.5270507,24.24135235,50
110.7949283,24.24135235,50
110.794569,24.24081336,50
109.5940604,24.2406337,50
110.5266913,24.2406337,50
109.5962164,24.24045404,50
110.525254,24.24045404,50
109.4749438,24.24036421,50
109.6091521,24.23991505,50
110.7953775,24.23973538,50
110.7948385,24.23964555,50
110.9450368,24.23946589,50
109.5951384,24.23910656,50
109.5774416,24.23901673,50
110.5224693,24.23883707,50
110.5234574,24.23883707,50
110.7959164,24.23856757,50
110.9444978,24.23856757,50
109.6092419,24.23838791,50
109.5953181,24.23820825,50
109.6096013,24.23802859,50
109.7410248,24.23784892,50
109.4735065,24.23775909,50
109.5076425,24.23766926,50
109.738779,24.23704044,50
109.4742252,24.23686078,50
109.4744947,24.23668111,50
109.4735065,24.23659128,50
109.506834,24.23623196,50
109.5092595,24.23596246,50
105.8792572,24.23587263,50
109.5066543,24.23560313,50
109.5102476,24.23497431,50
109.6004385,24.23488448,50
109.4741353,24.23479465,50
110.5218404,24.23479465,50
109.5117747,24.23470482,50
109.7419231,24.23398617,50
109.7407553,24.23389634,50
109.6019656,24.2338065,50
109.6012469,24.23371667,50
109.6084335,24.23371667,50
109.5061154,24.23362684,50
109.5094391,24.23362684,50
109.5067442,24.23326751,50
109.5256986,24.23308785,50
109.4719794,24.23299802,50
109.7440791,24.23263869,50
109.5146493,24.23254886,50
109.6059182,24.23227937,50
109.6050199,24.2320997,50
109.5157273,24.23192004,50
109.4735963,24.23183021,50
109.6079843,24.23165055,50
109.6037622,24.23129122,50
109.4739557,24.23111156,50
109.5172545,24.23102173,50
109.5031509,24.23084206,50
109.5252495,24.23021324,50
109.526058,24.22994375,50
109.7441689,24.22994375,50
109.5282139,24.22985392,50
109.4741353,24.22958442,50
109.4747642,24.22949459,50
109.4740455,24.22931493,50
109.474315,24.22931493,50
109.7443486,24.2292251,50
109.4745845,24.22859628,50
109.7441689,24.22823695,50
109.5017136,24.22670981,50
109.4758421,24.22608099,50
109.5018933,24.22590133,50
109.5743873,24.22590133,50
109.4742252,24.22518268,50
109.7425519,24.2241047,50
109.7438096,24.22401487,50
109.5036899,24.22329622,50
109.5752856,24.22320638,50
109.5755551,24.22311655,50
109.4754828,24.22284706,50
109.7411146,24.22284706,50
109.500995,24.22275723,50
109.5014441,24.22275723,50
109.5772619,24.22194874,50
109.5027916,24.22167925,50
109.5006356,24.22042161,50
109.4781777,24.21997245,50
109.4800642,24.21970295,50
109.5011746,24.21961312,50
109.5006356,24.2192538,50
109.480154,24.2189843,50
109.7399468,24.2189843,50
109.4784472,24.21889447,50
109.4797049,24.21889447,50
109.5015339,24.21862498,50
105.8901268,24.21853514,50
109.499917,24.21853514,50
109.5789687,24.21790632,50
109.4821303,24.21772666,50
109.7380604,24.21709784,50
109.4991085,24.21575037,50
109.73824,24.21521138,50
109.4898558,24.21449273,50
109.4971322,24.21440289,50
109.7391383,24.21422323,50
109.4878796,24.21395374,50
109.4970424,24.2138639,50
109.4944373,24.21359441,50
109.4975814,24.21215711,50
109.7350959,24.21045031,50
109.5868739,24.21009098,50
109.731862,24.20793502,50
109.587862,24.20766553,50
110.8296931,24.20550957,50
109.7288077,24.20488075,50
109.7272806,24.20452143,50
110.8294236,24.20398244,50
109.7240466,24.20371294,50
109.5879519,24.20254513,50
111.7201032,24.20236547,50
110.8322084,24.20227564,50
109.721172,24.20083833,50
109.7195551,24.20011968,50
110.834005,24.19886204,50
111.7214507,24.19814339,50
109.5550735,24.19787389,50
110.8355321,24.1976044,50
111.7218998,24.19742473,50
109.5559719,24.1973349,50
109.5595651,24.19706541,50
109.5593855,24.19679591,50
109.558038,24.19616709,50
109.5592956,24.19580777,50
109.7156923,24.19553827,50
109.7129974,24.19544844,50
109.5697161,24.19472979,50
109.5645957,24.19437046,50
109.5777111,24.19428063,50
109.5792382,24.1941908,50
109.571333,24.19410097,50
109.5767229,24.19401114,50
109.5772619,24.19401114,50
109.5701652,24.19374164,50
111.7307033,24.19320265,50
109.5704347,24.19284333,50
111.7329491,24.19185518,50
110.8331067,24.18996872,50
109.7081465,24.18960939,50
110.8327474,24.1893399,50
110.832927,24.18862125,50
105.9592073,24.18700428,50
110.8317592,24.18673478,50
105.971065,24.18637546,50
109.708416,24.18601613,50
105.9739397,24.1856568,50
110.8310406,24.1856568,50
105.9729515,24.18556697,50
110.8309507,24.18448899,50
110.8308609,24.18412967,50
110.8305016,24.18323135,50
110.8285253,24.18116523,50
105.965226,24.17811096,50
110.8244829,24.17730247,50
110.8246625,24.17721264,50
109.2323089,24.17415837,50
109.7058108,24.17370921,50
109.7081465,24.17352955,50
107.2994039,24.17272106,50
111.7648393,24.17263123,50
107.2990445,24.17119393,50
107.2994039,24.1708346,50
109.7064397,24.17047528,50
107.309465,24.17011595,50
107.3005717,24.16948713,50
109.7074278,24.16921764,50
109.7063498,24.16813966,50
107.30147,24.16760067,50
107.3124294,24.16751084,50
111.7516341,24.16643286,50
107.3047938,24.16634303,50
111.7602579,24.16625319,50
107.3015598,24.16607353,50
110.810559,24.16589387,50
111.7581918,24.16589387,50
107.5188623,24.16562437,50
109.7094041,24.16535488,50
107.3109023,24.16508538,50
109.7085058,24.16481589,50
107.3073989,24.16472606,50
111.7386983,24.16472606,50
109.7083261,24.16463623,50
107.309465,24.16445656,50
111.755407,24.16418707,50
107.3055124,24.16409724,50
107.3127888,24.16391757,50
107.3118006,24.16373791,50
107.2708374,24.16364808,50
107.3039853,24.16364808,50
110.8103793,24.16355825,50
111.7533409,24.16355825,50
107.3064107,24.16328875,50
110.8101098,24.16319892,50
107.3044344,24.16310909,50
107.3085667,24.16301926,50
107.3069497,24.16292943,50
107.3106328,24.16274976,50
107.310004,24.16265993,50
109.7072481,24.16265993,50
107.3073989,24.1625701,50
107.3091955,24.1625701,50
109.7075176,24.1625701,50
107.3054226,24.16212094,50
107.3074887,24.16212094,50
111.7444475,24.16203111,50
111.7581918,24.16203111,50
107.309465,24.16131246,50
107.2705679,24.16077347,50
110.809481,24.16068364,50
111.7524426,24.16050398,50
107.5416795,24.16023448,50
107.5412303,24.15996499,50
110.8101098,24.15987516,50
107.5249708,24.15906667,50
107.5418592,24.15897684,50
107.5244318,24.15888701,50
107.5316184,24.15888701,50
107.5414998,24.15870735,50
107.5371879,24.15807853,50
107.5373676,24.1577192,50
107.3117108,24.15762937,50
107.5361099,24.15753954,50
107.3130583,24.1574497,50
107.5399727,24.15700055,50
110.8096607,24.15700055,50
107.3156634,24.15664122,50
107.315843,24.15664122,50
107.5503033,24.15646156,50
107.5593763,24.15619206,50
107.5582085,24.1560124,50
110.8099302,24.15592257,50
110.8102895,24.15574291,50
107.5331455,24.15565307,50
107.534493,24.15529375,50
107.3141362,24.15520392,50
107.527037,24.15520392,50
107.3133277,24.15511409,50
107.3172803,24.15511409,50
111.7581019,24.15511409,50
107.5567712,24.15502425,50
107.5564119,24.15493442,50
107.5569509,24.15493442,50
107.5288336,24.15484459,50
107.3178193,24.15466493,50
107.5593763,24.1545751,50
107.5622509,24.1543056,50
107.3155735,24.15421577,50
107.31746,24.15421577,50
107.549405,24.15412594,50
107.5691679,24.15403611,50
107.3166515,24.15385644,50
107.53072,24.15385644,50
107.5319777,24.15385644,50
107.3136871,24.15358695,50
107.5555135,24.15358695,50
107.3151244,24.15349712,50
107.5633289,24.15295813,50
107.3205143,24.1528683,50
110.8076844,24.1528683,50
107.5322472,24.15268863,50
107.3159329,24.15250897,50
107.5614424,24.15250897,50
107.3205143,24.15232931,50
107.5651255,24.15214964,50
107.5355709,24.15205981,50
107.5268573,24.15134116,50
107.5549746,24.15134116,50
107.3202448,24.15125133,50
107.3176397,24.1511615,50
107.3222211,24.15071234,50
107.3152142,24.15053268,50
107.3208736,24.15035301,50
107.575546,24.14990386,50
107.3178193,24.14963436,50
107.3198854,24.14954453,50
107.5286539,24.14954453,50
107.4754737,24.14900554,50
107.3227601,24.14846655,50
107.3220414,24.14837672,50
107.3229397,24.14819706,50
109.7112906,24.1477479,50
107.3262635,24.14765807,50
107.3234787,24.14738857,50
107.3312941,24.14702925,50
107.5756358,24.14702925,50
107.3217719,24.14684958,50
107.3255448,24.14675975,50
107.4825703,24.14675975,50
107.3223109,24.14622076,50
107.516347,24.14559194,50
107.3250058,24.14550211,50
107.3285093,24.14523262,50
107.327072,24.14496312,50
107.3327314,24.14496312,50
107.4825703,24.14496312,50
107.5085317,24.1443343,50
107.506196,24.14406481,50
107.4799652,24.14361565,50
107.3331805,24.14325632,50
107.483289,24.14307666,50
107.325994,24.14298683,50
107.4818517,24.142897,50
107.5092503,24.14280717,50
107.3338093,24.14271733,50
107.510508,24.14271733,50
107.5108673,24.14226818,50
107.4828398,24.14208851,50
107.481672,24.14190885,50
106.3992919,24.14128003,50
107.482211,24.1411902,50
107.505657,24.14038171,50
109.7145245,24.14029188,50
107.3449484,24.14020205,50
107.5171555,24.14011222,50
107.3427027,24.13984273,50
107.5151792,24.13813593,50
107.3452179,24.13786643,50
107.5158978,24.13759694,50
107.5167063,24.13732744,50
107.3450383,24.13723761,50
107.3457569,24.13723761,50
109.715872,24.13714778,50
107.3458468,24.13705795,50
107.5178741,24.13696812,50
107.5096995,24.13687828,50
107.5176046,24.13615963,50
107.3462959,24.13553081,50
109.7179381,24.13544098,50
107.5151792,24.13535115,50
109.7182076,24.13535115,50
107.5141012,24.13427317,50
107.4844568,24.13409351,50
107.3466552,24.13400368,50
107.4852653,24.13346469,50
107.5092503,24.13337486,50
107.4848161,24.13310536,50
107.5184131,24.13256637,50
107.5145504,24.13238671,50
107.50943,24.13220705,50
107.4821212,24.13211721,50
107.5159877,24.13139856,50
107.4821212,24.13103924,50
107.5070045,24.13050025,50
107.483828,24.13041041,50
107.516886,24.13005109,50
107.50943,24.12996126,50
107.5198504,24.12960193,50
107.50943,24.1295121,50
107.4847263,24.12933244,50
107.5170657,24.12915277,50
107.5082622,24.12897311,50
107.5177843,24.12897311,50
107.5191318,24.12852395,50
107.5201199,24.12843412,50
107.5045791,24.12834429,50
107.5071842,24.12834429,50
107.5149097,24.12834429,50
107.5213776,24.12798496,50
107.5133826,24.1278053,50
107.5214674,24.12771547,50
107.5218267,24.12663749,50
107.4983807,24.12627816,50
107.3604893,24.12618833,50
107.3611181,24.12591884,50
110.8081335,24.12537985,50
107.5149995,24.12475103,50
107.3632741,24.1246612,50
110.8076844,24.1243917,50
110.807864,24.12394254,50
107.3709996,24.12376288,50
110.807864,24.12376288,50
107.3676758,24.12340356,50
107.3641724,24.12331372,50
107.36543,24.12331372,50
107.3709098,24.12331372,50
110.807864,24.12277473,50
109.7240466,24.12250524,50
107.517964,24.12241541,50
107.4881399,24.12214591,50
107.3775573,24.12205608,50
107.3763895,24.12196625,50
107.3735149,24.12151709,50
106.3974953,24.12142726,50
107.3754912,24.12142726,50
109.7207229,24.12142726,50
107.4866128,24.12133743,50
107.3774675,24.12106794,50
107.4874212,24.12088827,50
107.3732454,24.12043912,50
107.3745928,24.12016962,50
107.3725267,24.12007979,50
107.492362,24.11998996,50
106.4000106,24.11990013,50
107.4889484,24.11981029,50
107.4942484,24.11972046,50
110.8075047,24.11972046,50
107.377737,24.11936114,50
107.3842947,24.11936114,50
107.3671368,24.11927131,50
107.4158255,24.11882215,50
107.3773776,24.11855265,50
109.7167703,24.11828316,50
107.3853726,24.11819333,50
107.4853551,24.11819333,50
106.4017174,24.117834,50
110.809481,24.11774417,50
109.71695,24.11756451,50
107.5187725,24.11729501,50
107.3754912,24.11702552,50
107.356896,24.11675602,50
107.3656097,24.11666619,50
107.5316184,24.1163967,50
107.5274861,24.11630686,50
107.3527638,24.11621703,50
107.3875286,24.11621703,50
107.3861811,24.1161272,50
109.7112906,24.1161272,50
110.8093912,24.1161272,50
109.7114702,24.11603737,50
108.3942705,24.11576788,50
107.3917507,24.11567804,50
109.6980853,24.11567804,50
107.3957931,24.11558821,50
109.6992531,24.11549838,50
106.3962377,24.11540855,50
107.5273963,24.11522889,50
109.6928751,24.11486956,50
107.3892354,24.11477973,50
109.6887429,24.11460007,50
107.3949846,24.11433057,50
109.6888327,24.11397125,50
107.3973202,24.11361192,50
107.3994762,24.11352209,50
107.348901,24.1127136,50
107.3913913,24.11226445,50
107.4117831,24.11190512,50
107.4120526,24.11190512,50
107.3970507,24.11172546,50
107.4009135,24.11172546,50
107.393188,24.1112763,50
106.3954292,24.11064748,50
107.4880501,24.11037798,50
106.3916563,24.11028815,50
110.8041809,24.11010849,50
107.4840076,24.10876102,50
107.489128,24.10876102,50
107.3468349,24.10849152,50
107.489667,24.10768304,50
107.4837382,24.10750337,50
107.4546327,24.10723388,50
107.484906,24.10687455,50
107.4895772,24.10660506,50
107.4872416,24.10651523,50
107.4906552,24.10651523,50
109.0910937,24.10624573,50
107.4876009,24.10552708,50
107.4841873,24.10534742,50
107.4820314,24.10525759,50
107.42409,24.10480843,50
107.4897569,24.10462877,50
107.4879602,24.10453893,50
107.4855348,24.1044491,50
107.4869721,24.1044491,50
110.8015758,24.10399995,50
107.4868823,24.10391011,50
107.4861636,24.10382028,50
108.4135843,24.10373045,50
109.0837275,24.10337112,50
107.4619989,24.10310163,50
107.4874212,24.1030118,50
107.4602921,24.10265247,50
107.4146577,24.10256264,50
107.4152865,24.10238298,50
107.4716109,24.10220331,50
107.4872416,24.10202365,50
109.083997,24.10112534,50
107.4926315,24.10094567,50
107.4930806,24.10094567,50
109.0830089,24.10094567,50
107.4537344,24.10076601,50
107.4876009,24.10067618,50
107.4522971,24.10022702,50
107.4878704,24.10004736,50
107.4192391,24.09995753,50
107.4897569,24.0998677,50
107.4497818,24.0995982,50
107.4900264,24.0995982,50
109.6780529,24.09950837,50
107.4284918,24.09941854,50
107.4517581,24.09807106,50
107.433702,24.09798123,50
110.8029233,24.09744224,50
107.4336122,24.09717275,50
107.4478055,24.09681342,50
107.433702,24.09654393,50
107.4301986,24.0964541,50
107.4458293,24.09627443,50
110.8035521,24.09609477,50
107.4311867,24.09573544,50
110.8048996,24.09573544,50
107.4931705,24.09519646,50
107.4333427,24.09492696,50
109.6771546,24.0947473,50
107.4535548,24.09465747,50
106.3808765,24.09456763,50
107.4654125,24.09348966,50
107.4578667,24.09339983,50
107.4357681,24.09330999,50
107.433163,24.09295067,50
107.4355885,24.09286084,50
108.4193335,24.09268117,50
107.4366664,24.09241168,50
106.3783612,24.09214218,50
109.6758071,24.09196252,50
107.4640651,24.09187269,50
107.4453801,24.09142353,50
107.4962247,24.09124387,50
107.4434936,24.09097437,50
107.4443919,24.09070488,50
107.4432241,24.09043538,50
107.4671193,24.09034555,50
107.4396309,24.09007606,50
107.4664905,24.09007606,50
109.0796851,24.09007606,50
107.4979315,24.08998623,50
107.4942484,24.0898964,50
107.4949671,24.0898964,50
107.4612803,24.08980656,50
109.6773342,24.08980656,50
107.4746652,24.08971673,50
107.4762821,24.0896269,50
107.4959552,24.08953707,50
107.4955959,24.08944724,50
109.6760766,24.08935741,50
107.4964942,24.08908791,50
106.3829426,24.08899808,50
109.6762563,24.08881842,50
107.4414275,24.08872859,50
109.6777834,24.08854892,50
106.3769239,24.08827943,50
107.4658617,24.08774044,50
106.3786307,24.08720145,50
107.4958654,24.08720145,50
107.4402597,24.08684212,50
107.4972129,24.08684212,50
107.501974,24.08675229,50
107.4945179,24.08666246,50
107.4408885,24.08639297,50
107.4414275,24.08639297,50
107.4711617,24.08639297,50
107.5006265,24.08639297,50
107.4378342,24.08603364,50
107.4950569,24.08603364,50
107.4538243,24.08594381,50
107.4720601,24.08594381,50
107.4584057,24.08576415,50
107.4798754,24.08576415,50
107.4586752,24.08558448,50
106.3786307,24.0845065,50
107.5001773,24.08441667,50
107.4963146,24.08414718,50
107.4988299,24.08405735,50
107.4783483,24.08378785,50
107.4974824,24.08378785,50
109.6775139,24.08369802,50
107.4946078,24.08324886,50
110.7988809,24.08324886,50
107.4354986,24.0830692,50
107.4793364,24.08297937,50
107.4837382,24.0827997,50
109.6774241,24.0827997,50
110.7973537,24.0827997,50
106.3793493,24.08262004,50
107.4988299,24.08262004,50
107.4696346,24.08235055,50
107.5035909,24.08217088,50
107.5059265,24.08208105,50
107.4905654,24.08163189,50
107.5040401,24.0813624,50
107.4905654,24.08127257,50
109.6761664,24.08127257,50
107.5089808,24.08109291,50
107.4423258,24.08100307,50
107.4889484,24.08100307,50
110.8005877,24.08064375,50
107.4916433,24.08037425,50
107.5045791,24.08028442,50
110.8043606,24.08028442,50
107.443853,24.08001493,50
107.5082622,24.08001493,50
107.4995485,24.0799251,50
107.4946078,24.07983526,50
107.5029621,24.07983526,50
107.4452903,24.07974543,50
107.492362,24.07974543,50
107.5022435,24.0796556,50
110.8160387,24.0796556,50
107.4856246,24.07956577,50
107.497662,24.07956577,50
110.8037318,24.07947594,50
107.4845466,24.07929628,50
107.4979315,24.07920644,50
107.4848161,24.07911661,50
107.4940688,24.07902678,50
107.5071842,24.07866745,50
107.4971231,24.07830813,50
107.4464581,24.0782183,50
107.499279,24.0782183,50
107.4966739,24.07803863,50
107.4996383,24.07785897,50
107.4962247,24.07776914,50
107.5096096,24.07731998,50
107.5111368,24.07723015,50
108.3964265,24.07687082,50
109.6734715,24.07687082,50
107.5143707,24.07642167,50
107.5139215,24.07561318,50
106.3752171,24.07471487,50
107.5150894,24.07417588,50
107.5151792,24.07417588,50
107.5146402,24.07363689,50
107.5191318,24.07345723,50
107.515808,24.07336739,50
110.8209794,24.07282841,50
109.6717647,24.07228942,50
107.5216471,24.07219958,50
107.522186,24.07201992,50
107.5212877,24.07193009,50
109.6705071,24.07148093,50
109.9345219,24.0713911,50
109.6709562,24.07094194,50
109.6687104,24.06977413,50
107.5242522,24.06914531,50
109.6705071,24.06887582,50
107.5242522,24.06842666,50
107.5239827,24.0679775,50
107.539793,24.06761818,50
110.8241235,24.06761818,50
107.5235335,24.06707919,50
108.3930129,24.06707919,50
108.3930129,24.06689952,50
107.5411405,24.06636053,50
108.3936417,24.06609104,50
107.5228149,24.06582155,50
107.5356608,24.06474357,50
106.373151,24.06465374,50
109.6686206,24.06447407,50
107.5437456,24.06420458,50
109.6701477,24.06375542,50
106.3620119,24.06357576,50
109.6683511,24.06357576,50
106.3356014,24.06330626,50
107.5222759,24.0631266,50
106.3684797,24.06294694,50
107.5226352,24.06132997,50
107.5165267,24.06016216,50
107.5193114,24.05980283,50
107.5162572,24.059713,50
108.3924739,24.05863502,50
108.3938214,24.05782654,50
107.5146402,24.05773671,50
108.3940909,24.05773671,50
108.4067571,24.05719772,50
108.3959773,24.05710789,50
106.3432371,24.05638924,50
109.6711359,24.0562994,50
107.5137419,24.05576041,50
108.3963367,24.05567058,50
108.4003791,24.05540109,50
108.4071164,24.05540109,50
106.3483575,24.05531126,50
106.3522202,24.05504176,50
108.3994808,24.05504176,50
106.3440456,24.05450277,50
108.412147,24.05441294,50
109.6705071,24.05324513,50
107.5074537,24.05306547,50
107.5073638,24.051718,50
107.5109571,24.05117901,50
106.3587779,24.05108918,50
111.7661868,24.05108918,50
106.364617,24.05090951,50
106.3647068,24.05081968,50
109.6709562,24.05081968,50
107.500896,24.05010103,50
107.5042197,24.0497417,50
107.5060164,24.04956204,50
106.3629102,24.04947221,50
107.507813,24.04938238,50
107.5037706,24.04893322,50
107.5104181,24.04893322,50
110.8344542,24.04875356,50
106.3579694,24.04866372,50
109.671046,24.04866372,50
111.7524426,24.0483044,50
107.5127537,24.0480349,50
108.4125962,24.04794507,50
107.508352,24.04785524,50
111.7727445,24.04722642,50
111.7506459,24.0463281,50
108.4170877,24.04435181,50
109.672663,24.04309417,50
109.6728427,24.04273484,50
109.675358,24.0380636,50
108.4177166,24.03788394,50
108.4213098,24.03536866,50
108.4230166,24.03536866,50
108.4178962,24.03518899,50
108.4184352,24.03518899,50
108.4170877,24.03509916,50
108.4261607,24.03473984,50
106.3691086,24.03465001,50
108.4116978,24.03438051,50
108.4125063,24.03438051,50
108.4069368,24.03429068,50
108.4102605,24.03402118,50
108.4260709,24.03402118,50
108.435054,24.03393135,50
108.4061283,24.03375169,50
108.4111589,24.03375169,50
106.3674018,24.03357203,50
108.4378388,24.0334822,50
108.4054096,24.03312287,50
108.403613,24.03285337,50
106.3739595,24.03267371,50
108.4072063,24.03267371,50
108.4067571,24.03258388,50
108.4408931,24.03222455,50
109.6763461,24.03204489,50
108.4010079,24.03186523,50
108.4409829,24.03186523,50
109.6777834,24.0315059,50
109.6776936,24.03123641,50
106.3691086,24.03105674,50
109.6767953,24.03105674,50
108.3978638,24.03069742,50
108.3974146,24.03024826,50
109.6787716,24.02943978,50
108.3953485,24.02890079,50
109.8779281,24.02854146,50
106.3839308,24.02791264,50
108.3946299,24.02782281,50
108.446283,24.02755331,50
108.396157,24.02728382,50
108.3959773,24.02710416,50
108.4461033,24.02710416,50
109.6775139,24.02683466,50
108.4487084,24.02602618,50
108.4486186,24.02593635,50
108.4485288,24.02557702,50
109.6775139,24.02512786,50
109.6805682,24.02503803,50
108.3896891,24.02431938,50
108.3873535,24.02404989,50
108.3900484,24.02404989,50
108.3886111,24.02360073,50
108.4726935,24.02315157,50
108.3904976,24.02279224,50
109.6824546,24.02270241,50
108.387623,24.0218041,50
108.4727833,24.02144477,50
108.4655069,24.02090578,50
106.6454303,24.02000747,50
106.2014829,24.01955831,50
106.4010886,24.01928881,50
106.6470473,24.01865999,50
106.5733854,24.01857016,50
106.5738346,24.0183905,50
106.6462388,24.01830067,50
106.5733854,24.01794134,50
108.4481694,24.01776168,50
106.2066931,24.01767185,50
106.396597,24.01749218,50
106.5744634,24.01740235,50
108.4587696,24.01740235,50
106.5738346,24.01722269,50
109.6838021,24.01695319,50
106.6448913,24.01641421,50
108.4559848,24.01641421,50
106.5780567,24.01596505,50
106.5749126,24.01551589,50
108.462273,24.01551589,50
108.4611052,24.01542606,50
106.5999756,24.01506673,50
106.3994716,24.01488707,50
106.5749126,24.01488707,50
106.5995264,24.01488707,50
106.573116,24.01479724,50
106.5765295,24.01452774,50
106.3996513,24.01443791,50
106.5776974,24.01443791,50
106.5814703,24.01425825,50
109.6845208,24.01425825,50
110.851073,24.01416842,50
109.6829038,24.01398875,50
108.3681296,24.01371926,50
106.609857,24.0135396,50
108.4578712,24.0135396,50
108.4576916,24.0132701,50
108.4541882,24.01318027,50
108.4509542,24.01309044,50
108.4514932,24.01309044,50
106.6175826,24.01300061,50
109.6829936,24.01210229,50
106.5764397,24.01120398,50
106.5985383,24.01111414,50
109.6829936,24.01111414,50
109.6835326,24.01111414,50
109.6838021,24.01093448,50
106.5777872,24.01075482,50
106.6099469,24.01075482,50
106.5978196,24.01066499,50
109.6830835,24.01039549,50
109.6835326,24.00994634,50
109.6820953,24.00940735,50
106.6085994,24.00922768,50
106.6084197,24.00913785,50
106.6538745,24.00904802,50
109.6818258,24.00895819,50
106.5798533,24.00877853,50
106.6200978,24.00850903,50
106.3846494,24.0084192,50
106.3839308,24.00832937,50
106.6094079,24.0081497,50
108.488414,24.00805987,50
106.6074316,24.00797004,50
106.3946207,24.00788021,50
106.6550423,24.00788021,50
106.6178521,24.00779038,50
106.6185707,24.00779038,50
106.6571983,24.00752088,50
106.660522,24.00743105,50
106.6198283,24.00689206,50
106.6613305,24.00680223,50
106.6070723,24.0067124,50
106.5823686,24.00644291,50
106.5815601,24.00635307,50
109.6800292,24.00635307,50
109.6772444,24.00626324,50
106.5848839,24.00617341,50
106.6174029,24.00599375,50
106.6185707,24.00599375,50
106.6540542,24.00590392,50
106.6604322,24.00554459,50
106.5835364,24.0052751,50
106.6176724,24.0052751,50
106.6156063,24.00482594,50
106.5832669,24.00464627,50
106.585872,24.00455644,50
106.4133057,24.00446661,50
106.6058146,24.00437678,50
107.5247013,24.00437678,50
109.6744596,24.00437678,50
109.6767054,24.00428695,50
106.6067129,24.00419712,50
106.3972258,24.00410729,50
106.5912619,24.00401745,50
106.6603424,24.00401745,50
106.5927891,24.00365813,50
106.398753,24.0035683,50
106.6603424,24.00347847,50
106.663217,24.00347847,50
106.6639356,24.00347847,50
106.587489,24.00338863,50
106.5868602,24.0032988,50
106.620008,24.0032988,50
106.6323149,24.00302931,50
106.663217,24.00293948,50
109.6723037,24.00293948,50
106.6631271,24.00275981,50
106.6292607,24.00266998,50
109.673202,24.00231066,50
